{
"type": "FeatureCollection",
"name": "poleis_episemoi",
"crs": { "type": "name", "properties": { "name": "urn:ogc:def:crs:OGC:1.3:CRS84" } },
"features": [
{ "type": "Feature", "properties": { "a_name": "Aspabota*", "id": "6.14.02.08", "m_name": "", "a_category": "413", "the_breite": "44°", "the_laenge": "102°", "category": "41c", "id_map": "AS07", "laenge_x": "", "breite_x": "", "the_easting": "102", "the_northing": "44", "easting_x": "", "northing_x": "", "delta_easting": "-102", "delta_northing": "-44", "unique_id": 9922, "cat": "polis episemos, an Küste", "the_breite_min": "", "the_laenge_min": "", "breite_x_min": "", "laenge_x_min": "", "section": "6.14.02", "chapter": "6.14", "place": "08", "settlement": true, "river": null, "coastal": true, "physical": null, "point_cat": "boundary", "spat_seq2": 6331, "spat_seq3": 5874, "spat_seq_the": 5903, "spat_seq_x": null, "tribe": null, "pleiades": null, "serial": 2396, "klima": 14 }, "geometry": { "type": "Point", "coordinates": [ 102.0, 44.0 ] } },
{ "type": "Feature", "properties": { "a_name": "Armauria*", "id": "5.13.12.08", "m_name": "Armavir", "a_category": "412", "the_breite": "42° 45'", "the_laenge": "76° 40'", "category": "41b", "id_map": "AS03", "laenge_x": "", "breite_x": "", "the_easting": "76.6666666666667", "the_northing": "42.75", "easting_x": "", "northing_x": "", "delta_easting": "-76.6666666666667", "delta_northing": "-42.75", "unique_id": 7809, "cat": "polis episemos, am Fluss", "the_breite_min": "45", "the_laenge_min": "40", "breite_x_min": "", "laenge_x_min": "", "section": "5.13.12", "chapter": "5.13", "place": "08", "settlement": true, "river": true, "coastal": null, "physical": null, "point_cat": "settlement", "spat_seq2": 5131, "spat_seq3": null, "spat_seq_the": 4705, "spat_seq_x": null, "tribe": null, "pleiades": null, "serial": 1335, "klima": null }, "geometry": { "type": "Point", "coordinates": [ 76.6666666666667, 42.75 ] } },
{ "type": "Feature", "properties": { "a_name": "Kattigara*", "id": "7.03.03.07", "m_name": "bei Hanoi", "a_category": "413", "the_breite": "8° 30' S", "the_laenge": "177°", "category": "41c", "id_map": "AS11", "laenge_x": "", "breite_x": "", "the_easting": "177", "the_northing": "-8.5", "easting_x": "", "northing_x": "", "delta_easting": "-177", "delta_northing": "8.5", "unique_id": 11407, "cat": "polis episemos, an Küste", "the_breite_min": "30", "the_laenge_min": "", "breite_x_min": "", "laenge_x_min": "", "section": "7.03.03", "chapter": "7.03", "place": "07", "settlement": true, "river": null, "coastal": true, "physical": null, "point_cat": "boundary", "spat_seq2": 7083, "spat_seq3": 6626, "spat_seq_the": 6655, "spat_seq_x": null, "tribe": null, "pleiades": null, "serial": 7059, "klima": -2 }, "geometry": { "type": "Point", "coordinates": [ 177.0, -8.5 ] } },
{ "type": "Feature", "properties": { "a_name": "Kattigara*", "id": "7.03.03.07", "m_name": "bei Hanoi", "a_category": "453", "the_breite": "8° 30' S", "the_laenge": "177°", "category": "45c", "id_map": "AS11", "laenge_x": "", "breite_x": "", "the_easting": "177", "the_northing": "-8.5", "easting_x": "", "northing_x": "", "delta_easting": "-177", "delta_northing": "8.5", "unique_id": 11408, "cat": "Handelsplatz, an Küste", "the_breite_min": "30", "the_laenge_min": "", "breite_x_min": "", "laenge_x_min": "", "section": "7.03.03", "chapter": "7.03", "place": "07", "settlement": true, "river": null, "coastal": true, "physical": null, "point_cat": "boundary", "spat_seq2": 7084, "spat_seq3": 6627, "spat_seq_the": 6656, "spat_seq_x": null, "tribe": null, "pleiades": null, "serial": 7060, "klima": -2 }, "geometry": { "type": "Point", "coordinates": [ 177.0, -8.5 ] } },
{ "type": "Feature", "properties": { "a_name": "Takola*", "id": "7.02.05.02", "m_name": "", "a_category": "413", "the_breite": "4° 15'", "the_laenge": "160°", "category": "41c", "id_map": "AS11", "laenge_x": "", "breite_x": "", "the_easting": "160", "the_northing": "4.25", "easting_x": "", "northing_x": "", "delta_easting": "-160", "delta_northing": "-4.25", "unique_id": 11160, "cat": "polis episemos, an Küste", "the_breite_min": "15", "the_laenge_min": "", "breite_x_min": "", "laenge_x_min": "", "section": "7.02.05", "chapter": "7.02", "place": "02", "settlement": true, "river": null, "coastal": true, "physical": null, "point_cat": "boundary", "spat_seq2": 6958, "spat_seq3": 6501, "spat_seq_the": 6530, "spat_seq_x": null, "tribe": null, "pleiades": null, "serial": 6938, "klima": 1 }, "geometry": { "type": "Point", "coordinates": [ 160.0, 4.25 ] } },
{ "type": "Feature", "properties": { "a_name": "Takola*", "id": "7.02.05.02", "m_name": "", "a_category": "453", "the_breite": "4° 15'", "the_laenge": "160°", "category": "45c", "id_map": "AS11", "laenge_x": "", "breite_x": "", "the_easting": "160", "the_northing": "4.25", "easting_x": "", "northing_x": "", "delta_easting": "-160", "delta_northing": "-4.25", "unique_id": 11161, "cat": "Handelsplatz, an Küste", "the_breite_min": "15", "the_laenge_min": "", "breite_x_min": "", "laenge_x_min": "", "section": "7.02.05", "chapter": "7.02", "place": "02", "settlement": true, "river": null, "coastal": true, "physical": null, "point_cat": "boundary", "spat_seq2": 6959, "spat_seq3": 6502, "spat_seq_the": 6531, "spat_seq_x": null, "tribe": null, "pleiades": null, "serial": 6939, "klima": 1 }, "geometry": { "type": "Point", "coordinates": [ 160.0, 4.25 ] } },
{ "type": "Feature", "properties": { "a_name": "Maagrammon*", "id": "7.04.10.02", "m_name": "Tissamaharama", "a_category": "414", "the_breite": "7° 20'", "the_laenge": "127°", "category": "41d", "id_map": "AS12", "laenge_x": "", "breite_x": "", "the_easting": "127", "the_northing": "7.33333333333333", "easting_x": "", "northing_x": "", "delta_easting": "-127", "delta_northing": "-7.33333333333333", "unique_id": 11522, "cat": "polis episemos, im Binnenland", "the_breite_min": "20", "the_laenge_min": "", "breite_x_min": "", "laenge_x_min": "", "section": "7.04.10", "chapter": "7.04", "place": "02", "settlement": true, "river": null, "coastal": null, "physical": null, "point_cat": "settlement", "spat_seq2": 7134, "spat_seq3": 6677, "spat_seq_the": 6706, "spat_seq_x": null, "tribe": null, "pleiades": null, "serial": 7115, "klima": 2 }, "geometry": { "type": "Point", "coordinates": [ 127.0, 7.33333333333333 ] } },
{ "type": "Feature", "properties": { "a_name": "Zabai*", "id": "7.02.06.07", "m_name": "", "a_category": "413", "the_breite": "4° 45'", "the_laenge": "168° 20'", "category": "41c", "id_map": "AS11", "laenge_x": "", "breite_x": "", "the_easting": "168.333333333333", "the_northing": "4.75", "easting_x": "", "northing_x": "", "delta_easting": "-168.333333333333", "delta_northing": "-4.75", "unique_id": 11183, "cat": "polis episemos, an Küste", "the_breite_min": "45", "the_laenge_min": "20", "breite_x_min": "", "laenge_x_min": "", "section": "7.02.06", "chapter": "7.02", "place": "07", "settlement": true, "river": null, "coastal": true, "physical": null, "point_cat": "boundary", "spat_seq2": 6974, "spat_seq3": 6517, "spat_seq_the": 6546, "spat_seq_x": null, "tribe": null, "pleiades": null, "serial": 6954, "klima": 2 }, "geometry": { "type": "Point", "coordinates": [ 168.333333333333002, 4.75 ] } },
{ "type": "Feature", "properties": { "a_name": "Kane*", "id": "6.07.10.07", "m_name": "", "a_category": "413", "the_breite": "12° 30'", "the_laenge": "84°", "category": "41c", "id_map": "AS06", "laenge_x": "", "breite_x": "", "the_easting": "84", "the_northing": "12.5", "easting_x": "", "northing_x": "", "delta_easting": "-84", "delta_northing": "-12.5", "unique_id": 9164, "cat": "polis episemos, an Küste", "the_breite_min": "30", "the_laenge_min": "", "breite_x_min": "", "laenge_x_min": "", "section": "6.07.10", "chapter": "6.07", "place": "07", "settlement": true, "river": null, "coastal": true, "physical": null, "point_cat": "boundary", "spat_seq2": 5962, "spat_seq3": 5505, "spat_seq_the": 5534, "spat_seq_x": null, "tribe": null, "pleiades": null, "serial": 6750, "klima": 3 }, "geometry": { "type": "Point", "coordinates": [ 84.0, 12.5 ] } },
{ "type": "Feature", "properties": { "a_name": "Aromata*", "id": "4.07.10.09", "m_name": "Kap Guardafui", "a_category": "330", "the_breite": "6°", "the_laenge": "83°", "category": "33", "id_map": "AF04", "laenge_x": "83°", "breite_x": "6°", "the_easting": "83", "the_northing": "6", "easting_x": "83", "northing_x": "6", "delta_easting": "0", "delta_northing": "0", "unique_id": 6137, "cat": "Küstenpunkt, Kap, Bucht, grosse Insel", "the_breite_min": "", "the_laenge_min": "", "breite_x_min": "", "laenge_x_min": "", "section": "4.07.10", "chapter": "4.07", "place": "09", "settlement": null, "river": null, "coastal": true, "physical": null, "point_cat": "boundary", "spat_seq2": 4029, "spat_seq3": 3659, "spat_seq_the": 3687, "spat_seq_x": 3659, "tribe": null, "pleiades": null, "serial": 5736, "klima": 2 }, "geometry": { "type": "Point", "coordinates": [ 83.0, 6.0 ] } },
{ "type": "Feature", "properties": { "a_name": "Aromata*", "id": "4.07.10.09", "m_name": "Kap Guardafui", "a_category": "413", "the_breite": "6°", "the_laenge": "83°", "category": "41c", "id_map": "AF04", "laenge_x": "83°", "breite_x": "6°", "the_easting": "83", "the_northing": "6", "easting_x": "83", "northing_x": "6", "delta_easting": "0", "delta_northing": "0", "unique_id": 6138, "cat": "polis episemos, an Küste", "the_breite_min": "", "the_laenge_min": "", "breite_x_min": "", "laenge_x_min": "", "section": "4.07.10", "chapter": "4.07", "place": "09", "settlement": true, "river": null, "coastal": true, "physical": null, "point_cat": "boundary", "spat_seq2": 4030, "spat_seq3": 3660, "spat_seq_the": 3688, "spat_seq_x": 3660, "tribe": null, "pleiades": null, "serial": 5737, "klima": 2 }, "geometry": { "type": "Point", "coordinates": [ 83.0, 6.0 ] } },
{ "type": "Feature", "properties": { "a_name": "Aromata*", "id": "4.07.10.09", "m_name": "Kap Guardafui", "a_category": "453", "the_breite": "6°", "the_laenge": "83°", "category": "45c", "id_map": "AF04", "laenge_x": "83°", "breite_x": "6°", "the_easting": "83", "the_northing": "6", "easting_x": "83", "northing_x": "6", "delta_easting": "0", "delta_northing": "0", "unique_id": 6139, "cat": "Handelsplatz, an Küste", "the_breite_min": "", "the_laenge_min": "", "breite_x_min": "", "laenge_x_min": "", "section": "4.07.10", "chapter": "4.07", "place": "09", "settlement": true, "river": null, "coastal": true, "physical": null, "point_cat": "boundary", "spat_seq2": 4031, "spat_seq3": 3661, "spat_seq_the": 3689, "spat_seq_x": 3661, "tribe": null, "pleiades": null, "serial": 5738, "klima": 2 }, "geometry": { "type": "Point", "coordinates": [ 83.0, 6.0 ] } },
{ "type": "Feature", "properties": { "a_name": "Arabia*", "id": "6.07.09.06", "m_name": "Aden", "a_category": "413", "the_breite": "11° 30'", "the_laenge": "80°", "category": "41c", "id_map": "AS06", "laenge_x": "", "breite_x": "", "the_easting": "80", "the_northing": "11.5", "easting_x": "", "northing_x": "", "delta_easting": "-80", "delta_northing": "-11.5", "unique_id": 9147, "cat": "polis episemos, an Küste", "the_breite_min": "30", "the_laenge_min": "", "breite_x_min": "", "laenge_x_min": "", "section": "6.07.09", "chapter": "6.07", "place": "06", "settlement": true, "river": null, "coastal": true, "physical": null, "point_cat": "boundary", "spat_seq2": 5952, "spat_seq3": 5495, "spat_seq_the": 5524, "spat_seq_x": null, "tribe": null, "pleiades": null, "serial": 2034, "klima": 3 }, "geometry": { "type": "Point", "coordinates": [ 80.0, 11.5 ] } },
{ "type": "Feature", "properties": { "a_name": "Arabia*", "id": "6.07.09.06", "m_name": "Aden", "a_category": "453", "the_breite": "11° 30'", "the_laenge": "80°", "category": "45c", "id_map": "AS06", "laenge_x": "", "breite_x": "", "the_easting": "80", "the_northing": "11.5", "easting_x": "", "northing_x": "", "delta_easting": "-80", "delta_northing": "-11.5", "unique_id": 9148, "cat": "Handelsplatz, an Küste", "the_breite_min": "30", "the_laenge_min": "", "breite_x_min": "", "laenge_x_min": "", "section": "6.07.09", "chapter": "6.07", "place": "06", "settlement": true, "river": null, "coastal": true, "physical": null, "point_cat": "boundary", "spat_seq2": 5953, "spat_seq3": 5496, "spat_seq_the": 5525, "spat_seq_x": null, "tribe": null, "pleiades": null, "serial": 2036, "klima": 3 }, "geometry": { "type": "Point", "coordinates": [ 80.0, 11.5 ] } },
{ "type": "Feature", "properties": { "a_name": "Marëura*", "id": "7.02.24.06", "m_name": "", "a_category": "414", "the_breite": "12° 30'", "the_laenge": "158°", "category": "41d", "id_map": "AS11", "laenge_x": "", "breite_x": "", "the_easting": "158", "the_northing": "12.5", "easting_x": "", "northing_x": "", "delta_easting": "-158", "delta_northing": "-12.5", "unique_id": 11345, "cat": "polis episemos, im Binnenland", "the_breite_min": "30", "the_laenge_min": "", "breite_x_min": "", "laenge_x_min": "", "section": "7.02.24", "chapter": "7.02", "place": "06", "settlement": true, "river": null, "coastal": null, "physical": null, "point_cat": "settlement", "spat_seq2": 7052, "spat_seq3": 6595, "spat_seq_the": 6624, "spat_seq_x": null, "tribe": null, "pleiades": null, "serial": 7028, "klima": 3 }, "geometry": { "type": "Point", "coordinates": [ 158.0, 12.5 ] } },
{ "type": "Feature", "properties": { "a_name": "Nagadiba*", "id": "7.04.07.01", "m_name": "", "a_category": "413", "the_breite": "8° 30'", "the_laenge": "129°", "category": "41c", "id_map": "AS12", "laenge_x": "", "breite_x": "", "the_easting": "129", "the_northing": "8.5", "easting_x": "", "northing_x": "", "delta_easting": "-129", "delta_northing": "-8.5", "unique_id": 11480, "cat": "polis episemos, an Küste", "the_breite_min": "30", "the_laenge_min": "", "breite_x_min": "", "laenge_x_min": "", "section": "7.04.07", "chapter": "7.04", "place": "01", "settlement": true, "river": null, "coastal": true, "physical": null, "point_cat": "boundary", "spat_seq2": 7125, "spat_seq3": 6668, "spat_seq_the": 6697, "spat_seq_x": null, "tribe": null, "pleiades": null, "serial": 7093, "klima": 3 }, "geometry": { "type": "Point", "coordinates": [ 129.0, 8.5 ] } },
{ "type": "Feature", "properties": { "a_name": "Pityndra*", "id": "7.01.93.06", "m_name": "", "a_category": "414", "the_breite": "12° 30'", "the_laenge": "135° 30'", "category": "41d", "id_map": "AS10", "laenge_x": "", "breite_x": "", "the_easting": "135.5", "the_northing": "12.5", "easting_x": "", "northing_x": "", "delta_easting": "-135.5", "delta_northing": "-12.5", "unique_id": 11107, "cat": "polis episemos, im Binnenland", "the_breite_min": "30", "the_laenge_min": "30", "breite_x_min": "", "laenge_x_min": "", "section": "7.01.93", "chapter": "7.01", "place": "06", "settlement": true, "river": null, "coastal": null, "physical": null, "point_cat": "settlement", "spat_seq2": 6932, "spat_seq3": 6475, "spat_seq_the": 6504, "spat_seq_x": null, "tribe": null, "pleiades": null, "serial": 6913, "klima": 3 }, "geometry": { "type": "Point", "coordinates": [ 135.5, 12.5 ] } },
{ "type": "Feature", "properties": { "a_name": "Stadt des Dioskorides*", "id": "6.07.45.04", "m_name": "", "a_category": "415", "the_breite": "9° 30'", "the_laenge": "86° 40'", "category": "41e", "id_map": "AS06", "laenge_x": "", "breite_x": "", "the_easting": "86.6666666666667", "the_northing": "9.5", "easting_x": "", "northing_x": "", "delta_easting": "-86.6666666666667", "delta_northing": "-9.5", "unique_id": 9510, "cat": "polis episemos, auf Insel", "the_breite_min": "30", "the_laenge_min": "40", "breite_x_min": "", "laenge_x_min": "", "section": "6.07.45", "chapter": "6.07", "place": "04", "settlement": true, "river": null, "coastal": null, "physical": true, "point_cat": "offshore", "spat_seq2": 6155, "spat_seq3": 5698, "spat_seq_the": 5727, "spat_seq_x": null, "tribe": null, "pleiades": null, "serial": 2227, "klima": 3 }, "geometry": { "type": "Point", "coordinates": [ 86.6666666666667, 9.5 ] } },
{ "type": "Feature", "properties": { "a_name": "Okelis*", "id": "6.07.07.09", "m_name": "", "a_category": "413", "the_breite": "12°", "the_laenge": "75°", "category": "41c", "id_map": "AS06", "laenge_x": "", "breite_x": "", "the_easting": "75", "the_northing": "12", "easting_x": "", "northing_x": "", "delta_easting": "-75", "delta_northing": "-12", "unique_id": 9131, "cat": "polis episemos, an Küste", "the_breite_min": "", "the_laenge_min": "", "breite_x_min": "", "laenge_x_min": "", "section": "6.07.07", "chapter": "6.07", "place": "09", "settlement": true, "river": null, "coastal": true, "physical": null, "point_cat": "boundary", "spat_seq2": 5942, "spat_seq3": 5485, "spat_seq_the": 5514, "spat_seq_x": null, "tribe": null, "pleiades": null, "serial": 2024, "klima": 3 }, "geometry": { "type": "Point", "coordinates": [ 75.0, 12.0 ] } },
{ "type": "Feature", "properties": { "a_name": "Okelis*", "id": "6.07.07.09", "m_name": "", "a_category": "453", "the_breite": "12°", "the_laenge": "75°", "category": "45c", "id_map": "AS06", "laenge_x": "", "breite_x": "", "the_easting": "75", "the_northing": "12", "easting_x": "", "northing_x": "", "delta_easting": "-75", "delta_northing": "-12", "unique_id": 9132, "cat": "Handelsplatz, an Küste", "the_breite_min": "", "the_laenge_min": "", "breite_x_min": "", "laenge_x_min": "", "section": "6.07.07", "chapter": "6.07", "place": "09", "settlement": true, "river": null, "coastal": true, "physical": null, "point_cat": "boundary", "spat_seq2": 5943, "spat_seq3": 5486, "spat_seq_the": 5515, "spat_seq_x": null, "tribe": null, "pleiades": null, "serial": 2025, "klima": 3 }, "geometry": { "type": "Point", "coordinates": [ 75.0, 12.0 ] } },
{ "type": "Feature", "properties": { "a_name": "Adulis*", "id": "4.07.08.04", "m_name": "Massawa", "a_category": "413", "the_breite": "11° 20'", "the_laenge": "67°", "category": "41c", "id_map": "AF04", "laenge_x": "67°", "breite_x": "11° 40'", "the_easting": "67", "the_northing": "11.3333333333333", "easting_x": "67", "northing_x": "11.6666666666667", "delta_easting": "0", "delta_northing": ".3333333333334", "unique_id": 6119, "cat": "polis episemos, an Küste", "the_breite_min": "20", "the_laenge_min": "", "breite_x_min": "40", "laenge_x_min": "", "section": "4.07.08", "chapter": "4.07", "place": "04", "settlement": true, "river": null, "coastal": true, "physical": null, "point_cat": "boundary", "spat_seq2": 4013, "spat_seq3": 3643, "spat_seq_the": 3671, "spat_seq_x": 3643, "tribe": null, "pleiades": null, "serial": 5721, "klima": 3 }, "geometry": { "type": "Point", "coordinates": [ 67.0, 11.6666666666667 ] } },
{ "type": "Feature", "properties": { "a_name": "Mosylon*", "id": "4.07.10.05", "m_name": "Ras Antarah", "a_category": "330", "the_breite": "9°", "the_laenge": "79°", "category": "33", "id_map": "AF04", "laenge_x": "79°", "breite_x": "9°", "the_easting": "79", "the_northing": "9", "easting_x": "79", "northing_x": "9", "delta_easting": "0", "delta_northing": "0", "unique_id": 6131, "cat": "Küstenpunkt, Kap, Bucht, grosse Insel", "the_breite_min": "", "the_laenge_min": "", "breite_x_min": "", "laenge_x_min": "", "section": "4.07.10", "chapter": "4.07", "place": "05", "settlement": null, "river": null, "coastal": true, "physical": null, "point_cat": "boundary", "spat_seq2": 4023, "spat_seq3": 3653, "spat_seq_the": 3681, "spat_seq_x": 3653, "tribe": null, "pleiades": null, "serial": 5731, "klima": 3 }, "geometry": { "type": "Point", "coordinates": [ 79.0, 9.0 ] } },
{ "type": "Feature", "properties": { "a_name": "Mosylon*", "id": "4.07.10.05", "m_name": "Ras Antarah", "a_category": "413", "the_breite": "9°", "the_laenge": "79°", "category": "41c", "id_map": "AF04", "laenge_x": "79°", "breite_x": "9°", "the_easting": "79", "the_northing": "9", "easting_x": "79", "northing_x": "9", "delta_easting": "0", "delta_northing": "0", "unique_id": 6132, "cat": "polis episemos, an Küste", "the_breite_min": "", "the_laenge_min": "", "breite_x_min": "", "laenge_x_min": "", "section": "4.07.10", "chapter": "4.07", "place": "05", "settlement": true, "river": null, "coastal": true, "physical": null, "point_cat": "boundary", "spat_seq2": 4024, "spat_seq3": 3654, "spat_seq_the": 3682, "spat_seq_x": 3654, "tribe": null, "pleiades": null, "serial": 5732, "klima": 3 }, "geometry": { "type": "Point", "coordinates": [ 79.0, 9.0 ] } },
{ "type": "Feature", "properties": { "a_name": "Mosylon*", "id": "4.07.10.05", "m_name": "Ras Antarah", "a_category": "453", "the_breite": "9°", "the_laenge": "79°", "category": "45c", "id_map": "AF04", "laenge_x": "79°", "breite_x": "9°", "the_easting": "79", "the_northing": "9", "easting_x": "79", "northing_x": "9", "delta_easting": "0", "delta_northing": "0", "unique_id": 6133, "cat": "Handelsplatz, an Küste", "the_breite_min": "", "the_laenge_min": "", "breite_x_min": "", "laenge_x_min": "", "section": "4.07.10", "chapter": "4.07", "place": "05", "settlement": true, "river": null, "coastal": true, "physical": null, "point_cat": "boundary", "spat_seq2": 4025, "spat_seq3": 3655, "spat_seq_the": 3683, "spat_seq_x": 3655, "tribe": null, "pleiades": null, "serial": 5733, "klima": 3 }, "geometry": { "type": "Point", "coordinates": [ 79.0, 9.0 ] } },
{ "type": "Feature", "properties": { "a_name": "Kane*", "id": "6.07.10.07", "m_name": "", "a_category": "330", "the_breite": "12° 30'", "the_laenge": "84°", "category": "33", "id_map": "AS06", "laenge_x": "", "breite_x": "", "the_easting": "84", "the_northing": "12.5", "easting_x": "", "northing_x": "", "delta_easting": "-84", "delta_northing": "-12.5", "unique_id": 9163, "cat": "Küstenpunkt, Kap, Bucht, grosse Insel", "the_breite_min": "30", "the_laenge_min": "", "breite_x_min": "", "laenge_x_min": "", "section": "6.07.10", "chapter": "6.07", "place": "07", "settlement": null, "river": null, "coastal": true, "physical": null, "point_cat": "boundary", "spat_seq2": 5961, "spat_seq3": 5504, "spat_seq_the": 5533, "spat_seq_x": null, "tribe": null, "pleiades": null, "serial": 2035, "klima": 3 }, "geometry": { "type": "Point", "coordinates": [ 84.0, 12.5 ] } },
{ "type": "Feature", "properties": { "a_name": "Kane*", "id": "6.07.10.07", "m_name": "", "a_category": "453", "the_breite": "12° 30'", "the_laenge": "84°", "category": "45c", "id_map": "AS06", "laenge_x": "", "breite_x": "", "the_easting": "84", "the_northing": "12.5", "easting_x": "", "northing_x": "", "delta_easting": "-84", "delta_northing": "-12.5", "unique_id": 9165, "cat": "Handelsplatz, an Küste", "the_breite_min": "30", "the_laenge_min": "", "breite_x_min": "", "laenge_x_min": "", "section": "6.07.10", "chapter": "6.07", "place": "07", "settlement": true, "river": null, "coastal": true, "physical": null, "point_cat": "boundary", "spat_seq2": 5963, "spat_seq3": 5506, "spat_seq_the": 5535, "spat_seq_x": null, "tribe": null, "pleiades": null, "serial": 2064, "klima": 3 }, "geometry": { "type": "Point", "coordinates": [ 84.0, 12.5 ] } },
{ "type": "Feature", "properties": { "a_name": "Talakori*", "id": "7.04.07.07", "m_name": "", "a_category": "413", "the_breite": "11° 40'", "the_laenge": "126° 20'", "category": "41c", "id_map": "AS12", "laenge_x": "", "breite_x": "", "the_easting": "126.333333333333", "the_northing": "11.6666666666667", "easting_x": "", "northing_x": "", "delta_easting": "-126.333333333333", "delta_northing": "-11.6666666666667", "unique_id": 11488, "cat": "polis episemos, an Küste", "the_breite_min": "40", "the_laenge_min": "20", "breite_x_min": "", "laenge_x_min": "", "section": "7.04.07", "chapter": "7.04", "place": "07", "settlement": true, "river": null, "coastal": true, "physical": null, "point_cat": "boundary", "spat_seq2": 7131, "spat_seq3": 6674, "spat_seq_the": 6703, "spat_seq_x": null, "tribe": null, "pleiades": null, "serial": 7099, "klima": 3 }, "geometry": { "type": "Point", "coordinates": [ 126.333333333333002, 11.6666666666667 ] } },
{ "type": "Feature", "properties": { "a_name": "Talakori*", "id": "7.04.07.07", "m_name": "", "a_category": "453", "the_breite": "11° 40'", "the_laenge": "126° 20'", "category": "45c", "id_map": "AS12", "laenge_x": "", "breite_x": "", "the_easting": "126.333333333333", "the_northing": "11.6666666666667", "easting_x": "", "northing_x": "", "delta_easting": "-126.333333333333", "delta_northing": "-11.6666666666667", "unique_id": 11489, "cat": "Handelsplatz, an Küste", "the_breite_min": "40", "the_laenge_min": "20", "breite_x_min": "", "laenge_x_min": "", "section": "7.04.07", "chapter": "7.04", "place": "07", "settlement": true, "river": null, "coastal": true, "physical": null, "point_cat": "boundary", "spat_seq2": 7132, "spat_seq3": 6675, "spat_seq_the": 6704, "spat_seq_x": null, "tribe": null, "pleiades": null, "serial": 7100, "klima": 3 }, "geometry": { "type": "Point", "coordinates": [ 126.333333333333002, 11.6666666666667 ] } },
{ "type": "Feature", "properties": { "a_name": "Muza*", "id": "6.07.07.06", "m_name": "Mauza", "a_category": "413", "the_breite": "14°", "the_laenge": "74° 30'", "category": "41c", "id_map": "AS06", "laenge_x": "", "breite_x": "", "the_easting": "74.5", "the_northing": "14", "easting_x": "", "northing_x": "", "delta_easting": "-74.5", "delta_northing": "-14", "unique_id": 9126, "cat": "polis episemos, an Küste", "the_breite_min": "", "the_laenge_min": "30", "breite_x_min": "", "laenge_x_min": "", "section": "6.07.07", "chapter": "6.07", "place": "06", "settlement": true, "river": null, "coastal": true, "physical": null, "point_cat": "boundary", "spat_seq2": 5938, "spat_seq3": 5481, "spat_seq_the": 5510, "spat_seq_x": null, "tribe": null, "pleiades": null, "serial": 2020, "klima": 4 }, "geometry": { "type": "Point", "coordinates": [ 74.5, 14.0 ] } },
{ "type": "Feature", "properties": { "a_name": "Orthura*", "id": "7.01.91.05", "m_name": "Uraiyar", "a_category": "414", "the_breite": "16° 20'", "the_laenge": "130°", "category": "41d", "id_map": "AS10", "laenge_x": "", "breite_x": "", "the_easting": "130", "the_northing": "16.3333333333333", "easting_x": "", "northing_x": "", "delta_easting": "-130", "delta_northing": "-16.3333333333333", "unique_id": 11082, "cat": "polis episemos, im Binnenland", "the_breite_min": "20", "the_laenge_min": "", "breite_x_min": "", "laenge_x_min": "", "section": "7.01.91", "chapter": "7.01", "place": "05", "settlement": true, "river": null, "coastal": null, "physical": null, "point_cat": "settlement", "spat_seq2": 6913, "spat_seq3": 6456, "spat_seq_the": 6485, "spat_seq_x": null, "tribe": null, "pleiades": null, "serial": 6902, "klima": 4 }, "geometry": { "type": "Point", "coordinates": [ 130.0, 16.3333333333333 ] } },
{ "type": "Feature", "properties": { "a_name": "Sinai*", "id": "7.03.06.01", "m_name": "", "a_category": "414", "the_breite": "13°", "the_laenge": "180°", "category": "41d", "id_map": "AS11", "laenge_x": "", "breite_x": "", "the_easting": "180", "the_northing": "13", "easting_x": "", "northing_x": "", "delta_easting": "-180", "delta_northing": "-13", "unique_id": 11423, "cat": "polis episemos, im Binnenland", "the_breite_min": "", "the_laenge_min": "", "breite_x_min": "", "laenge_x_min": "", "section": "7.03.06", "chapter": "7.03", "place": "01", "settlement": true, "river": null, "coastal": null, "physical": null, "point_cat": "settlement", "spat_seq2": 7089, "spat_seq3": 6632, "spat_seq_the": 6661, "spat_seq_x": null, "tribe": null, "pleiades": null, "serial": 7065, "klima": 4 }, "geometry": { "type": "Point", "coordinates": [ 180.0, 13.0 ] } },
{ "type": "Feature", "properties": { "a_name": "Sapphara*", "id": "6.07.41.03", "m_name": "Zafar", "a_category": "414", "the_breite": "14° 30'", "the_laenge": "78°", "category": "41d", "id_map": "AS06", "laenge_x": "", "breite_x": "", "the_easting": "78", "the_northing": "14.5", "easting_x": "", "northing_x": "", "delta_easting": "-78", "delta_northing": "-14.5", "unique_id": 9466, "cat": "polis episemos, im Binnenland", "the_breite_min": "30", "the_laenge_min": "", "breite_x_min": "", "laenge_x_min": "", "section": "6.07.41", "chapter": "6.07", "place": "03", "settlement": true, "river": null, "coastal": null, "physical": null, "point_cat": "settlement", "spat_seq2": 6125, "spat_seq3": 5668, "spat_seq_the": 5697, "spat_seq_x": null, "tribe": null, "pleiades": null, "serial": 2196, "klima": 4 }, "geometry": { "type": "Point", "coordinates": [ 78.0, 14.5 ] } },
{ "type": "Feature", "properties": { "a_name": "Simylla*", "id": "7.01.06.06", "m_name": "Chaul", "a_category": "330", "the_breite": "14° 45'", "the_laenge": "110°", "category": "33", "id_map": "AS10", "laenge_x": "", "breite_x": "", "the_easting": "110", "the_northing": "14.75", "easting_x": "", "northing_x": "", "delta_easting": "-110", "delta_northing": "-14.75", "unique_id": 10476, "cat": "Küstenpunkt, Kap, Bucht, grosse Insel", "the_breite_min": "45", "the_laenge_min": "", "breite_x_min": "", "laenge_x_min": "", "section": "7.01.06", "chapter": "7.01", "place": "06", "settlement": null, "river": null, "coastal": true, "physical": null, "point_cat": "boundary", "spat_seq2": 6547, "spat_seq3": 6090, "spat_seq_the": 6119, "spat_seq_x": null, "tribe": null, "pleiades": null, "serial": 2579, "klima": 4 }, "geometry": { "type": "Point", "coordinates": [ 110.0, 14.75 ] } },
{ "type": "Feature", "properties": { "a_name": "Meroë*", "id": "4.07.21.01", "m_name": "Meroe", "a_category": "412", "the_breite": "16° 25'", "the_laenge": "61° 30'", "category": "41b", "id_map": "AF04", "laenge_x": "61° 30'", "breite_x": "16° 25'", "the_easting": "61.5", "the_northing": "16.4166666666667", "easting_x": "61.5", "northing_x": "16.4166666666667", "delta_easting": "0", "delta_northing": "0", "unique_id": 6199, "cat": "polis episemos, am Fluss", "the_breite_min": "25", "the_laenge_min": "30", "breite_x_min": "25", "laenge_x_min": "30", "section": "4.07.21", "chapter": "4.07", "place": "01", "settlement": true, "river": true, "coastal": null, "physical": null, "point_cat": "boundary", "spat_seq2": 4083, "spat_seq3": 3704, "spat_seq_the": 3732, "spat_seq_x": 3704, "tribe": null, "pleiades": null, "serial": 5783, "klima": 4 }, "geometry": { "type": "Point", "coordinates": [ 61.5, 16.4166666666667 ] } },
{ "type": "Feature", "properties": { "a_name": "Karura*", "id": "7.01.86.09", "m_name": "Tirukkarur", "a_category": "414", "the_breite": "16° 20'", "the_laenge": "119°", "category": "41d", "id_map": "AS10", "laenge_x": "", "breite_x": "", "the_easting": "119", "the_northing": "16.3333333333333", "easting_x": "", "northing_x": "", "delta_easting": "-119", "delta_northing": "-16.3333333333333", "unique_id": 11047, "cat": "polis episemos, im Binnenland", "the_breite_min": "20", "the_laenge_min": "", "breite_x_min": "", "laenge_x_min": "", "section": "7.01.86", "chapter": "7.01", "place": "09", "settlement": true, "river": null, "coastal": null, "physical": null, "point_cat": "settlement", "spat_seq2": 6890, "spat_seq3": 6433, "spat_seq_the": 6462, "spat_seq_x": null, "tribe": null, "pleiades": null, "serial": 6885, "klima": 4 }, "geometry": { "type": "Point", "coordinates": [ 119.0, 16.3333333333333 ] } },
{ "type": "Feature", "properties": { "a_name": "Simylla*", "id": "7.01.06.06", "m_name": "Chaul", "a_category": "453", "the_breite": "14° 45'", "the_laenge": "110°", "category": "45c", "id_map": "AS10", "laenge_x": "", "breite_x": "", "the_easting": "110", "the_northing": "14.75", "easting_x": "", "northing_x": "", "delta_easting": "-110", "delta_northing": "-14.75", "unique_id": 10478, "cat": "Handelsplatz, an Küste", "the_breite_min": "45", "the_laenge_min": "", "breite_x_min": "", "laenge_x_min": "", "section": "7.01.06", "chapter": "7.01", "place": "06", "settlement": true, "river": null, "coastal": true, "physical": null, "point_cat": "boundary", "spat_seq2": 6549, "spat_seq3": 6092, "spat_seq_the": 6121, "spat_seq_x": null, "tribe": null, "pleiades": null, "serial": 2581, "klima": 4 }, "geometry": { "type": "Point", "coordinates": [ 110.0, 14.75 ] } },
{ "type": "Feature", "properties": { "a_name": "Muziris*", "id": "7.01.08.05", "m_name": "Cranganur", "a_category": "413", "the_breite": "14°", "the_laenge": "117° ", "category": "41c", "id_map": "AS10", "laenge_x": "", "breite_x": "", "the_easting": "117", "the_northing": "14", "easting_x": "", "northing_x": "", "delta_easting": "-117", "delta_northing": "-14", "unique_id": 10493, "cat": "polis episemos, an Küste", "the_breite_min": "", "the_laenge_min": "", "breite_x_min": "", "laenge_x_min": "", "section": "7.01.08", "chapter": "7.01", "place": "05", "settlement": true, "river": null, "coastal": true, "physical": null, "point_cat": "boundary", "spat_seq2": 6561, "spat_seq3": 6104, "spat_seq_the": 6133, "spat_seq_x": null, "tribe": null, "pleiades": null, "serial": 2590, "klima": 4 }, "geometry": { "type": "Point", "coordinates": [ 117.0, 14.0 ] } },
{ "type": "Feature", "properties": { "a_name": "Muziris*", "id": "7.01.08.05", "m_name": "Cranganur", "a_category": "453", "the_breite": "14°", "the_laenge": "117° ", "category": "45c", "id_map": "AS10", "laenge_x": "", "breite_x": "", "the_easting": "117", "the_northing": "14", "easting_x": "", "northing_x": "", "delta_easting": "-117", "delta_northing": "-14", "unique_id": 10494, "cat": "Handelsplatz, an Küste", "the_breite_min": "", "the_laenge_min": "", "breite_x_min": "", "laenge_x_min": "", "section": "7.01.08", "chapter": "7.01", "place": "05", "settlement": true, "river": null, "coastal": true, "physical": null, "point_cat": "boundary", "spat_seq2": 6562, "spat_seq3": 6105, "spat_seq_the": 6134, "spat_seq_x": null, "tribe": null, "pleiades": null, "serial": 2591, "klima": 4 }, "geometry": { "type": "Point", "coordinates": [ 117.0, 14.0 ] } },
{ "type": "Feature", "properties": { "a_name": "Muza*", "id": "6.07.07.06", "m_name": "Mauza", "a_category": "453", "the_breite": "14°", "the_laenge": "74° 30'", "category": "45c", "id_map": "AS06", "laenge_x": "", "breite_x": "", "the_easting": "74.5", "the_northing": "14", "easting_x": "", "northing_x": "", "delta_easting": "-74.5", "delta_northing": "-14", "unique_id": 9127, "cat": "Handelsplatz, an Küste", "the_breite_min": "", "the_laenge_min": "30", "breite_x_min": "", "laenge_x_min": "", "section": "6.07.07", "chapter": "6.07", "place": "06", "settlement": true, "river": null, "coastal": true, "physical": null, "point_cat": "boundary", "spat_seq2": 5939, "spat_seq3": 5482, "spat_seq_the": 5511, "spat_seq_x": null, "tribe": null, "pleiades": null, "serial": 2021, "klima": 4 }, "geometry": { "type": "Point", "coordinates": [ 74.5, 14.0 ] } },
{ "type": "Feature", "properties": { "a_name": "Chaberis*", "id": "7.01.13.02", "m_name": "Tranquebar", "a_category": "413", "the_breite": "15° 45'", "the_laenge": "128° 20'", "category": "41c", "id_map": "AS10", "laenge_x": "", "breite_x": "", "the_easting": "128.333333333333", "the_northing": "15.75", "easting_x": "", "northing_x": "", "delta_easting": "-128.333333333333", "delta_northing": "-15.75", "unique_id": 10531, "cat": "polis episemos, an Küste", "the_breite_min": "45", "the_laenge_min": "20", "breite_x_min": "", "laenge_x_min": "", "section": "7.01.13", "chapter": "7.01", "place": "02", "settlement": true, "river": null, "coastal": true, "physical": null, "point_cat": "boundary", "spat_seq2": 6585, "spat_seq3": 6128, "spat_seq_the": 6157, "spat_seq_x": null, "tribe": null, "pleiades": null, "serial": 2609, "klima": 4 }, "geometry": { "type": "Point", "coordinates": [ 128.333333333333002, 15.75 ] } },
{ "type": "Feature", "properties": { "a_name": "Chaberis*", "id": "7.01.13.02", "m_name": "Tranquebar", "a_category": "453", "the_breite": "15° 45'", "the_laenge": "128° 20'", "category": "45c", "id_map": "AS10", "laenge_x": "", "breite_x": "", "the_easting": "128.333333333333", "the_northing": "15.75", "easting_x": "", "northing_x": "", "delta_easting": "-128.333333333333", "delta_northing": "-15.75", "unique_id": 10532, "cat": "Handelsplatz, an Küste", "the_breite_min": "45", "the_laenge_min": "20", "breite_x_min": "", "laenge_x_min": "", "section": "7.01.13", "chapter": "7.01", "place": "02", "settlement": true, "river": null, "coastal": true, "physical": null, "point_cat": "boundary", "spat_seq2": 6586, "spat_seq3": 6129, "spat_seq_the": 6158, "spat_seq_x": null, "tribe": null, "pleiades": null, "serial": 2610, "klima": 4 }, "geometry": { "type": "Point", "coordinates": [ 128.333333333333002, 15.75 ] } },
{ "type": "Feature", "properties": { "a_name": "Sabe*", "id": "6.07.42.01", "m_name": "", "a_category": "414", "the_breite": "13°", "the_laenge": "76°", "category": "41d", "id_map": "AS06", "laenge_x": "", "breite_x": "", "the_easting": "76", "the_northing": "13", "easting_x": "", "northing_x": "", "delta_easting": "-76", "delta_northing": "-13", "unique_id": 9481, "cat": "polis episemos, im Binnenland", "the_breite_min": "", "the_laenge_min": "", "breite_x_min": "", "laenge_x_min": "", "section": "6.07.42", "chapter": "6.07", "place": "01", "settlement": true, "river": null, "coastal": null, "physical": null, "point_cat": "settlement", "spat_seq2": 6134, "spat_seq3": 5677, "spat_seq_the": 5706, "spat_seq_x": null, "tribe": null, "pleiades": null, "serial": 2204, "klima": 4 }, "geometry": { "type": "Point", "coordinates": [ 76.0, 13.0 ] } },
{ "type": "Feature", "properties": { "a_name": "Simylla*", "id": "7.01.06.06", "m_name": "Chaul", "a_category": "413", "the_breite": "14° 45'", "the_laenge": "110°", "category": "41c", "id_map": "AS10", "laenge_x": "", "breite_x": "", "the_easting": "110", "the_northing": "14.75", "easting_x": "", "northing_x": "", "delta_easting": "-110", "delta_northing": "-14.75", "unique_id": 10477, "cat": "polis episemos, an Küste", "the_breite_min": "45", "the_laenge_min": "", "breite_x_min": "", "laenge_x_min": "", "section": "7.01.06", "chapter": "7.01", "place": "06", "settlement": true, "river": null, "coastal": true, "physical": null, "point_cat": "boundary", "spat_seq2": 6548, "spat_seq3": 6091, "spat_seq_the": 6120, "spat_seq_x": null, "tribe": null, "pleiades": null, "serial": 2580, "klima": 4 }, "geometry": { "type": "Point", "coordinates": [ 110.0, 14.75 ] } },
{ "type": "Feature", "properties": { "a_name": "Iarzeitha*", "id": "4.06.06.05", "m_name": "", "a_category": "413", "the_breite": "15° 30'", "the_laenge": "10°", "category": "41c", "id_map": "AF04", "laenge_x": "10°", "breite_x": "15° 30'", "the_easting": "10", "the_northing": "15.5", "easting_x": "10", "northing_x": "15.5", "delta_easting": "0", "delta_northing": "0", "unique_id": 5825, "cat": "polis episemos, an Küste", "the_breite_min": "30", "the_laenge_min": "", "breite_x_min": "30", "laenge_x_min": "", "section": "4.06.06", "chapter": "4.06", "place": "05", "settlement": true, "river": null, "coastal": true, "physical": null, "point_cat": "boundary", "spat_seq2": 3881, "spat_seq3": 3528, "spat_seq_the": 3554, "spat_seq_x": 3528, "tribe": null, "pleiades": null, "serial": 5607, "klima": 4 }, "geometry": { "type": "Point", "coordinates": [ 10.0, 15.5 ] } },
{ "type": "Feature", "properties": { "a_name": "Aspithra*", "id": "7.03.05.03", "m_name": "", "a_category": "414", "the_breite": "16° 15'", "the_laenge": "175° 30'", "category": "41d", "id_map": "AS11", "laenge_x": "", "breite_x": "", "the_easting": "175.5", "the_northing": "16.25", "easting_x": "", "northing_x": "", "delta_easting": "-175.5", "delta_northing": "-16.25", "unique_id": 11418, "cat": "polis episemos, im Binnenland", "the_breite_min": "15", "the_laenge_min": "30", "breite_x_min": "", "laenge_x_min": "", "section": "7.03.05", "chapter": "7.03", "place": "03", "settlement": true, "river": null, "coastal": null, "physical": null, "point_cat": "settlement", "spat_seq2": 7086, "spat_seq3": 6629, "spat_seq_the": 6658, "spat_seq_x": null, "tribe": null, "pleiades": null, "serial": 7062, "klima": 4 }, "geometry": { "type": "Point", "coordinates": [ 175.5, 16.25 ] } },
{ "type": "Feature", "properties": { "a_name": "Ptolemais Theron*", "id": "4.07.07.01", "m_name": "Marsa Aqiq", "a_category": "413", "the_breite": "16° 25'", "the_laenge": "66°", "category": "41c", "id_map": "AF04", "laenge_x": "66°", "breite_x": "16° 30'", "the_easting": "66", "the_northing": "16.4166666666667", "easting_x": "66", "northing_x": "16.5", "delta_easting": "0", "delta_northing": ".0833333333333", "unique_id": 6111, "cat": "polis episemos, an Küste", "the_breite_min": "25", "the_laenge_min": "", "breite_x_min": "30", "laenge_x_min": "", "section": "4.07.07", "chapter": "4.07", "place": "01", "settlement": true, "river": null, "coastal": true, "physical": null, "point_cat": "boundary", "spat_seq2": 4006, "spat_seq3": 3636, "spat_seq_the": 3664, "spat_seq_x": 3636, "tribe": null, "pleiades": null, "serial": 5714, "klima": 5 }, "geometry": { "type": "Point", "coordinates": [ 66.0, 16.5 ] } },
{ "type": "Feature", "properties": { "a_name": "Napata*", "id": "4.07.19.03", "m_name": "am Gebel Barkal", "a_category": "472", "the_breite": "20° 15'", "the_laenge": "63°", "category": "47b", "id_map": "AF04", "laenge_x": "63°", "breite_x": "20° 15'", "the_easting": "63", "the_northing": "20.25", "easting_x": "63", "northing_x": "20.25", "delta_easting": "0", "delta_northing": "0", "unique_id": 6191, "cat": "Dorf, kleiner Ort, am Fluss", "the_breite_min": "15", "the_laenge_min": "", "breite_x_min": "15", "laenge_x_min": "", "section": "4.07.19", "chapter": "4.07", "place": "03", "settlement": true, "river": true, "coastal": null, "physical": null, "point_cat": "boundary", "spat_seq2": 4078, "spat_seq3": 3699, "spat_seq_the": 3727, "spat_seq_x": 3699, "tribe": null, "pleiades": null, "serial": 5779, "klima": 5 }, "geometry": { "type": "Point", "coordinates": [ 63.0, 20.25 ] } },
{ "type": "Feature", "properties": { "a_name": "Baithana*", "id": "7.01.82.06", "m_name": "Paithan", "a_category": "414", "the_breite": "18° 10'", "the_laenge": "117°", "category": "41d", "id_map": "AS10", "laenge_x": "", "breite_x": "", "the_easting": "117", "the_northing": "18.1666666666667", "easting_x": "", "northing_x": "", "delta_easting": "-117", "delta_northing": "-18.1666666666667", "unique_id": 11008, "cat": "polis episemos, im Binnenland", "the_breite_min": "10", "the_laenge_min": "", "breite_x_min": "", "laenge_x_min": "", "section": "7.01.82", "chapter": "7.01", "place": "06", "settlement": true, "river": null, "coastal": null, "physical": null, "point_cat": "settlement", "spat_seq2": 6865, "spat_seq3": 6408, "spat_seq_the": 6437, "spat_seq_x": null, "tribe": null, "pleiades": null, "serial": 6867, "klima": 5 }, "geometry": { "type": "Point", "coordinates": [ 117.0, 18.1666666666667 ] } },
{ "type": "Feature", "properties": { "a_name": "Hippokura*", "id": "7.01.83.07", "m_name": "", "a_category": "414", "the_breite": "19° 10'", "the_laenge": "119° 45'", "category": "41d", "id_map": "AS10", "laenge_x": "", "breite_x": "", "the_easting": "119.75", "the_northing": "19.1666666666667", "easting_x": "", "northing_x": "", "delta_easting": "-119.75", "delta_northing": "-19.1666666666667", "unique_id": 11020, "cat": "polis episemos, im Binnenland", "the_breite_min": "10", "the_laenge_min": "45", "breite_x_min": "", "laenge_x_min": "", "section": "7.01.83", "chapter": "7.01", "place": "07", "settlement": true, "river": null, "coastal": null, "physical": null, "point_cat": "settlement", "spat_seq2": 6873, "spat_seq3": 6416, "spat_seq_the": 6445, "spat_seq_x": null, "tribe": null, "pleiades": null, "serial": 6874, "klima": 5 }, "geometry": { "type": "Point", "coordinates": [ 119.75, 19.1666666666667 ] } },
{ "type": "Feature", "properties": { "a_name": "Trilingon*", "id": "7.02.23.15", "m_name": "", "a_category": "414", "the_breite": "18°", "the_laenge": "154°", "category": "41d", "id_map": "AS11", "laenge_x": "", "breite_x": "", "the_easting": "154", "the_northing": "18", "easting_x": "", "northing_x": "", "delta_easting": "-154", "delta_northing": "-18", "unique_id": 11337, "cat": "polis episemos, im Binnenland", "the_breite_min": "", "the_laenge_min": "", "breite_x_min": "", "laenge_x_min": "", "section": "7.02.23", "chapter": "7.02", "place": "15", "settlement": true, "river": null, "coastal": null, "physical": null, "point_cat": "settlement", "spat_seq2": 7046, "spat_seq3": 6589, "spat_seq_the": 6618, "spat_seq_x": null, "tribe": null, "pleiades": null, "serial": 7022, "klima": 5 }, "geometry": { "type": "Point", "coordinates": [ 154.0, 18.0 ] } },
{ "type": "Feature", "properties": { "a_name": "Omanon*", "id": "6.07.36.05", "m_name": "", "a_category": "414", "the_breite": "19° 20'", "the_laenge": "77° 40'", "category": "41d", "id_map": "AS06", "laenge_x": "", "breite_x": "", "the_easting": "77.6666666666667", "the_northing": "19.3333333333333", "easting_x": "", "northing_x": "", "delta_easting": "-77.6666666666667", "delta_northing": "-19.3333333333333", "unique_id": 9431, "cat": "polis episemos, im Binnenland", "the_breite_min": "20", "the_laenge_min": "40", "breite_x_min": "", "laenge_x_min": "", "section": "6.07.36", "chapter": "6.07", "place": "05", "settlement": true, "river": null, "coastal": null, "physical": null, "point_cat": "settlement", "spat_seq2": 6099, "spat_seq3": 5642, "spat_seq_the": 5671, "spat_seq_x": null, "tribe": null, "pleiades": null, "serial": 2171, "klima": 5 }, "geometry": { "type": "Point", "coordinates": [ 77.6666666666667, 19.3333333333333 ] } },
{ "type": "Feature", "properties": { "a_name": "Omanon*", "id": "6.07.36.05", "m_name": "", "a_category": "454", "the_breite": "19° 20'", "the_laenge": "77° 40'", "category": "45d", "id_map": "AS06", "laenge_x": "", "breite_x": "", "the_easting": "77.6666666666667", "the_northing": "19.3333333333333", "easting_x": "", "northing_x": "", "delta_easting": "-77.6666666666667", "delta_northing": "-19.3333333333333", "unique_id": 9432, "cat": "Handelsplatz, im Binnenland", "the_breite_min": "20", "the_laenge_min": "40", "breite_x_min": "", "laenge_x_min": "", "section": "6.07.36", "chapter": "6.07", "place": "05", "settlement": true, "river": null, "coastal": null, "physical": null, "point_cat": "settlement", "spat_seq2": 6100, "spat_seq3": 5643, "spat_seq_the": 5672, "spat_seq_x": null, "tribe": null, "pleiades": null, "serial": 2172, "klima": 5 }, "geometry": { "type": "Point", "coordinates": [ 77.6666666666667, 19.3333333333333 ] } },
{ "type": "Feature", "properties": { "a_name": "Mara*", "id": "6.07.37.01", "m_name": "Marib", "a_category": "414", "the_breite": "18° 20'", "the_laenge": "76°", "category": "41d", "id_map": "AS06", "laenge_x": "", "breite_x": "", "the_easting": "76", "the_northing": "18.3333333333333", "easting_x": "", "northing_x": "", "delta_easting": "-76", "delta_northing": "-18.3333333333333", "unique_id": 9435, "cat": "polis episemos, im Binnenland", "the_breite_min": "20", "the_laenge_min": "", "breite_x_min": "", "laenge_x_min": "", "section": "6.07.37", "chapter": "6.07", "place": "01", "settlement": true, "river": null, "coastal": null, "physical": null, "point_cat": "settlement", "spat_seq2": 6102, "spat_seq3": 5645, "spat_seq_the": 5674, "spat_seq_x": null, "tribe": null, "pleiades": null, "serial": 2174, "klima": 5 }, "geometry": { "type": "Point", "coordinates": [ 76.0, 18.3333333333333 ] } },
{ "type": "Feature", "properties": { "a_name": "Insel des Sarapias*", "id": "6.07.46.04", "m_name": "", "a_category": "350", "the_breite": "17° 30'", "the_laenge": "94°", "category": "35", "id_map": "AS06", "laenge_x": "", "breite_x": "", "the_easting": "94", "the_northing": "17.5", "easting_x": "", "northing_x": "", "delta_easting": "-94", "delta_northing": "-17.5", "unique_id": 9516, "cat": "Inselpunkt", "the_breite_min": "30", "the_laenge_min": "", "breite_x_min": "", "laenge_x_min": "", "section": "6.07.46", "chapter": "6.07", "place": "04", "settlement": null, "river": null, "coastal": null, "physical": true, "point_cat": "offshore", "spat_seq2": 6160, "spat_seq3": 5703, "spat_seq_the": 5732, "spat_seq_x": null, "tribe": null, "pleiades": null, "serial": 2232, "klima": 5 }, "geometry": { "type": "Point", "coordinates": [ 94.0, 17.5 ] } },
{ "type": "Feature", "properties": { "a_name": "Geira*", "id": "4.06.31.02", "m_name": "", "a_category": "412", "the_breite": "18°", "the_laenge": "36°", "category": "41b", "id_map": "AF04", "laenge_x": "36°", "breite_x": "18°", "the_easting": "36", "the_northing": "18", "easting_x": "36", "northing_x": "18", "delta_easting": "0", "delta_northing": "0", "unique_id": 6057, "cat": "polis episemos, am Fluss", "the_breite_min": "", "the_laenge_min": "", "breite_x_min": "", "laenge_x_min": "", "section": "4.06.31", "chapter": "4.06", "place": "02", "settlement": true, "river": true, "coastal": null, "physical": null, "point_cat": "settlement", "spat_seq2": 3967, "spat_seq3": 3600, "spat_seq_the": 3628, "spat_seq_x": 3600, "tribe": null, "pleiades": null, "serial": 5677, "klima": 5 }, "geometry": { "type": "Point", "coordinates": [ 36.0, 18.0 ] } },
{ "type": "Feature", "properties": { "a_name": "Menambis*", "id": "6.07.38.04", "m_name": "", "a_category": "414", "the_breite": "16° 30'", "the_laenge": "75° 45'", "category": "41d", "id_map": "AS06", "laenge_x": "", "breite_x": "", "the_easting": "75.75", "the_northing": "16.5", "easting_x": "", "northing_x": "", "delta_easting": "-75.75", "delta_northing": "-16.5", "unique_id": 9449, "cat": "polis episemos, im Binnenland", "the_breite_min": "30", "the_laenge_min": "45", "breite_x_min": "", "laenge_x_min": "", "section": "6.07.38", "chapter": "6.07", "place": "04", "settlement": true, "river": null, "coastal": null, "physical": null, "point_cat": "settlement", "spat_seq2": 6113, "spat_seq3": 5656, "spat_seq_the": 5685, "spat_seq_x": null, "tribe": null, "pleiades": null, "serial": 2185, "klima": 5 }, "geometry": { "type": "Point", "coordinates": [ 75.75, 16.5 ] } },
{ "type": "Feature", "properties": { "a_name": "Napata*", "id": "4.07.19.03", "m_name": "am Gebel Barkal", "a_category": "412", "the_breite": "20° 15'", "the_laenge": "63°", "category": "41b", "id_map": "AF04", "laenge_x": "63°", "breite_x": "20° 15'", "the_easting": "63", "the_northing": "20.25", "easting_x": "63", "northing_x": "20.25", "delta_easting": "0", "delta_northing": "0", "unique_id": 6190, "cat": "polis episemos, am Fluss", "the_breite_min": "15", "the_laenge_min": "", "breite_x_min": "15", "laenge_x_min": "", "section": "4.07.19", "chapter": "4.07", "place": "03", "settlement": true, "river": true, "coastal": null, "physical": null, "point_cat": "boundary", "spat_seq2": 4077, "spat_seq3": 3698, "spat_seq_the": 3726, "spat_seq_x": 3698, "tribe": null, "pleiades": null, "serial": 5778, "klima": 5 }, "geometry": { "type": "Point", "coordinates": [ 63.0, 20.25 ] } },
{ "type": "Feature", "properties": { "a_name": "Karminna*", "id": "6.08.16.03", "m_name": "", "a_category": "350", "the_breite": "18°", "the_laenge": "102°", "category": "35", "id_map": "AS06", "laenge_x": "", "breite_x": "", "the_easting": "102", "the_northing": "18", "easting_x": "", "northing_x": "", "delta_easting": "-102", "delta_northing": "-18", "unique_id": 9626, "cat": "Inselpunkt", "the_breite_min": "", "the_laenge_min": "", "breite_x_min": "", "laenge_x_min": "", "section": "6.08.16", "chapter": "6.08", "place": "03", "settlement": null, "river": null, "coastal": null, "physical": true, "point_cat": "offshore", "spat_seq2": 6214, "spat_seq3": 5757, "spat_seq_the": 5786, "spat_seq_x": null, "tribe": null, "pleiades": null, "serial": 2288, "klima": 5 }, "geometry": { "type": "Point", "coordinates": [ 102.0, 18.0 ] } },
{ "type": "Feature", "properties": { "a_name": "Insel des Sarapias*", "id": "6.07.46.04", "m_name": "", "a_category": "485", "the_breite": "17° 30'", "the_laenge": "94°", "category": "48e", "id_map": "AS06", "laenge_x": "", "breite_x": "", "the_easting": "94", "the_northing": "17.5", "easting_x": "", "northing_x": "", "delta_easting": "-94", "delta_northing": "-17.5", "unique_id": 9517, "cat": "vereinzeltes Bauwerk (Hieron), auf Insel", "the_breite_min": "30", "the_laenge_min": "", "breite_x_min": "", "laenge_x_min": "", "section": "6.07.46", "chapter": "6.07", "place": "04", "settlement": true, "river": null, "coastal": null, "physical": true, "point_cat": "offshore", "spat_seq2": 6161, "spat_seq3": 5704, "spat_seq_the": 5733, "spat_seq_x": null, "tribe": null, "pleiades": null, "serial": 2233, "klima": 5 }, "geometry": { "type": "Point", "coordinates": [ 94.0, 17.5 ] } },
{ "type": "Feature", "properties": { "a_name": "Badeo*", "id": "6.07.06.02", "m_name": "", "a_category": "413", "the_breite": "20° 15'", "the_laenge": "70°", "category": "41c", "id_map": "AS06", "laenge_x": "", "breite_x": "", "the_easting": "70", "the_northing": "20.25", "easting_x": "", "northing_x": "", "delta_easting": "-70", "delta_northing": "-20.25", "unique_id": 9114, "cat": "polis episemos, an Küste", "the_breite_min": "15", "the_laenge_min": "", "breite_x_min": "", "laenge_x_min": "", "section": "6.07.06", "chapter": "6.07", "place": "02", "settlement": true, "river": null, "coastal": true, "physical": null, "point_cat": "boundary", "spat_seq2": 5930, "spat_seq3": 5473, "spat_seq_the": 5502, "spat_seq_x": null, "tribe": null, "pleiades": null, "serial": 2012, "klima": 5 }, "geometry": { "type": "Point", "coordinates": [ 70.0, 20.25 ] } },
{ "type": "Feature", "properties": { "a_name": "Barygaza*", "id": "7.01.62.04", "m_name": "Bharuch", "a_category": "414", "the_breite": "17° 20'", "the_laenge": "113° 15'", "category": "41d", "id_map": "AS10", "laenge_x": "", "breite_x": "", "the_easting": "113.25", "the_northing": "17.3333333333333", "easting_x": "", "northing_x": "", "delta_easting": "-113.25", "delta_northing": "-17.3333333333333", "unique_id": 10876, "cat": "polis episemos, im Binnenland", "the_breite_min": "20", "the_laenge_min": "15", "breite_x_min": "", "laenge_x_min": "", "section": "7.01.62", "chapter": "7.01", "place": "04", "settlement": true, "river": null, "coastal": null, "physical": null, "point_cat": "settlement", "spat_seq2": 6804, "spat_seq3": 6347, "spat_seq_the": 6376, "spat_seq_x": null, "tribe": null, "pleiades": null, "serial": 6833, "klima": 5 }, "geometry": { "type": "Point", "coordinates": [ 113.25, 17.3333333333333 ] } },
{ "type": "Feature", "properties": { "a_name": "Barygaza*", "id": "7.01.62.04", "m_name": "Bharuch", "a_category": "454", "the_breite": "17° 20'", "the_laenge": "113° 15'", "category": "45d", "id_map": "AS10", "laenge_x": "", "breite_x": "", "the_easting": "113.25", "the_northing": "17.3333333333333", "easting_x": "", "northing_x": "", "delta_easting": "-113.25", "delta_northing": "-17.3333333333333", "unique_id": 10877, "cat": "Handelsplatz, im Binnenland", "the_breite_min": "20", "the_laenge_min": "15", "breite_x_min": "", "laenge_x_min": "", "section": "7.01.62", "chapter": "7.01", "place": "04", "settlement": true, "river": null, "coastal": null, "physical": null, "point_cat": "settlement", "spat_seq2": 6805, "spat_seq3": 6348, "spat_seq_the": 6377, "spat_seq_x": null, "tribe": null, "pleiades": null, "serial": 6834, "klima": 5 }, "geometry": { "type": "Point", "coordinates": [ 113.25, 17.3333333333333 ] } },
{ "type": "Feature", "properties": { "a_name": "Ozene*", "id": "7.01.63.06", "m_name": "Ujjain", "a_category": "414", "the_breite": "20°", "the_laenge": "117°", "category": "41d", "id_map": "AS10", "laenge_x": "", "breite_x": "", "the_easting": "117", "the_northing": "20", "easting_x": "", "northing_x": "", "delta_easting": "-117", "delta_northing": "-20", "unique_id": 10885, "cat": "polis episemos, im Binnenland", "the_breite_min": "", "the_laenge_min": "", "breite_x_min": "", "laenge_x_min": "", "section": "7.01.63", "chapter": "7.01", "place": "06", "settlement": true, "river": null, "coastal": null, "physical": null, "point_cat": "settlement", "spat_seq2": 6811, "spat_seq3": 6354, "spat_seq_the": 6383, "spat_seq_x": null, "tribe": null, "pleiades": null, "serial": 6839, "klima": 5 }, "geometry": { "type": "Point", "coordinates": [ 117.0, 20.0 ] } },
{ "type": "Feature", "properties": { "a_name": "Stadt des Pudnos*", "id": "6.07.07.02", "m_name": "", "a_category": "413", "the_breite": "16° 30'", "the_laenge": "72° 30'", "category": "41c", "id_map": "AS06", "laenge_x": "", "breite_x": "", "the_easting": "72.5", "the_northing": "16.5", "easting_x": "", "northing_x": "", "delta_easting": "-72.5", "delta_northing": "-16.5", "unique_id": 9121, "cat": "polis episemos, an Küste", "the_breite_min": "30", "the_laenge_min": "30", "breite_x_min": "", "laenge_x_min": "", "section": "6.07.07", "chapter": "6.07", "place": "02", "settlement": true, "river": null, "coastal": true, "physical": null, "point_cat": "boundary", "spat_seq2": 5934, "spat_seq3": 5477, "spat_seq_the": 5506, "spat_seq_x": null, "tribe": null, "pleiades": null, "serial": 2016, "klima": 5 }, "geometry": { "type": "Point", "coordinates": [ 72.5, 16.5 ] } },
{ "type": "Feature", "properties": { "a_name": "Thamogdokana*", "id": "4.06.28.04", "m_name": "", "a_category": "412", "the_breite": "", "the_laenge": "", "category": "41b", "id_map": "AF04", "laenge_x": "23°", "breite_x": "17°", "the_easting": "", "the_northing": "", "easting_x": "23", "northing_x": "17", "delta_easting": "23", "delta_northing": "17", "unique_id": 6033, "cat": "polis episemos, am Fluss", "the_breite_min": "", "the_laenge_min": "", "breite_x_min": "", "laenge_x_min": "", "section": "4.06.28", "chapter": "4.06", "place": "04", "settlement": true, "river": true, "coastal": null, "physical": null, "point_cat": "settlement", "spat_seq2": 3946, "spat_seq3": 3585, "spat_seq_the": null, "spat_seq_x": 3585, "tribe": null, "pleiades": null, "serial": 5663, "klima": 5 }, "geometry": { "type": "Point", "coordinates": [ 23.0, 17.0 ] } },
{ "type": "Feature", "properties": { "a_name": "Arbis*", "id": "6.21.05.10", "m_name": "", "a_category": "411", "the_breite": "20° 30'", "the_laenge": "105° 20'", "category": "41a", "id_map": "AS09", "laenge_x": "", "breite_x": "", "the_easting": "105.333333333333", "the_northing": "20.5", "easting_x": "", "northing_x": "", "delta_easting": "-105.333333333333", "delta_northing": "-20.5", "unique_id": 10422, "cat": "polis episemos", "the_breite_min": "30", "the_laenge_min": "20", "breite_x_min": "", "laenge_x_min": "", "section": "6.21.05", "chapter": "6.21", "place": "10", "settlement": true, "river": null, "coastal": null, "physical": null, "point_cat": "settlement", "spat_seq2": 6515, "spat_seq3": 6058, "spat_seq_the": 6087, "spat_seq_x": null, "tribe": null, "pleiades": null, "serial": 2548, "klima": 6 }, "geometry": { "type": "Point", "coordinates": [ 105.333333333333002, 20.5 ] } },
{ "type": "Feature", "properties": { "a_name": "Berenike*", "id": "4.05.15.06", "m_name": "Bender el-Kebir ", "a_category": "413", "the_breite": "23° 50'", "the_laenge": "64° 05'", "category": "41c", "id_map": "AF03", "laenge_x": "64° 05'", "breite_x": "23° 50'", "the_easting": "64.0833333333333", "the_northing": "23.8333333333333", "easting_x": "64.0833333333333", "northing_x": "23.8333333333333", "delta_easting": "0", "delta_northing": "0", "unique_id": 5439, "cat": "polis episemos, an Küste", "the_breite_min": "50", "the_laenge_min": "05", "breite_x_min": "50", "laenge_x_min": "05", "section": "4.05.15", "chapter": "4.05", "place": "06", "settlement": true, "river": null, "coastal": true, "physical": null, "point_cat": "boundary", "spat_seq2": 3673, "spat_seq3": 3336, "spat_seq_the": 3363, "spat_seq_x": 3336, "tribe": null, "pleiades": null, "serial": 5425, "klima": 6 }, "geometry": { "type": "Point", "coordinates": [ 64.0833333333333, 23.8333333333333 ] } },
{ "type": "Feature", "properties": { "a_name": "Syene*", "id": "4.05.73.11", "m_name": "Assuan", "a_category": "411", "the_breite": "23° 50'", "the_laenge": "62°", "category": "41a", "id_map": "AF03", "laenge_x": "62°", "breite_x": "23° 50'", "the_easting": "62", "the_northing": "23.8333333333333", "easting_x": "62", "northing_x": "23.8333333333333", "delta_easting": "0", "delta_northing": "0", "unique_id": 5763, "cat": "polis episemos", "the_breite_min": "50", "the_laenge_min": "", "breite_x_min": "50", "laenge_x_min": "", "section": "4.05.73", "chapter": "4.05", "place": "11", "settlement": true, "river": null, "coastal": null, "physical": null, "point_cat": "settlement", "spat_seq2": 3848, "spat_seq3": 3499, "spat_seq_the": 3526, "spat_seq_x": 3499, "tribe": null, "pleiades": null, "serial": 5575, "klima": 6 }, "geometry": { "type": "Point", "coordinates": [ 62.0, 23.8333333333333 ] } },
{ "type": "Feature", "properties": { "a_name": "Garama*", "id": "4.06.30.07", "m_name": "Djerma", "a_category": "414", "the_breite": "21° 30'", "the_laenge": "43°", "category": "41d", "id_map": "AF04", "laenge_x": "43°", "breite_x": "21° 30'", "the_easting": "43", "the_northing": "21.5", "easting_x": "43", "northing_x": "21.5", "delta_easting": "0", "delta_northing": "0", "unique_id": 6054, "cat": "polis episemos, im Binnenland", "the_breite_min": "30", "the_laenge_min": "", "breite_x_min": "30", "laenge_x_min": "", "section": "4.06.30", "chapter": "4.06", "place": "07", "settlement": true, "river": null, "coastal": null, "physical": null, "point_cat": "settlement", "spat_seq2": 3965, "spat_seq3": 3598, "spat_seq_the": 3626, "spat_seq_x": 3598, "tribe": null, "pleiades": null, "serial": 5675, "klima": 6 }, "geometry": { "type": "Point", "coordinates": [ 43.0, 21.5 ] } },
{ "type": "Feature", "properties": { "a_name": "Barbarei*", "id": "7.01.59.02", "m_name": "", "a_category": "412", "the_breite": "22° 30'", "the_laenge": "113° 15'", "category": "41b", "id_map": "AS10", "laenge_x": "", "breite_x": "", "the_easting": "113.25", "the_northing": "22.5", "easting_x": "", "northing_x": "", "delta_easting": "-113.25", "delta_northing": "-22.5", "unique_id": 10851, "cat": "polis episemos, am Fluss", "the_breite_min": "30", "the_laenge_min": "15", "breite_x_min": "", "laenge_x_min": "", "section": "7.01.59", "chapter": "7.01", "place": "02", "settlement": true, "river": true, "coastal": null, "physical": null, "point_cat": "settlement", "spat_seq2": 6787, "spat_seq3": 6330, "spat_seq_the": 6359, "spat_seq_x": null, "tribe": null, "pleiades": null, "serial": 6821, "klima": 6 }, "geometry": { "type": "Point", "coordinates": [ 113.25, 22.5 ] } },
{ "type": "Feature", "properties": { "a_name": "Gerra*", "id": "6.07.16.03", "m_name": "", "a_category": "413", "the_breite": "23° 20'", "the_laenge": "80°", "category": "41c", "id_map": "AS06", "laenge_x": "", "breite_x": "", "the_easting": "80", "the_northing": "23.3333333333333", "easting_x": "", "northing_x": "", "delta_easting": "-80", "delta_northing": "-23.3333333333333", "unique_id": 9240, "cat": "polis episemos, an Küste", "the_breite_min": "20", "the_laenge_min": "", "breite_x_min": "", "laenge_x_min": "", "section": "6.07.16", "chapter": "6.07", "place": "03", "settlement": true, "river": null, "coastal": true, "physical": null, "point_cat": "boundary", "spat_seq2": 6014, "spat_seq3": 5557, "spat_seq_the": 5586, "spat_seq_x": null, "tribe": null, "pleiades": null, "serial": 2093, "klima": 6 }, "geometry": { "type": "Point", "coordinates": [ 80.0, 23.3333333333333 ] } },
{ "type": "Feature", "properties": { "a_name": "Tosalei*", "id": "7.02.23.05", "m_name": "Dhauli", "a_category": "414", "the_breite": "23° 20'", "the_laenge": "150°", "category": "41d", "id_map": "AS11", "laenge_x": "", "breite_x": "", "the_easting": "150", "the_northing": "23.3333333333333", "easting_x": "", "northing_x": "", "delta_easting": "-150", "delta_northing": "-23.3333333333333", "unique_id": 11322, "cat": "polis episemos, im Binnenland", "the_breite_min": "20", "the_laenge_min": "", "breite_x_min": "", "laenge_x_min": "", "section": "7.02.23", "chapter": "7.02", "place": "05", "settlement": true, "river": null, "coastal": null, "physical": null, "point_cat": "settlement", "spat_seq2": 7035, "spat_seq3": 6578, "spat_seq_the": 6607, "spat_seq_x": null, "tribe": null, "pleiades": null, "serial": 7011, "klima": 6 }, "geometry": { "type": "Point", "coordinates": [ 150.0, 23.3333333333333 ] } },
{ "type": "Feature", "properties": { "a_name": "Tugma*", "id": "7.02.23.10", "m_name": "", "a_category": "414", "the_breite": "22° 15'", "the_laenge": "152° 30'", "category": "41d", "id_map": "AS11", "laenge_x": "", "breite_x": "", "the_easting": "152.5", "the_northing": "22.25", "easting_x": "", "northing_x": "", "delta_easting": "-152.5", "delta_northing": "-22.25", "unique_id": 11327, "cat": "polis episemos, im Binnenland", "the_breite_min": "15", "the_laenge_min": "30", "breite_x_min": "", "laenge_x_min": "", "section": "7.02.23", "chapter": "7.02", "place": "10", "settlement": true, "river": null, "coastal": null, "physical": null, "point_cat": "settlement", "spat_seq2": 7040, "spat_seq3": 6583, "spat_seq_the": 6612, "spat_seq_x": null, "tribe": null, "pleiades": null, "serial": 7016, "klima": 6 }, "geometry": { "type": "Point", "coordinates": [ 152.5, 22.25 ] } },
{ "type": "Feature", "properties": { "a_name": "Samydake*", "id": "6.08.07.09", "m_name": "", "a_category": "413", "the_breite": "22° 40'", "the_laenge": "99° 30'", "category": "41c", "id_map": "AS06", "laenge_x": "", "breite_x": "", "the_easting": "99.5", "the_northing": "22.6666666666667", "easting_x": "", "northing_x": "", "delta_easting": "-99.5", "delta_northing": "-22.6666666666667", "unique_id": 9563, "cat": "polis episemos, an Küste", "the_breite_min": "40", "the_laenge_min": "30", "breite_x_min": "", "laenge_x_min": "", "section": "6.08.07", "chapter": "6.08", "place": "09", "settlement": true, "river": null, "coastal": true, "physical": null, "point_cat": "boundary", "spat_seq2": 6183, "spat_seq3": 5726, "spat_seq_the": 5755, "spat_seq_x": null, "tribe": null, "pleiades": null, "serial": 2255, "klima": 6 }, "geometry": { "type": "Point", "coordinates": [ 99.5, 22.6666666666667 ] } },
{ "type": "Feature", "properties": { "a_name": "Harmuza*", "id": "6.08.05.01", "m_name": "Hormus", "a_category": "413", "the_breite": "23° 30'", "the_laenge": "94° 30'", "category": "41c", "id_map": "AS06", "laenge_x": "", "breite_x": "", "the_easting": "94.5", "the_northing": "23.5", "easting_x": "", "northing_x": "", "delta_easting": "-94.5", "delta_northing": "-23.5", "unique_id": 9548, "cat": "polis episemos, an Küste", "the_breite_min": "30", "the_laenge_min": "30", "breite_x_min": "", "laenge_x_min": "", "section": "6.08.05", "chapter": "6.08", "place": "01", "settlement": true, "river": null, "coastal": true, "physical": null, "point_cat": "boundary", "spat_seq2": 6174, "spat_seq3": 5717, "spat_seq_the": 5746, "spat_seq_x": null, "tribe": null, "pleiades": null, "serial": 2247, "klima": 6 }, "geometry": { "type": "Point", "coordinates": [ 94.5, 23.5 ] } },
{ "type": "Feature", "properties": { "a_name": "Kuni*", "id": "6.21.05.02", "m_name": "", "a_category": "411", "the_breite": "27°", "the_laenge": "110°", "category": "41a", "id_map": "AS09", "laenge_x": "", "breite_x": "", "the_easting": "110", "the_northing": "27", "easting_x": "", "northing_x": "", "delta_easting": "-110", "delta_northing": "-27", "unique_id": 10413, "cat": "polis episemos", "the_breite_min": "", "the_laenge_min": "", "breite_x_min": "", "laenge_x_min": "", "section": "6.21.05", "chapter": "6.21", "place": "02", "settlement": true, "river": null, "coastal": null, "physical": null, "point_cat": "settlement", "spat_seq2": 6507, "spat_seq3": 6050, "spat_seq_the": 6079, "spat_seq_x": null, "tribe": null, "pleiades": null, "serial": 2543, "klima": 7 }, "geometry": { "type": "Point", "coordinates": [ 110.0, 27.0 ] } },
{ "type": "Feature", "properties": { "a_name": "Grosse Oase*", "id": "4.05.37.03", "m_name": "El-Charge", "a_category": "411", "the_breite": "26° 55'", "the_laenge": "59° 30'", "category": "41a", "id_map": "AF03", "laenge_x": "59° 50'", "breite_x": "26° 55'", "the_easting": "59.5", "the_northing": "26.9166666666667", "easting_x": "59.8333333333333", "northing_x": "26.9166666666667", "delta_easting": ".3333333333333", "delta_northing": "0", "unique_id": 5579, "cat": "polis episemos", "the_breite_min": "55", "the_laenge_min": "30", "breite_x_min": "55", "laenge_x_min": "50", "section": "4.05.37", "chapter": "4.05", "place": "03", "settlement": true, "river": null, "coastal": null, "physical": null, "point_cat": "settlement", "spat_seq2": 3763, "spat_seq3": 3418, "spat_seq_the": 3445, "spat_seq_x": 3418, "tribe": null, "pleiades": null, "serial": 5497, "klima": 7 }, "geometry": { "type": "Point", "coordinates": [ 59.8333333333333, 26.9166666666667 ] } },
{ "type": "Feature", "properties": { "a_name": "Palimbothra*", "id": "7.01.73.03", "m_name": "Patna", "a_category": "412", "the_breite": "27°", "the_laenge": "143°", "category": "41b", "id_map": "AS10", "laenge_x": "", "breite_x": "", "the_easting": "143", "the_northing": "27", "easting_x": "", "northing_x": "", "delta_easting": "-143", "delta_northing": "-27", "unique_id": 10957, "cat": "polis episemos, am Fluss", "the_breite_min": "", "the_laenge_min": "", "breite_x_min": "", "laenge_x_min": "", "section": "7.01.73", "chapter": "7.01", "place": "03", "settlement": true, "river": true, "coastal": null, "physical": null, "point_cat": "settlement", "spat_seq2": 6845, "spat_seq3": 6388, "spat_seq_the": 6417, "spat_seq_x": null, "tribe": null, "pleiades": null, "serial": 6857, "klima": 7 }, "geometry": { "type": "Point", "coordinates": [ 143.0, 27.0 ] } },
{ "type": "Feature", "properties": { "a_name": "Ammon*", "id": "4.05.33.03", "m_name": "Siwa", "a_category": "414", "the_breite": "28°", "the_laenge": "55° 30'", "category": "41d", "id_map": "AF03", "laenge_x": "55° 30'", "breite_x": "28°", "the_easting": "55.5", "the_northing": "28", "easting_x": "55.5", "northing_x": "28", "delta_easting": "0", "delta_northing": "0", "unique_id": 5561, "cat": "polis episemos, im Binnenland", "the_breite_min": "", "the_laenge_min": "30", "breite_x_min": "", "laenge_x_min": "30", "section": "4.05.33", "chapter": "4.05", "place": "03", "settlement": true, "river": null, "coastal": null, "physical": null, "point_cat": "settlement", "spat_seq2": 3749, "spat_seq3": 3405, "spat_seq_the": 3432, "spat_seq_x": 3405, "tribe": null, "pleiades": null, "serial": 5484, "klima": 8 }, "geometry": { "type": "Point", "coordinates": [ 55.5, 28.0 ] } },
{ "type": "Feature", "properties": { "a_name": "Memphis*", "id": "4.05.55.05", "m_name": "Memphis", "a_category": "411", "the_breite": "29° 50'", "the_laenge": "61° 50'", "category": "41a", "id_map": "AF03", "laenge_x": "61° 50'", "breite_x": "29° 50'", "the_easting": "61.8333333333333", "the_northing": "29.8333333333333", "easting_x": "61.8333333333333", "northing_x": "29.8333333333333", "delta_easting": "0", "delta_northing": "0", "unique_id": 5687, "cat": "polis episemos", "the_breite_min": "50", "the_laenge_min": "50", "breite_x_min": "50", "laenge_x_min": "50", "section": "4.05.55", "chapter": "4.05", "place": "05", "settlement": true, "river": null, "coastal": null, "physical": null, "point_cat": "settlement", "spat_seq2": 3797, "spat_seq3": 3452, "spat_seq_the": 3479, "spat_seq_x": 3452, "tribe": null, "pleiades": null, "serial": 5530, "klima": 8 }, "geometry": { "type": "Point", "coordinates": [ 61.8333333333333, 29.8333333333333 ] } },
{ "type": "Feature", "properties": { "a_name": "Ariaspe*", "id": "6.19.05.06", "m_name": "", "a_category": "411", "the_breite": "28° 40'", "the_laenge": "108° 40'", "category": "41a", "id_map": "AS09", "laenge_x": "", "breite_x": "", "the_easting": "108.666666666667", "the_northing": "28.6666666666667", "easting_x": "", "northing_x": "", "delta_easting": "-108.666666666667", "delta_northing": "-28.6666666666667", "unique_id": 10325, "cat": "polis episemos", "the_breite_min": "40", "the_laenge_min": "40", "breite_x_min": "", "laenge_x_min": "", "section": "6.19.05", "chapter": "6.19", "place": "06", "settlement": true, "river": null, "coastal": null, "physical": null, "point_cat": "settlement", "spat_seq2": 6475, "spat_seq3": 6018, "spat_seq_the": 6047, "spat_seq_x": null, "tribe": null, "pleiades": null, "serial": 2519, "klima": 8 }, "geometry": { "type": "Point", "coordinates": [ 108.666666666666998, 28.6666666666667 ] } },
{ "type": "Feature", "properties": { "a_name": "Autolalai*", "id": "4.06.24.01", "m_name": "", "a_category": "414", "the_breite": "23° 50'", "the_laenge": "10°", "category": "41d", "id_map": "AF04", "laenge_x": "10°", "breite_x": "27° 20'", "the_easting": "10", "the_northing": "23.8333333333333", "easting_x": "10", "northing_x": "27.3333333333333", "delta_easting": "0", "delta_northing": "3.5", "unique_id": 6006, "cat": "polis episemos, im Binnenland", "the_breite_min": "50", "the_laenge_min": "", "breite_x_min": "20", "laenge_x_min": "", "section": "4.06.24", "chapter": "4.06", "place": "01", "settlement": true, "river": null, "coastal": null, "physical": null, "point_cat": "settlement", "spat_seq2": 3920, "spat_seq3": 3564, "spat_seq_the": 3592, "spat_seq_x": 3564, "tribe": null, "pleiades": null, "serial": 5643, "klima": 8 }, "geometry": { "type": "Point", "coordinates": [ 10.0, 27.3333333333333 ] } },
{ "type": "Feature", "properties": { "a_name": "Apphana*", "id": "6.07.47.02", "m_name": "", "a_category": "350", "the_breite": "28° 40'", "the_laenge": "81° 20'", "category": "35", "id_map": "AS06", "laenge_x": "", "breite_x": "", "the_easting": "81.3333333333333", "the_northing": "28.6666666666667", "easting_x": "", "northing_x": "", "delta_easting": "-81.3333333333333", "delta_northing": "-28.6666666666667", "unique_id": 9521, "cat": "Inselpunkt", "the_breite_min": "40", "the_laenge_min": "20", "breite_x_min": "", "laenge_x_min": "", "section": "6.07.47", "chapter": "6.07", "place": "02", "settlement": null, "river": null, "coastal": null, "physical": true, "point_cat": "offshore", "spat_seq2": 6162, "spat_seq3": 5705, "spat_seq_the": 5734, "spat_seq_x": null, "tribe": null, "pleiades": null, "serial": 2234, "klima": 8 }, "geometry": { "type": "Point", "coordinates": [ 81.3333333333333, 28.6666666666667 ] } },
{ "type": "Feature", "properties": { "a_name": "Musarna*", "id": "6.21.05.04", "m_name": "", "a_category": "411", "the_breite": "27° 30'", "the_laenge": "115°", "category": "41a", "id_map": "AS09", "laenge_x": "", "breite_x": "", "the_easting": "115", "the_northing": "27.5", "easting_x": "", "northing_x": "", "delta_easting": "-115", "delta_northing": "-27.5", "unique_id": 10415, "cat": "polis episemos", "the_breite_min": "30", "the_laenge_min": "", "breite_x_min": "", "laenge_x_min": "", "section": "6.21.05", "chapter": "6.21", "place": "04", "settlement": true, "river": null, "coastal": null, "physical": null, "point_cat": "settlement", "spat_seq2": 6509, "spat_seq3": 6052, "spat_seq_the": 6081, "spat_seq_x": null, "tribe": null, "pleiades": null, "serial": 2545, "klima": 8 }, "geometry": { "type": "Point", "coordinates": [ 115.0, 27.5 ] } },
{ "type": "Feature", "properties": { "a_name": "Ptolemaïs Hermeiu*", "id": "4.05.66.02", "m_name": "El-Minshije", "a_category": "411", "the_breite": "27° 10'", "the_laenge": "61° 50'", "category": "41a", "id_map": "AF03", "laenge_x": "61° 50'", "breite_x": "27° 10'", "the_easting": "61.8333333333333", "the_northing": "27.1666666666667", "easting_x": "61.8333333333333", "northing_x": "27.1666666666667", "delta_easting": "0", "delta_northing": "0", "unique_id": 5726, "cat": "polis episemos", "the_breite_min": "10", "the_laenge_min": "50", "breite_x_min": "10", "laenge_x_min": "50", "section": "4.05.66", "chapter": "4.05", "place": "02", "settlement": true, "river": null, "coastal": null, "physical": null, "point_cat": "settlement", "spat_seq2": 3820, "spat_seq3": 3474, "spat_seq_the": 3501, "spat_seq_x": 3474, "tribe": null, "pleiades": null, "serial": 5552, "klima": 8 }, "geometry": { "type": "Point", "coordinates": [ 61.8333333333333, 27.1666666666667 ] } },
{ "type": "Feature", "properties": { "a_name": "Karmana*", "id": "6.08.13.03", "m_name": "Kirman", "a_category": "414", "the_breite": "29°", "the_laenge": "100°", "category": "41d", "id_map": "AS06", "laenge_x": "", "breite_x": "", "the_easting": "100", "the_northing": "29", "easting_x": "", "northing_x": "", "delta_easting": "-100", "delta_northing": "-29", "unique_id": 9608, "cat": "polis episemos, im Binnenland", "the_breite_min": "", "the_laenge_min": "", "breite_x_min": "", "laenge_x_min": "", "section": "6.08.13", "chapter": "6.08", "place": "03", "settlement": true, "river": null, "coastal": null, "physical": null, "point_cat": "settlement", "spat_seq2": 6201, "spat_seq3": 5744, "spat_seq_the": 5773, "spat_seq_x": null, "tribe": null, "pleiades": null, "serial": 2273, "klima": 8 }, "geometry": { "type": "Point", "coordinates": [ 100.0, 29.0 ] } },
{ "type": "Feature", "properties": { "a_name": "Aelia Capitolina*", "id": "5.16.08.01", "m_name": "Jerusalem", "a_category": "414", "the_breite": "31° 40'", "the_laenge": "66°", "category": "41d", "id_map": "AS04", "laenge_x": "", "breite_x": "", "the_easting": "66", "the_northing": "31.6666666666667", "easting_x": "", "northing_x": "", "delta_easting": "-66", "delta_northing": "-31.6666666666667", "unique_id": 8234, "cat": "polis episemos, im Binnenland", "the_breite_min": "40", "the_laenge_min": "", "breite_x_min": "", "laenge_x_min": "", "section": "5.16.08", "chapter": "5.16", "place": "01", "settlement": true, "river": null, "coastal": null, "physical": null, "point_cat": "settlement", "spat_seq2": 5425, "spat_seq3": 4968, "spat_seq_the": 4997, "spat_seq_x": null, "tribe": null, "pleiades": null, "serial": 1604, "klima": 9 }, "geometry": { "type": "Point", "coordinates": [ 66.0, 31.6666666666667 ] } },
{ "type": "Feature", "properties": { "a_name": "Petra*", "id": "5.17.05.01", "m_name": "Wadi Musa", "a_category": "414", "the_breite": "30° 20'", "the_laenge": "66° 45'", "category": "41d", "id_map": "AS04", "laenge_x": "", "breite_x": "", "the_easting": "66.75", "the_northing": "30.3333333333333", "easting_x": "", "northing_x": "", "delta_easting": "-66.75", "delta_northing": "-30.3333333333333", "unique_id": 8293, "cat": "polis episemos, im Binnenland", "the_breite_min": "20", "the_laenge_min": "45", "breite_x_min": "", "laenge_x_min": "", "section": "5.17.05", "chapter": "5.17", "place": "01", "settlement": true, "river": null, "coastal": null, "physical": null, "point_cat": "settlement", "spat_seq2": 5457, "spat_seq3": 5000, "spat_seq_the": 5029, "spat_seq_x": null, "tribe": null, "pleiades": null, "serial": 1637, "klima": 9 }, "geometry": { "type": "Point", "coordinates": [ 66.75, 30.3333333333333 ] } },
{ "type": "Feature", "properties": { "a_name": "Medaba*", "id": "5.17.06.04", "m_name": "Madaba", "a_category": "414", "the_breite": "30° 45'", "the_laenge": "68° 30'", "category": "41d", "id_map": "AS04", "laenge_x": "", "breite_x": "", "the_easting": "68.5", "the_northing": "30.75", "easting_x": "", "northing_x": "", "delta_easting": "-68.5", "delta_northing": "-30.75", "unique_id": 8307, "cat": "polis episemos, im Binnenland", "the_breite_min": "45", "the_laenge_min": "30", "breite_x_min": "", "laenge_x_min": "", "section": "5.17.06", "chapter": "5.17", "place": "04", "settlement": true, "river": null, "coastal": null, "physical": null, "point_cat": "settlement", "spat_seq2": 5470, "spat_seq3": 5013, "spat_seq_the": 5042, "spat_seq_x": null, "tribe": null, "pleiades": null, "serial": 1649, "klima": 9 }, "geometry": { "type": "Point", "coordinates": [ 68.5, 30.75 ] } },
{ "type": "Feature", "properties": { "a_name": "Bostra*", "id": "5.17.07.02", "m_name": "Busra ", "a_category": "414", "the_breite": "31° 30'", "the_laenge": "69° 45'", "category": "41d", "id_map": "AS04", "laenge_x": "", "breite_x": "", "the_easting": "69.75", "the_northing": "31.5", "easting_x": "", "northing_x": "", "delta_easting": "-69.75", "delta_northing": "-31.5", "unique_id": 8313, "cat": "polis episemos, im Binnenland", "the_breite_min": "30", "the_laenge_min": "45", "breite_x_min": "", "laenge_x_min": "", "section": "5.17.07", "chapter": "5.17", "place": "02", "settlement": true, "river": null, "coastal": null, "physical": null, "point_cat": "settlement", "spat_seq2": 5475, "spat_seq3": 5018, "spat_seq_the": 5047, "spat_seq_x": null, "tribe": null, "pleiades": null, "serial": 1655, "klima": 9 }, "geometry": { "type": "Point", "coordinates": [ 69.75, 31.5 ] } },
{ "type": "Feature", "properties": { "a_name": "Bostra*", "id": "5.17.07.02", "m_name": "Busra ", "a_category": "444", "the_breite": "31° 30'", "the_laenge": "69° 45'", "category": "44d", "id_map": "AS04", "laenge_x": "", "breite_x": "", "the_easting": "69.75", "the_northing": "31.5", "easting_x": "", "northing_x": "", "delta_easting": "-69.75", "delta_northing": "-31.5", "unique_id": 8314, "cat": "befestigter Ort, Kastell, Legionslager, im Binnenland", "the_breite_min": "30", "the_laenge_min": "45", "breite_x_min": "", "laenge_x_min": "", "section": "5.17.07", "chapter": "5.17", "place": "02", "settlement": true, "river": null, "coastal": null, "physical": null, "point_cat": "settlement", "spat_seq2": 5476, "spat_seq3": 5019, "spat_seq_the": 5048, "spat_seq_x": null, "tribe": null, "pleiades": null, "serial": 1656, "klima": 9 }, "geometry": { "type": "Point", "coordinates": [ 69.75, 31.5 ] } },
{ "type": "Feature", "properties": { "a_name": "Teredon*", "id": "5.20.05.04", "m_name": "Basra", "a_category": "411", "the_breite": "31° 10'", "the_laenge": "80°", "category": "41a", "id_map": "AS04", "laenge_x": "", "breite_x": "", "the_easting": "80", "the_northing": "31.1666666666667", "easting_x": "", "northing_x": "", "delta_easting": "-80", "delta_northing": "-31.1666666666667", "unique_id": 8561, "cat": "polis episemos", "the_breite_min": "10", "the_laenge_min": "", "breite_x_min": "", "laenge_x_min": "", "section": "5.20.05", "chapter": "5.20", "place": "04", "settlement": true, "river": null, "coastal": null, "physical": null, "point_cat": "settlement", "spat_seq2": 5627, "spat_seq3": 5170, "spat_seq_the": 5199, "spat_seq_x": null, "tribe": null, "pleiades": null, "serial": 1785, "klima": 9 }, "geometry": { "type": "Point", "coordinates": [ 80.0, 31.1666666666667 ] } },
{ "type": "Feature", "properties": { "a_name": "Oppidion*", "id": "4.02.27.02", "m_name": "", "a_category": "414", "the_breite": "31° 10'", "the_laenge": "19° 10'", "category": "41d", "id_map": "AF01", "laenge_x": "19° 10'", "breite_x": "31° 10'", "the_easting": "19.1666666666667", "the_northing": "31.1666666666667", "easting_x": "19.1666666666667", "northing_x": "31.1666666666667", "delta_easting": "0", "delta_northing": "0", "unique_id": 4806, "cat": "polis episemos, im Binnenland", "the_breite_min": "10", "the_laenge_min": "10", "breite_x_min": "10", "laenge_x_min": "10", "section": "4.02.27", "chapter": "4.02", "place": "02", "settlement": true, "river": null, "coastal": null, "physical": null, "point_cat": "settlement", "spat_seq2": 3207, "spat_seq3": 2930, "spat_seq_the": 2957, "spat_seq_x": 2930, "tribe": null, "pleiades": null, "serial": 5009, "klima": 9 }, "geometry": { "type": "Point", "coordinates": [ 19.1666666666667, 31.1666666666667 ] } },
{ "type": "Feature", "properties": { "a_name": "Tubusuctu*", "id": "4.02.31.06", "m_name": "Tiklat", "a_category": "414", "the_breite": "31° 20'", "the_laenge": "23° 45'", "category": "41d", "id_map": "AF01", "laenge_x": "23° 45'", "breite_x": "31° 40'", "the_easting": "23.75", "the_northing": "31.3333333333333", "easting_x": "23.75", "northing_x": "31.6666666666667", "delta_easting": "0", "delta_northing": ".3333333333334", "unique_id": 4832, "cat": "polis episemos, im Binnenland", "the_breite_min": "20", "the_laenge_min": "45", "breite_x_min": "40", "laenge_x_min": "45", "section": "4.02.31", "chapter": "4.02", "place": "06", "settlement": true, "river": null, "coastal": null, "physical": null, "point_cat": "settlement", "spat_seq2": 3231, "spat_seq3": 2949, "spat_seq_the": 2976, "spat_seq_x": 2949, "tribe": null, "pleiades": null, "serial": 5023, "klima": 9 }, "geometry": { "type": "Point", "coordinates": [ 23.75, 31.6666666666667 ] } },
{ "type": "Feature", "properties": { "a_name": "Thabraka*", "id": "4.03.05.06", "m_name": "Tabarka", "a_category": "413", "the_breite": "32° 20'", "the_laenge": "31° 15'", "category": "41c", "id_map": "AF02", "laenge_x": "31° 15'", "breite_x": "32° 20'", "the_easting": "31.25", "the_northing": "32.3333333333333", "easting_x": "31.25", "northing_x": "32.3333333333333", "delta_easting": "0", "delta_northing": "0", "unique_id": 4888, "cat": "polis episemos, an Küste", "the_breite_min": "20", "the_laenge_min": "15", "breite_x_min": "20", "laenge_x_min": "15", "section": "4.03.05", "chapter": "4.03", "place": "06", "settlement": true, "river": null, "coastal": true, "physical": null, "point_cat": "boundary", "spat_seq2": 3279, "spat_seq3": 2985, "spat_seq_the": 3014, "spat_seq_x": 2985, "tribe": null, "pleiades": null, "serial": 5051, "klima": 9 }, "geometry": { "type": "Point", "coordinates": [ 31.25, 32.3333333333333 ] } },
{ "type": "Feature", "properties": { "a_name": "Thabraka*", "id": "4.03.05.06", "m_name": "Tabarka", "a_category": "423", "the_breite": "32° 20'", "the_laenge": "31° 15'", "category": "42c", "id_map": "AF02", "laenge_x": "31° 15'", "breite_x": "32° 20'", "the_easting": "31.25", "the_northing": "32.3333333333333", "easting_x": "31.25", "northing_x": "32.3333333333333", "delta_easting": "0", "delta_northing": "0", "unique_id": 4889, "cat": "Koloniestadt, an Küste", "the_breite_min": "20", "the_laenge_min": "15", "breite_x_min": "20", "laenge_x_min": "15", "section": "4.03.05", "chapter": "4.03", "place": "06", "settlement": true, "river": null, "coastal": true, "physical": null, "point_cat": "boundary", "spat_seq2": 3280, "spat_seq3": 2986, "spat_seq_the": 3015, "spat_seq_x": 2986, "tribe": null, "pleiades": null, "serial": 5055, "klima": 9 }, "geometry": { "type": "Point", "coordinates": [ 31.25, 32.3333333333333 ] } },
{ "type": "Feature", "properties": { "a_name": "Hadrumetum*", "id": "4.03.09.03", "m_name": "Sousse", "a_category": "413", "the_breite": "32° 40'", "the_laenge": "36° 40'", "category": "41c", "id_map": "AF02", "laenge_x": "36° 40'", "breite_x": "32° 40'", "the_easting": "36.6666666666667", "the_northing": "32.6666666666667", "easting_x": "36.6666666666667", "northing_x": "32.6666666666667", "delta_easting": "0", "delta_northing": "0", "unique_id": 4911, "cat": "polis episemos, an Küste", "the_breite_min": "40", "the_laenge_min": "40", "breite_x_min": "40", "laenge_x_min": "40", "section": "4.03.09", "chapter": "4.03", "place": "03", "settlement": true, "river": null, "coastal": true, "physical": null, "point_cat": "boundary", "spat_seq2": 3302, "spat_seq3": 3007, "spat_seq_the": 3036, "spat_seq_x": 3007, "tribe": null, "pleiades": null, "serial": 5073, "klima": 9 }, "geometry": { "type": "Point", "coordinates": [ 36.6666666666667, 32.6666666666667 ] } },
{ "type": "Feature", "properties": { "a_name": "Oppidum Novum*", "id": "4.02.25.01", "m_name": "Ksar el-Kebir", "a_category": "424", "the_breite": "", "the_laenge": "", "category": "42d", "id_map": "AF01", "laenge_x": "16°", "breite_x": "32° 40'", "the_easting": "", "the_northing": "", "easting_x": "16", "northing_x": "32.6666666666667", "delta_easting": "16", "delta_northing": "32.6666666666667", "unique_id": 4786, "cat": "Koloniestadt, im Binnenland", "the_breite_min": "", "the_laenge_min": "", "breite_x_min": "40", "laenge_x_min": "", "section": "4.02.25", "chapter": "4.02", "place": "01", "settlement": true, "river": null, "coastal": null, "physical": null, "point_cat": "settlement", "spat_seq2": 3187, "spat_seq3": 2913, "spat_seq_the": null, "spat_seq_x": 2913, "tribe": null, "pleiades": null, "serial": 5087, "klima": 9 }, "geometry": { "type": "Point", "coordinates": [ 16.0, 32.6666666666667 ] } },
{ "type": "Feature", "properties": { "a_name": "Leptis Magna*", "id": "4.03.13.01", "m_name": "Lebda", "a_category": "413", "the_breite": "31° 40'", "the_laenge": "42°", "category": "41c", "id_map": "AF02", "laenge_x": "42°", "breite_x": "31° 40'", "the_easting": "42", "the_northing": "31.6666666666667", "easting_x": "42", "northing_x": "31.6666666666667", "delta_easting": "0", "delta_northing": "0", "unique_id": 4935, "cat": "polis episemos, an Küste", "the_breite_min": "40", "the_laenge_min": "", "breite_x_min": "40", "laenge_x_min": "", "section": "4.03.13", "chapter": "4.03", "place": "01", "settlement": true, "river": null, "coastal": true, "physical": null, "point_cat": "boundary", "spat_seq2": 3325, "spat_seq3": 3028, "spat_seq_the": 3057, "spat_seq_x": 3028, "tribe": null, "pleiades": null, "serial": 5099, "klima": 9 }, "geometry": { "type": "Point", "coordinates": [ 42.0, 31.6666666666667 ] } },
{ "type": "Feature", "properties": { "a_name": "Neapolis*", "id": "4.03.13.01", "m_name": "Lebda", "a_category": "413", "the_breite": "31° 40'", "the_laenge": "42°", "category": "41c", "id_map": "AF02", "laenge_x": "42°", "breite_x": "31° 40'", "the_easting": "42", "the_northing": "31.6666666666667", "easting_x": "42", "northing_x": "31.6666666666667", "delta_easting": "0", "delta_northing": "0", "unique_id": 4936, "cat": "polis episemos, an Küste", "the_breite_min": "40", "the_laenge_min": "", "breite_x_min": "40", "laenge_x_min": "", "section": "4.03.13", "chapter": "4.03", "place": "01", "settlement": true, "river": null, "coastal": true, "physical": null, "point_cat": "boundary", "spat_seq2": 3326, "spat_seq3": 3029, "spat_seq_the": 3058, "spat_seq_x": 3029, "tribe": null, "pleiades": null, "serial": 5100, "klima": 9 }, "geometry": { "type": "Point", "coordinates": [ 42.0, 31.6666666666667 ] } },
{ "type": "Feature", "properties": { "a_name": "Cirta Iulia*", "id": "4.03.28.04", "m_name": "Constantine", "a_category": "414", "the_breite": "31° 20'", "the_laenge": "26° 50'", "category": "41d", "id_map": "AF02", "laenge_x": "26° 50'", "breite_x": "31° 20'", "the_easting": "26.8333333333333", "the_northing": "31.3333333333333", "easting_x": "26.8333333333333", "northing_x": "31.3333333333333", "delta_easting": "0", "delta_northing": "0", "unique_id": 5064, "cat": "polis episemos, im Binnenland", "the_breite_min": "20", "the_laenge_min": "50", "breite_x_min": "20", "laenge_x_min": "50", "section": "4.03.28", "chapter": "4.03", "place": "04", "settlement": true, "river": null, "coastal": null, "physical": null, "point_cat": "settlement", "spat_seq2": 3366, "spat_seq3": 3066, "spat_seq_the": 3094, "spat_seq_x": 3066, "tribe": null, "pleiades": null, "serial": 5149, "klima": 9 }, "geometry": { "type": "Point", "coordinates": [ 26.8333333333333, 31.3333333333333 ] } },
{ "type": "Feature", "properties": { "a_name": "Cirta Iulia*", "id": "4.03.28.04", "m_name": "Constantine", "a_category": "424", "the_breite": "31° 20'", "the_laenge": "26° 50'", "category": "42d", "id_map": "AF02", "laenge_x": "26° 50'", "breite_x": "31° 20'", "the_easting": "26.8333333333333", "the_northing": "31.3333333333333", "easting_x": "26.8333333333333", "northing_x": "31.3333333333333", "delta_easting": "0", "delta_northing": "0", "unique_id": 5065, "cat": "Koloniestadt, im Binnenland", "the_breite_min": "20", "the_laenge_min": "50", "breite_x_min": "20", "laenge_x_min": "50", "section": "4.03.28", "chapter": "4.03", "place": "04", "settlement": true, "river": null, "coastal": null, "physical": null, "point_cat": "settlement", "spat_seq2": 3367, "spat_seq3": 3067, "spat_seq_the": 3095, "spat_seq_x": 3067, "tribe": null, "pleiades": null, "serial": 5150, "klima": 9 }, "geometry": { "type": "Point", "coordinates": [ 26.8333333333333, 31.3333333333333 ] } },
{ "type": "Feature", "properties": { "a_name": "Bulla Regia*", "id": "4.03.30.04", "m_name": "Hammam Daradji", "a_category": "414", "the_breite": "31° 30'", "the_laenge": "30° 40'", "category": "41d", "id_map": "AF02", "laenge_x": "30° 40'", "breite_x": "31° 30'", "the_easting": "30.6666666666667", "the_northing": "31.5", "easting_x": "30.6666666666667", "northing_x": "31.5", "delta_easting": "0", "delta_northing": "0", "unique_id": 5089, "cat": "polis episemos, im Binnenland", "the_breite_min": "30", "the_laenge_min": "40", "breite_x_min": "30", "laenge_x_min": "40", "section": "4.03.30", "chapter": "4.03", "place": "04", "settlement": true, "river": null, "coastal": null, "physical": null, "point_cat": "settlement", "spat_seq2": 3389, "spat_seq3": 3085, "spat_seq_the": 3113, "spat_seq_x": 3085, "tribe": null, "pleiades": null, "serial": 5162, "klima": 9 }, "geometry": { "type": "Point", "coordinates": [ 30.6666666666667, 31.5 ] } },
{ "type": "Feature", "properties": { "a_name": "Sicca Veneria*", "id": "4.03.30.05", "m_name": "El-Kef", "a_category": "414", "the_breite": "30° 50'", "the_laenge": "30° 30'", "category": "41d", "id_map": "AF02", "laenge_x": "30° 30'", "breite_x": "30° 50'", "the_easting": "30.5", "the_northing": "30.8333333333333", "easting_x": "30.5", "northing_x": "30.8333333333333", "delta_easting": "0", "delta_northing": "0", "unique_id": 5090, "cat": "polis episemos, im Binnenland", "the_breite_min": "50", "the_laenge_min": "30", "breite_x_min": "50", "laenge_x_min": "30", "section": "4.03.30", "chapter": "4.03", "place": "05", "settlement": true, "river": null, "coastal": null, "physical": null, "point_cat": "settlement", "spat_seq2": 3390, "spat_seq3": 3086, "spat_seq_the": 3114, "spat_seq_x": 3086, "tribe": null, "pleiades": null, "serial": 5163, "klima": 9 }, "geometry": { "type": "Point", "coordinates": [ 30.5, 30.8333333333333 ] } },
{ "type": "Feature", "properties": { "a_name": "Sicca Veneria*", "id": "4.03.30.05", "m_name": "El-Kef", "a_category": "424", "the_breite": "30° 50'", "the_laenge": "30° 30'", "category": "42d", "id_map": "AF02", "laenge_x": "30° 30'", "breite_x": "30° 50'", "the_easting": "30.5", "the_northing": "30.8333333333333", "easting_x": "30.5", "northing_x": "30.8333333333333", "delta_easting": "0", "delta_northing": "0", "unique_id": 5091, "cat": "Koloniestadt, im Binnenland", "the_breite_min": "50", "the_laenge_min": "30", "breite_x_min": "50", "laenge_x_min": "30", "section": "4.03.30", "chapter": "4.03", "place": "05", "settlement": true, "river": null, "coastal": null, "physical": null, "point_cat": "settlement", "spat_seq2": 3391, "spat_seq3": 3087, "spat_seq_the": 3115, "spat_seq_x": 3087, "tribe": null, "pleiades": null, "serial": 5164, "klima": 9 }, "geometry": { "type": "Point", "coordinates": [ 30.5, 30.8333333333333 ] } },
{ "type": "Feature", "properties": { "a_name": "Hadrumetum*", "id": "4.03.09.03", "m_name": "Sousse", "a_category": "423", "the_breite": "32° 40'", "the_laenge": "36° 40'", "category": "42c", "id_map": "AF02", "laenge_x": "36° 40'", "breite_x": "32° 40'", "the_easting": "36.6666666666667", "the_northing": "32.6666666666667", "easting_x": "36.6666666666667", "northing_x": "32.6666666666667", "delta_easting": "0", "delta_northing": "0", "unique_id": 4912, "cat": "Koloniestadt, an Küste", "the_breite_min": "40", "the_laenge_min": "40", "breite_x_min": "40", "laenge_x_min": "40", "section": "4.03.09", "chapter": "4.03", "place": "03", "settlement": true, "river": null, "coastal": true, "physical": null, "point_cat": "boundary", "spat_seq2": 3303, "spat_seq3": 3008, "spat_seq_the": 3037, "spat_seq_x": 3008, "tribe": null, "pleiades": null, "serial": 5169, "klima": 9 }, "geometry": { "type": "Point", "coordinates": [ 36.6666666666667, 32.6666666666667 ] } },
{ "type": "Feature", "properties": { "a_name": "Uthina*", "id": "4.03.34.08", "m_name": "Oudna", "a_category": "414", "the_breite": "31° 20'", "the_laenge": "34° 15'", "category": "41d", "id_map": "AF02", "laenge_x": "34° 15'", "breite_x": "31° 20' ", "the_easting": "34.25", "the_northing": "31.3333333333333", "easting_x": "34.25", "northing_x": "31.3333333333333", "delta_easting": "0", "delta_northing": "0", "unique_id": 5141, "cat": "polis episemos, im Binnenland", "the_breite_min": "20", "the_laenge_min": "15", "breite_x_min": "20", "laenge_x_min": "15", "section": "4.03.34", "chapter": "4.03", "place": "08", "settlement": true, "river": null, "coastal": null, "physical": null, "point_cat": "settlement", "spat_seq2": 3436, "spat_seq3": 3124, "spat_seq_the": 3152, "spat_seq_x": 3124, "tribe": null, "pleiades": null, "serial": 5205, "klima": 9 }, "geometry": { "type": "Point", "coordinates": [ 34.25, 31.3333333333333 ] } },
{ "type": "Feature", "properties": { "a_name": "Thysdros*", "id": "4.03.39.01", "m_name": "El-Djem", "a_category": "414", "the_breite": "32° 10'", "the_laenge": "37° 50'", "category": "41d", "id_map": "AF02", "laenge_x": "37° 15'", "breite_x": "32° 10'", "the_easting": "37.8333333333333", "the_northing": "32.1666666666667", "easting_x": "37.25", "northing_x": "32.1666666666667", "delta_easting": "-.5833333333333", "delta_northing": "0", "unique_id": 5181, "cat": "polis episemos, im Binnenland", "the_breite_min": "10", "the_laenge_min": "50", "breite_x_min": "10", "laenge_x_min": "15", "section": "4.03.39", "chapter": "4.03", "place": "01", "settlement": true, "river": null, "coastal": null, "physical": null, "point_cat": "settlement", "spat_seq2": 3475, "spat_seq3": 3155, "spat_seq_the": 3183, "spat_seq_x": 3155, "tribe": null, "pleiades": null, "serial": 5227, "klima": 9 }, "geometry": { "type": "Point", "coordinates": [ 37.25, 32.1666666666667 ] } },
{ "type": "Feature", "properties": { "a_name": "Meninx*", "id": "4.03.45.04", "m_name": "Djerba", "a_category": "415", "the_breite": "31° 20'", "the_laenge": "39° 30'", "category": "41e", "id_map": "AF02", "laenge_x": "39° 30'", "breite_x": "31° 20'", "the_easting": "39.5", "the_northing": "31.3333333333333", "easting_x": "39.5", "northing_x": "31.3333333333333", "delta_easting": "0", "delta_northing": "0", "unique_id": 5234, "cat": "polis episemos, auf Insel", "the_breite_min": "20", "the_laenge_min": "30", "breite_x_min": "20", "laenge_x_min": "30", "section": "4.03.45", "chapter": "4.03", "place": "04", "settlement": true, "river": null, "coastal": null, "physical": true, "point_cat": "offshore", "spat_seq2": 3524, "spat_seq3": 3197, "spat_seq_the": 3223, "spat_seq_x": 3197, "tribe": null, "pleiades": null, "serial": 5275, "klima": 9 }, "geometry": { "type": "Point", "coordinates": [ 39.5, 31.3333333333333 ] } },
{ "type": "Feature", "properties": { "a_name": "Taucheira*", "id": "4.04.04.04", "m_name": "Tokra", "a_category": "413", "the_breite": "31° 20'", "the_laenge": "48° 40'", "category": "41c", "id_map": "AF03", "laenge_x": "48° 20'", "breite_x": "31° 20'", "the_easting": "48.6666666666667", "the_northing": "31.3333333333333", "easting_x": "48.3333333333333", "northing_x": "31.3333333333333", "delta_easting": "-.3333333333334", "delta_northing": "0", "unique_id": 5272, "cat": "polis episemos, an Küste", "the_breite_min": "20", "the_laenge_min": "40", "breite_x_min": "20", "laenge_x_min": "20", "section": "4.04.04", "chapter": "4.04", "place": "04", "settlement": true, "river": null, "coastal": true, "physical": null, "point_cat": "boundary", "spat_seq2": 3549, "spat_seq3": 3222, "spat_seq_the": 3248, "spat_seq_x": 3222, "tribe": null, "pleiades": null, "serial": 5307, "klima": 9 }, "geometry": { "type": "Point", "coordinates": [ 48.3333333333333, 31.3333333333333 ] } },
{ "type": "Feature", "properties": { "a_name": "Ptolemaïs*", "id": "4.04.04.05", "m_name": "Tolmeta", "a_category": "413", "the_breite": "31° 10'", "the_laenge": "49° 05'", "category": "41c", "id_map": "AF03", "laenge_x": "49° 05'", "breite_x": "31° 10'", "the_easting": "49.0833333333333", "the_northing": "31.1666666666667", "easting_x": "49.0833333333333", "northing_x": "31.1666666666667", "delta_easting": "0", "delta_northing": "0", "unique_id": 5273, "cat": "polis episemos, an Küste", "the_breite_min": "10", "the_laenge_min": "05", "breite_x_min": "10", "laenge_x_min": "05", "section": "4.04.04", "chapter": "4.04", "place": "05", "settlement": true, "river": null, "coastal": true, "physical": null, "point_cat": "boundary", "spat_seq2": 3550, "spat_seq3": 3223, "spat_seq_the": 3249, "spat_seq_x": 3223, "tribe": null, "pleiades": null, "serial": 5308, "klima": 9 }, "geometry": { "type": "Point", "coordinates": [ 49.0833333333333, 31.1666666666667 ] } },
{ "type": "Feature", "properties": { "a_name": "Kyrene*", "id": "4.04.11.01", "m_name": "Schahhat", "a_category": "414", "the_breite": "31° 20'", "the_laenge": "50°", "category": "41d", "id_map": "AF03", "laenge_x": "50°", "breite_x": "31° 20'", "the_easting": "50", "the_northing": "31.3333333333333", "easting_x": "50", "northing_x": "31.3333333333333", "delta_easting": "0", "delta_northing": "0", "unique_id": 5315, "cat": "polis episemos, im Binnenland", "the_breite_min": "20", "the_laenge_min": "", "breite_x_min": "20", "laenge_x_min": "", "section": "4.04.11", "chapter": "4.04", "place": "01", "settlement": true, "river": null, "coastal": null, "physical": null, "point_cat": "settlement", "spat_seq2": 3569, "spat_seq3": 3242, "spat_seq_the": 3268, "spat_seq_x": 3242, "tribe": null, "pleiades": null, "serial": 5332, "klima": 9 }, "geometry": { "type": "Point", "coordinates": [ 50.0, 31.3333333333333 ] } },
{ "type": "Feature", "properties": { "a_name": "Chersonesos Megale*", "id": "4.05.02.04", "m_name": "Ras et Tin", "a_category": "413", "the_breite": "31° 40'", "the_laenge": "52°", "category": "41c", "id_map": "AF03", "laenge_x": "52°", "breite_x": "31° 40'", "the_easting": "52", "the_northing": "31.6666666666667", "easting_x": "52", "northing_x": "31.6666666666667", "delta_easting": "0", "delta_northing": "0", "unique_id": 5356, "cat": "polis episemos, an Küste", "the_breite_min": "40", "the_laenge_min": "", "breite_x_min": "40", "laenge_x_min": "", "section": "4.05.02", "chapter": "4.05", "place": "04", "settlement": true, "river": null, "coastal": true, "physical": null, "point_cat": "boundary", "spat_seq2": 3601, "spat_seq3": 3269, "spat_seq_the": 3295, "spat_seq_x": 3269, "tribe": null, "pleiades": null, "serial": 5354, "klima": 9 }, "geometry": { "type": "Point", "coordinates": [ 52.0, 31.6666666666667 ] } },
{ "type": "Feature", "properties": { "a_name": "Paraitonion*", "id": "4.05.06.01", "m_name": "Marsa Matruch", "a_category": "413", "the_breite": "31° 10'", "the_laenge": "57°", "category": "41c", "id_map": "AF03", "laenge_x": "57°", "breite_x": "31° 10'", "the_easting": "57", "the_northing": "31.1666666666667", "easting_x": "57", "northing_x": "31.1666666666667", "delta_easting": "0", "delta_northing": "0", "unique_id": 5377, "cat": "polis episemos, an Küste", "the_breite_min": "10", "the_laenge_min": "", "breite_x_min": "10", "laenge_x_min": "", "section": "4.05.06", "chapter": "4.05", "place": "01", "settlement": true, "river": null, "coastal": true, "physical": null, "point_cat": "boundary", "spat_seq2": 3621, "spat_seq3": 3288, "spat_seq_the": 3314, "spat_seq_x": 3288, "tribe": null, "pleiades": null, "serial": 5378, "klima": 9 }, "geometry": { "type": "Point", "coordinates": [ 57.0, 31.1666666666667 ] } },
{ "type": "Feature", "properties": { "a_name": "Alexandreia*", "id": "4.05.09.03", "m_name": "Alexandria", "a_category": "413", "the_breite": "31°", "the_laenge": "60° 30'", "category": "41c", "id_map": "AF03", "laenge_x": "60° 30'", "breite_x": "31°", "the_easting": "60.5", "the_northing": "31", "easting_x": "60.5", "northing_x": "31", "delta_easting": "0", "delta_northing": "0", "unique_id": 5397, "cat": "polis episemos, an Küste", "the_breite_min": "", "the_laenge_min": "30", "breite_x_min": "", "laenge_x_min": "30", "section": "4.05.09", "chapter": "4.05", "place": "03", "settlement": true, "river": null, "coastal": true, "physical": null, "point_cat": "boundary", "spat_seq2": 3639, "spat_seq3": 3303, "spat_seq_the": 3329, "spat_seq_x": 3303, "tribe": null, "pleiades": null, "serial": 5389, "klima": 9 }, "geometry": { "type": "Point", "coordinates": [ 60.5, 31.0 ] } },
{ "type": "Feature", "properties": { "a_name": "Pelusion*", "id": "4.05.11.01", "m_name": "Tell Farama", "a_category": "413", "the_breite": "31° 15'", "the_laenge": "63° 20'", "category": "41c", "id_map": "AF03", "laenge_x": "63° 30'", "breite_x": "31° 15'", "the_easting": "63.3333333333333", "the_northing": "31.25", "easting_x": "63.5", "northing_x": "31.25", "delta_easting": ".1666666666667", "delta_northing": "0", "unique_id": 5410, "cat": "polis episemos, an Küste", "the_breite_min": "15", "the_laenge_min": "20", "breite_x_min": "15", "laenge_x_min": "30", "section": "4.05.11", "chapter": "4.05", "place": "01", "settlement": true, "river": null, "coastal": true, "physical": null, "point_cat": "boundary", "spat_seq2": 3650, "spat_seq3": 3314, "spat_seq_the": 3340, "spat_seq_x": 3314, "tribe": null, "pleiades": null, "serial": 5404, "klima": 9 }, "geometry": { "type": "Point", "coordinates": [ 63.5, 31.25 ] } },
{ "type": "Feature", "properties": { "a_name": "Kaisareia Panias*", "id": "5.15.21.05", "m_name": "Banias", "a_category": "414", "the_breite": "33°", "the_laenge": "67° 40'", "category": "41d", "id_map": "AS04", "laenge_x": "", "breite_x": "", "the_easting": "67.6666666666667", "the_northing": "33", "easting_x": "", "northing_x": "", "delta_easting": "-67.6666666666667", "delta_northing": "-33", "unique_id": 8125, "cat": "polis episemos, im Binnenland", "the_breite_min": "", "the_laenge_min": "40", "breite_x_min": "", "laenge_x_min": "", "section": "5.15.21", "chapter": "5.15", "place": "05", "settlement": true, "river": null, "coastal": null, "physical": null, "point_cat": "settlement", "spat_seq2": 5352, "spat_seq3": 4895, "spat_seq_the": 4924, "spat_seq_x": null, "tribe": null, "pleiades": null, "serial": 1531, "klima": 9 }, "geometry": { "type": "Point", "coordinates": [ 67.6666666666667, 33.0 ] } },
{ "type": "Feature", "properties": { "a_name": "Hierosolyma*", "id": "5.16.08.01", "m_name": "Jerusalem", "a_category": "414", "the_breite": "31° 40'", "the_laenge": "66°", "category": "41d", "id_map": "AS04", "laenge_x": "", "breite_x": "", "the_easting": "66", "the_northing": "31.6666666666667", "easting_x": "", "northing_x": "", "delta_easting": "-66", "delta_northing": "-31.6666666666667", "unique_id": 8235, "cat": "polis episemos, im Binnenland", "the_breite_min": "40", "the_laenge_min": "", "breite_x_min": "", "laenge_x_min": "", "section": "5.16.08", "chapter": "5.16", "place": "01", "settlement": true, "river": null, "coastal": null, "physical": null, "point_cat": "settlement", "spat_seq2": 5426, "spat_seq3": 4969, "spat_seq_the": 4998, "spat_seq_x": null, "tribe": null, "pleiades": null, "serial": 1605, "klima": 9 }, "geometry": { "type": "Point", "coordinates": [ 66.0, 31.6666666666667 ] } },
{ "type": "Feature", "properties": { "a_name": "Tarsiana*", "id": "6.03.05.09", "m_name": "", "a_category": "414", "the_breite": "32° 30'", "the_laenge": "82°", "category": "41d", "id_map": "AS05", "laenge_x": "", "breite_x": "", "the_easting": "82", "the_northing": "32.5", "easting_x": "", "northing_x": "", "delta_easting": "-82", "delta_northing": "-32.5", "unique_id": 8912, "cat": "polis episemos, im Binnenland", "the_breite_min": "30", "the_laenge_min": "", "breite_x_min": "", "laenge_x_min": "", "section": "6.03.05", "chapter": "6.03", "place": "09", "settlement": true, "river": null, "coastal": null, "physical": null, "point_cat": "settlement", "spat_seq2": 5832, "spat_seq3": 5375, "spat_seq_the": 5404, "spat_seq_x": null, "tribe": null, "pleiades": null, "serial": 1937, "klima": 9 }, "geometry": { "type": "Point", "coordinates": [ 82.0, 32.5 ] } },
{ "type": "Feature", "properties": { "a_name": "Saldae*", "id": "4.02.09.02", "m_name": "Bougie", "a_category": "423", "the_breite": "32° 30'", "the_laenge": "22° ", "category": "42c", "id_map": "AF01", "laenge_x": "22° ", "breite_x": "32° 30'", "the_easting": "22", "the_northing": "32.5", "easting_x": "22", "northing_x": "32.5", "delta_easting": "0", "delta_northing": "0", "unique_id": 4683, "cat": "Koloniestadt, an Küste", "the_breite_min": "30", "the_laenge_min": "", "breite_x_min": "30", "laenge_x_min": "", "section": "4.02.09", "chapter": "4.02", "place": "02", "settlement": true, "river": null, "coastal": true, "physical": null, "point_cat": "boundary", "spat_seq2": 3134, "spat_seq3": 2868, "spat_seq_the": 2894, "spat_seq_x": 2868, "tribe": null, "pleiades": null, "serial": 4948, "klima": 9 }, "geometry": { "type": "Point", "coordinates": [ 22.0, 32.5 ] } },
{ "type": "Feature", "properties": { "a_name": "Zucchabbar*", "id": "4.02.25.05", "m_name": "Miliana", "a_category": "414", "the_breite": "32° 40'", "the_laenge": "16° 50'", "category": "41d", "id_map": "AF01", "laenge_x": "16° 50'", "breite_x": "32° 40'", "the_easting": "16.8333333333333", "the_northing": "32.6666666666667", "easting_x": "16.8333333333333", "northing_x": "32.6666666666667", "delta_easting": "0", "delta_northing": "0", "unique_id": 4790, "cat": "polis episemos, im Binnenland", "the_breite_min": "40", "the_laenge_min": "50", "breite_x_min": "40", "laenge_x_min": "50", "section": "4.02.25", "chapter": "4.02", "place": "05", "settlement": true, "river": null, "coastal": null, "physical": null, "point_cat": "settlement", "spat_seq2": 3191, "spat_seq3": 2917, "spat_seq_the": 2944, "spat_seq_x": 2917, "tribe": null, "pleiades": null, "serial": 4993, "klima": 9 }, "geometry": { "type": "Point", "coordinates": [ 16.8333333333333, 32.6666666666667 ] } },
{ "type": "Feature", "properties": { "a_name": "Berenike*", "id": "4.04.04.02", "m_name": "Bengasi", "a_category": "413", "the_breite": "31° 20'", "the_laenge": "47° 45'", "category": "41c", "id_map": "AF03", "laenge_x": "47° 50'", "breite_x": "31° 20'", "the_easting": "47.75", "the_northing": "31.3333333333333", "easting_x": "47.8333333333333", "northing_x": "31.3333333333333", "delta_easting": ".0833333333333", "delta_northing": "0", "unique_id": 5267, "cat": "polis episemos, an Küste", "the_breite_min": "20", "the_laenge_min": "45", "breite_x_min": "20", "laenge_x_min": "50", "section": "4.04.04", "chapter": "4.04", "place": "02", "settlement": true, "river": null, "coastal": true, "physical": null, "point_cat": "boundary", "spat_seq2": 3545, "spat_seq3": 3218, "spat_seq_the": 3244, "spat_seq_x": 3218, "tribe": null, "pleiades": null, "serial": 5304, "klima": 9 }, "geometry": { "type": "Point", "coordinates": [ 47.8333333333333, 31.3333333333333 ] } },
{ "type": "Feature", "properties": { "a_name": "Alexandreia*", "id": "6.20.04.04", "m_name": "Kandahar", "a_category": "411", "the_breite": "31°", "the_laenge": "114°", "category": "41a", "id_map": "AS09", "laenge_x": "", "breite_x": "", "the_easting": "114", "the_northing": "31", "easting_x": "", "northing_x": "", "delta_easting": "-114", "delta_northing": "-31", "unique_id": 10351, "cat": "polis episemos", "the_breite_min": "", "the_laenge_min": "", "breite_x_min": "", "laenge_x_min": "", "section": "6.20.04", "chapter": "6.20", "place": "04", "settlement": true, "river": null, "coastal": null, "physical": null, "point_cat": "settlement", "spat_seq2": 6484, "spat_seq3": 6027, "spat_seq_the": 6056, "spat_seq_x": null, "tribe": null, "pleiades": null, "serial": 2527, "klima": 9 }, "geometry": { "type": "Point", "coordinates": [ 114.0, 31.0 ] } },
{ "type": "Feature", "properties": { "a_name": "Arachotos*", "id": "6.20.05.01", "m_name": "", "a_category": "411", "the_breite": "30° 20'", "the_laenge": "118°", "category": "41a", "id_map": "AS09", "laenge_x": "", "breite_x": "", "the_easting": "118", "the_northing": "30.3333333333333", "easting_x": "", "northing_x": "", "delta_easting": "-118", "delta_northing": "-30.3333333333333", "unique_id": 10357, "cat": "polis episemos", "the_breite_min": "20", "the_laenge_min": "", "breite_x_min": "", "laenge_x_min": "", "section": "6.20.05", "chapter": "6.20", "place": "01", "settlement": true, "river": null, "coastal": null, "physical": null, "point_cat": "settlement", "spat_seq2": 6489, "spat_seq3": 6032, "spat_seq_the": 6061, "spat_seq_x": null, "tribe": null, "pleiades": null, "serial": 2530, "klima": 9 }, "geometry": { "type": "Point", "coordinates": [ 118.0, 30.3333333333333 ] } },
{ "type": "Feature", "properties": { "a_name": "Taoke*", "id": "6.04.07.01", "m_name": "", "a_category": "414", "the_breite": "30° 20'", "the_laenge": "89°", "category": "41d", "id_map": "AS05", "laenge_x": "", "breite_x": "", "the_easting": "89", "the_northing": "30.3333333333333", "easting_x": "", "northing_x": "", "delta_easting": "-89", "delta_northing": "-30.3333333333333", "unique_id": 8994, "cat": "polis episemos, im Binnenland", "the_breite_min": "20", "the_laenge_min": "", "breite_x_min": "", "laenge_x_min": "", "section": "6.04.07", "chapter": "6.04", "place": "01", "settlement": true, "river": null, "coastal": null, "physical": null, "point_cat": "settlement", "spat_seq2": 5874, "spat_seq3": 5417, "spat_seq_the": 5446, "spat_seq_x": null, "tribe": null, "pleiades": null, "serial": 1962, "klima": 9 }, "geometry": { "type": "Point", "coordinates": [ 89.0, 30.3333333333333 ] } },
{ "type": "Feature", "properties": { "a_name": "Prophthasia*", "id": "6.19.04.02", "m_name": "", "a_category": "411", "the_breite": "32° 20'", "the_laenge": "110°", "category": "41a", "id_map": "AS09", "laenge_x": "", "breite_x": "", "the_easting": "110", "the_northing": "32.3333333333333", "easting_x": "", "northing_x": "", "delta_easting": "-110", "delta_northing": "-32.3333333333333", "unique_id": 10316, "cat": "polis episemos", "the_breite_min": "20", "the_laenge_min": "", "breite_x_min": "", "laenge_x_min": "", "section": "6.19.04", "chapter": "6.19", "place": "02", "settlement": true, "river": null, "coastal": null, "physical": null, "point_cat": "settlement", "spat_seq2": 6466, "spat_seq3": 6009, "spat_seq_the": 6038, "spat_seq_x": null, "tribe": null, "pleiades": null, "serial": 6768, "klima": 9 }, "geometry": { "type": "Point", "coordinates": [ 110.0, 32.3333333333333 ] } },
{ "type": "Feature", "properties": { "a_name": "Hesperiden*", "id": "4.04.04.02", "m_name": "Bengasi", "a_category": "413", "the_breite": "31° 20'", "the_laenge": "47° 45'", "category": "41c", "id_map": "AF03", "laenge_x": "47° 50'", "breite_x": "31° 20'", "the_easting": "47.75", "the_northing": "31.3333333333333", "easting_x": "47.8333333333333", "northing_x": "31.3333333333333", "delta_easting": ".0833333333333", "delta_northing": "0", "unique_id": 5269, "cat": "polis episemos, an Küste", "the_breite_min": "20", "the_laenge_min": "45", "breite_x_min": "20", "laenge_x_min": "50", "section": "4.04.04", "chapter": "4.04", "place": "02", "settlement": true, "river": null, "coastal": true, "physical": null, "point_cat": "boundary", "spat_seq2": 3546, "spat_seq3": 3219, "spat_seq_the": 3245, "spat_seq_x": 3219, "tribe": null, "pleiades": null, "serial": 5305, "klima": 9 }, "geometry": { "type": "Point", "coordinates": [ 47.8333333333333, 31.3333333333333 ] } },
{ "type": "Feature", "properties": { "a_name": "Arsinoe*", "id": "4.04.04.04", "m_name": "Tokra", "a_category": "413", "the_breite": "31° 20'", "the_laenge": "48° 40'", "category": "41c", "id_map": "AF03", "laenge_x": "48° 20'", "breite_x": "31° 20'", "the_easting": "48.6666666666667", "the_northing": "31.3333333333333", "easting_x": "48.3333333333333", "northing_x": "31.3333333333333", "delta_easting": "-.3333333333334", "delta_northing": "0", "unique_id": 5271, "cat": "polis episemos, an Küste", "the_breite_min": "20", "the_laenge_min": "40", "breite_x_min": "20", "laenge_x_min": "20", "section": "4.04.04", "chapter": "4.04", "place": "04", "settlement": true, "river": null, "coastal": true, "physical": null, "point_cat": "boundary", "spat_seq2": 3548, "spat_seq3": 3221, "spat_seq_the": 3247, "spat_seq_x": 3221, "tribe": null, "pleiades": null, "serial": 5306, "klima": 9 }, "geometry": { "type": "Point", "coordinates": [ 48.3333333333333, 31.3333333333333 ] } },
{ "type": "Feature", "properties": { "a_name": "Kaspeira*", "id": "7.01.49.01", "m_name": "", "a_category": "414", "the_breite": "31° 15'", "the_laenge": "127°", "category": "41d", "id_map": "AS10", "laenge_x": "", "breite_x": "", "the_easting": "127", "the_northing": "31.25", "easting_x": "", "northing_x": "", "delta_easting": "-127", "delta_northing": "-31.25", "unique_id": 10773, "cat": "polis episemos, im Binnenland", "the_breite_min": "15", "the_laenge_min": "", "breite_x_min": "", "laenge_x_min": "", "section": "7.01.49", "chapter": "7.01", "place": "01", "settlement": true, "river": null, "coastal": null, "physical": null, "point_cat": "settlement", "spat_seq2": 6738, "spat_seq3": 6281, "spat_seq_the": 6310, "spat_seq_x": null, "tribe": null, "pleiades": null, "serial": 6796, "klima": 9 }, "geometry": { "type": "Point", "coordinates": [ 127.0, 31.25 ] } },
{ "type": "Feature", "properties": { "a_name": "Orchoë*", "id": "5.20.07.08", "m_name": "Warka ", "a_category": "414", "the_breite": "32° 40'", "the_laenge": "78° 30'", "category": "41d", "id_map": "AS04", "laenge_x": "", "breite_x": "", "the_easting": "78.5", "the_northing": "32.6666666666667", "easting_x": "", "northing_x": "", "delta_easting": "-78.5", "delta_northing": "-32.6666666666667", "unique_id": 8584, "cat": "polis episemos, im Binnenland", "the_breite_min": "40", "the_laenge_min": "30", "breite_x_min": "", "laenge_x_min": "", "section": "5.20.07", "chapter": "5.20", "place": "08", "settlement": true, "river": null, "coastal": null, "physical": null, "point_cat": "settlement", "spat_seq2": 5640, "spat_seq3": 5183, "spat_seq_the": 5212, "spat_seq_x": null, "tribe": null, "pleiades": null, "serial": 1795, "klima": 9 }, "geometry": { "type": "Point", "coordinates": [ 78.5, 32.6666666666667 ] } },
{ "type": "Feature", "properties": { "a_name": "Karchedon*", "id": "4.03.07.01", "m_name": "Karthago", "a_category": "413", "the_breite": "32° 40'", "the_laenge": "34° 50'", "category": "41c", "id_map": "AF02", "laenge_x": "34° 50'", "breite_x": "32° 40'", "the_easting": "34.8333333333333", "the_northing": "32.6666666666667", "easting_x": "34.8333333333333", "northing_x": "32.6666666666667", "delta_easting": "0", "delta_northing": "0", "unique_id": 4899, "cat": "polis episemos, an Küste", "the_breite_min": "40", "the_laenge_min": "50", "breite_x_min": "40", "laenge_x_min": "50", "section": "4.03.07", "chapter": "4.03", "place": "01", "settlement": true, "river": null, "coastal": true, "physical": null, "point_cat": "boundary", "spat_seq2": 3290, "spat_seq3": 2995, "spat_seq_the": 3024, "spat_seq_x": 2995, "tribe": null, "pleiades": null, "serial": 5062, "klima": 9 }, "geometry": { "type": "Point", "coordinates": [ 34.8333333333333, 32.6666666666667 ] } },
{ "type": "Feature", "properties": { "a_name": "Neapolis*", "id": "5.16.05.02", "m_name": "Nablus", "a_category": "414", "the_breite": "31° 50'", "the_laenge": "66° 50'", "category": "41d", "id_map": "AS04", "laenge_x": "", "breite_x": "", "the_easting": "66.8333333333333", "the_northing": "31.8333333333333", "easting_x": "", "northing_x": "", "delta_easting": "-66.8333333333333", "delta_northing": "-31.8333333333333", "unique_id": 8214, "cat": "polis episemos, im Binnenland", "the_breite_min": "50", "the_laenge_min": "50", "breite_x_min": "", "laenge_x_min": "", "section": "5.16.05", "chapter": "5.16", "place": "02", "settlement": true, "river": null, "coastal": null, "physical": null, "point_cat": "settlement", "spat_seq2": 5409, "spat_seq3": 4952, "spat_seq_the": 4981, "spat_seq_x": null, "tribe": null, "pleiades": null, "serial": 1590, "klima": 9 }, "geometry": { "type": "Point", "coordinates": [ 66.8333333333333, 31.8333333333333 ] } },
{ "type": "Feature", "properties": { "a_name": "Askalon*", "id": "5.16.02.08", "m_name": "Ashkelon", "a_category": "413", "the_breite": "31° 40'", "the_laenge": "65°", "category": "41c", "id_map": "AS04", "laenge_x": "", "breite_x": "", "the_easting": "65", "the_northing": "31.6666666666667", "easting_x": "", "northing_x": "", "delta_easting": "-65", "delta_northing": "-31.6666666666667", "unique_id": 8198, "cat": "polis episemos, an Küste", "the_breite_min": "40", "the_laenge_min": "", "breite_x_min": "", "laenge_x_min": "", "section": "5.16.02", "chapter": "5.16", "place": "08", "settlement": true, "river": null, "coastal": true, "physical": null, "point_cat": "boundary", "spat_seq2": 5400, "spat_seq3": 4943, "spat_seq_the": 4972, "spat_seq_x": null, "tribe": null, "pleiades": null, "serial": 1579, "klima": 9 }, "geometry": { "type": "Point", "coordinates": [ 65.0, 31.6666666666667 ] } },
{ "type": "Feature", "properties": { "a_name": "Saldae*", "id": "4.02.09.02", "m_name": "Bougie", "a_category": "413", "the_breite": "32° 30'", "the_laenge": "22° ", "category": "41c", "id_map": "AF01", "laenge_x": "22° ", "breite_x": "32° 30'", "the_easting": "22", "the_northing": "32.5", "easting_x": "22", "northing_x": "32.5", "delta_easting": "0", "delta_northing": "0", "unique_id": 4682, "cat": "polis episemos, an Küste", "the_breite_min": "30", "the_laenge_min": "", "breite_x_min": "30", "laenge_x_min": "", "section": "4.02.09", "chapter": "4.02", "place": "02", "settlement": true, "river": null, "coastal": true, "physical": null, "point_cat": "boundary", "spat_seq2": 3133, "spat_seq3": 2867, "spat_seq_the": 2893, "spat_seq_x": 2867, "tribe": null, "pleiades": null, "serial": 4947, "klima": 9 }, "geometry": { "type": "Point", "coordinates": [ 22.0, 32.5 ] } },
{ "type": "Feature", "properties": { "a_name": "Damaskos*", "id": "5.15.22.07", "m_name": "Damaskus", "a_category": "414", "the_breite": "33°", "the_laenge": "69°", "category": "41d", "id_map": "AS04", "laenge_x": "", "breite_x": "", "the_easting": "69", "the_northing": "33", "easting_x": "", "northing_x": "", "delta_easting": "-69", "delta_northing": "-33", "unique_id": 8136, "cat": "polis episemos, im Binnenland", "the_breite_min": "", "the_laenge_min": "", "breite_x_min": "", "laenge_x_min": "", "section": "5.15.22", "chapter": "5.15", "place": "07", "settlement": true, "river": null, "coastal": null, "physical": null, "point_cat": "settlement", "spat_seq2": 5358, "spat_seq3": 4901, "spat_seq_the": 4930, "spat_seq_x": null, "tribe": null, "pleiades": null, "serial": 1537, "klima": 9 }, "geometry": { "type": "Point", "coordinates": [ 69.0, 33.0 ] } },
{ "type": "Feature", "properties": { "a_name": "Ktesiphon*", "id": "6.01.03.11", "m_name": "Al-Ma‘aridh", "a_category": "412", "the_breite": "35°", "the_laenge": "80°", "category": "41b", "id_map": "AS05", "laenge_x": "", "breite_x": "", "the_easting": "80", "the_northing": "35", "easting_x": "", "northing_x": "", "delta_easting": "-80", "delta_northing": "-35", "unique_id": 8627, "cat": "polis episemos, am Fluss", "the_breite_min": "", "the_laenge_min": "", "breite_x_min": "", "laenge_x_min": "", "section": "6.01.03", "chapter": "6.01", "place": "11", "settlement": true, "river": true, "coastal": null, "physical": null, "point_cat": "settlement", "spat_seq2": 5661, "spat_seq3": 5204, "spat_seq_the": 5233, "spat_seq_x": null, "tribe": null, "pleiades": null, "serial": 1804, "klima": 10 }, "geometry": { "type": "Point", "coordinates": [ 80.0, 35.0 ] } },
{ "type": "Feature", "properties": { "a_name": "Areia*", "id": "6.17.07.01", "m_name": "", "a_category": "411", "the_breite": "35°", "the_laenge": "105°", "category": "41a", "id_map": "AS09", "laenge_x": "", "breite_x": "", "the_easting": "105", "the_northing": "35", "easting_x": "", "northing_x": "", "delta_easting": "-105", "delta_northing": "-35", "unique_id": 10240, "cat": "polis episemos", "the_breite_min": "", "the_laenge_min": "", "breite_x_min": "", "laenge_x_min": "", "section": "6.17.07", "chapter": "6.17", "place": "01", "settlement": true, "river": null, "coastal": null, "physical": null, "point_cat": "settlement", "spat_seq2": 6433, "spat_seq3": 5976, "spat_seq_the": 6005, "spat_seq_x": null, "tribe": null, "pleiades": null, "serial": 6756, "klima": 10 }, "geometry": { "type": "Point", "coordinates": [ 105.0, 35.0 ] } },
{ "type": "Feature", "properties": { "a_name": "Marrasion*", "id": "6.04.04.04", "m_name": "", "a_category": "414", "the_breite": "34° 30'", "the_laenge": "92° 30'", "category": "41d", "id_map": "AS05", "laenge_x": "", "breite_x": "", "the_easting": "92.5", "the_northing": "34.5", "easting_x": "", "northing_x": "", "delta_easting": "-92.5", "delta_northing": "-34.5", "unique_id": 8965, "cat": "polis episemos, im Binnenland", "the_breite_min": "30", "the_laenge_min": "30", "breite_x_min": "", "laenge_x_min": "", "section": "6.04.04", "chapter": "6.04", "place": "04", "settlement": true, "river": null, "coastal": null, "physical": null, "point_cat": "settlement", "spat_seq2": 5852, "spat_seq3": 5395, "spat_seq_the": 5424, "spat_seq_x": null, "tribe": null, "pleiades": null, "serial": 1951, "klima": 10 }, "geometry": { "type": "Point", "coordinates": [ 92.5, 34.5 ] } },
{ "type": "Feature", "properties": { "a_name": "Gortyna*", "id": "3.17.10.08", "m_name": "Gortyn bei Ag. Deka", "a_category": "414", "the_breite": "34° 50'", "the_laenge": "54° 15'", "category": "41d", "id_map": "EU10", "laenge_x": "54° 15'", "breite_x": "34° 50'", "the_easting": "54.25", "the_northing": "34.8333333333333", "easting_x": "54.25", "northing_x": "34.8333333333333", "delta_easting": "0", "delta_northing": "0", "unique_id": 4509, "cat": "polis episemos, im Binnenland", "the_breite_min": "50", "the_laenge_min": "15", "breite_x_min": "50", "laenge_x_min": "15", "section": "3.17.10", "chapter": "3.17", "place": "08", "settlement": true, "river": null, "coastal": null, "physical": null, "point_cat": "settlement", "spat_seq2": 3002, "spat_seq3": 2748, "spat_seq_the": 2774, "spat_seq_x": 2748, "tribe": null, "pleiades": null, "serial": 4832, "klima": 10 }, "geometry": { "type": "Point", "coordinates": [ 54.25, 34.8333333333333 ] } },
{ "type": "Feature", "properties": { "a_name": "Heliopolis*", "id": "5.15.22.03", "m_name": "Baalbek", "a_category": "414", "the_breite": "33° 40'", "the_laenge": "68° 40'", "category": "41d", "id_map": "AS04", "laenge_x": "", "breite_x": "", "the_easting": "68.6666666666667", "the_northing": "33.6666666666667", "easting_x": "", "northing_x": "", "delta_easting": "-68.6666666666667", "delta_northing": "-33.6666666666667", "unique_id": 8129, "cat": "polis episemos, im Binnenland", "the_breite_min": "40", "the_laenge_min": "40", "breite_x_min": "", "laenge_x_min": "", "section": "5.15.22", "chapter": "5.15", "place": "03", "settlement": true, "river": null, "coastal": null, "physical": null, "point_cat": "settlement", "spat_seq2": 5353, "spat_seq3": 4896, "spat_seq_the": 4925, "spat_seq_x": null, "tribe": null, "pleiades": null, "serial": 1532, "klima": 10 }, "geometry": { "type": "Point", "coordinates": [ 68.6666666666667, 33.6666666666667 ] } },
{ "type": "Feature", "properties": { "a_name": "Palmyra*", "id": "5.15.24.07", "m_name": "Tadmur", "a_category": "414", "the_breite": "34°", "the_laenge": "71° 30'", "category": "41d", "id_map": "AS04", "laenge_x": "", "breite_x": "", "the_easting": "71.5", "the_northing": "34", "easting_x": "", "northing_x": "", "delta_easting": "-71.5", "delta_northing": "-34", "unique_id": 8157, "cat": "polis episemos, im Binnenland", "the_breite_min": "", "the_laenge_min": "30", "breite_x_min": "", "laenge_x_min": "", "section": "5.15.24", "chapter": "5.15", "place": "07", "settlement": true, "river": null, "coastal": null, "physical": null, "point_cat": "settlement", "spat_seq2": 5377, "spat_seq3": 4920, "spat_seq_the": 4949, "spat_seq_x": null, "tribe": null, "pleiades": null, "serial": 1556, "klima": 10 }, "geometry": { "type": "Point", "coordinates": [ 71.5, 34.0 ] } },
{ "type": "Feature", "properties": { "a_name": "Nikephorion*", "id": "5.18.06.01", "m_name": "Raqqa", "a_category": "412", "the_breite": "35° 20'", "the_laenge": "73° 05'", "category": "41b", "id_map": "AS04", "laenge_x": "", "breite_x": "", "the_easting": "73.0833333333333", "the_northing": "35.3333333333333", "easting_x": "", "northing_x": "", "delta_easting": "-73.0833333333333", "delta_northing": "-35.3333333333333", "unique_id": 8361, "cat": "polis episemos, am Fluss", "the_breite_min": "20", "the_laenge_min": "05", "breite_x_min": "", "laenge_x_min": "", "section": "5.18.06", "chapter": "5.18", "place": "01", "settlement": true, "river": true, "coastal": null, "physical": null, "point_cat": "settlement", "spat_seq2": 5501, "spat_seq3": 5044, "spat_seq_the": 5073, "spat_seq_x": null, "tribe": null, "pleiades": null, "serial": 1680, "klima": 10 }, "geometry": { "type": "Point", "coordinates": [ 73.0833333333333, 35.3333333333333 ] } },
{ "type": "Feature", "properties": { "a_name": "Seleukeia*", "id": "5.18.08.03", "m_name": "Tell Omar", "a_category": "412", "the_breite": "35° 40'", "the_laenge": "79° 20'", "category": "41b", "id_map": "AS04", "laenge_x": "", "breite_x": "", "the_easting": "79.3333333333333", "the_northing": "35.6666666666667", "easting_x": "", "northing_x": "", "delta_easting": "-79.3333333333333", "delta_northing": "-35.6666666666667", "unique_id": 8382, "cat": "polis episemos, am Fluss", "the_breite_min": "40", "the_laenge_min": "20", "breite_x_min": "", "laenge_x_min": "", "section": "5.18.08", "chapter": "5.18", "place": "03", "settlement": true, "river": true, "coastal": null, "physical": null, "point_cat": "settlement", "spat_seq2": 5520, "spat_seq3": 5063, "spat_seq_the": 5092, "spat_seq_x": null, "tribe": null, "pleiades": null, "serial": 1695, "klima": 10 }, "geometry": { "type": "Point", "coordinates": [ 79.3333333333333, 35.6666666666667 ] } },
{ "type": "Feature", "properties": { "a_name": "Tingis Caesarea*", "id": "4.01.05.03", "m_name": "Tanger", "a_category": "413", "the_breite": "35° 55'", "the_laenge": "6° 30'", "category": "41c", "id_map": "AF01", "laenge_x": "6° 30'", "breite_x": "35° 55'", "the_easting": "6.5", "the_northing": "35.9166666666667", "easting_x": "6.5", "northing_x": "35.9166666666667", "delta_easting": "0", "delta_northing": "0", "unique_id": 4556, "cat": "polis episemos, an Küste", "the_breite_min": "55", "the_laenge_min": "30", "breite_x_min": "55", "laenge_x_min": "30", "section": "4.01.05", "chapter": "4.01", "place": "03", "settlement": true, "river": null, "coastal": true, "physical": null, "point_cat": "boundary", "spat_seq2": 3041, "spat_seq3": 2785, "spat_seq_the": 2811, "spat_seq_x": 2785, "tribe": null, "pleiades": null, "serial": 4869, "klima": 10 }, "geometry": { "type": "Point", "coordinates": [ 6.5, 35.9166666666667 ] } },
{ "type": "Feature", "properties": { "a_name": "Zulil*", "id": "4.01.13.02", "m_name": "Asilah ", "a_category": "414", "the_breite": "35° 10'", "the_laenge": "6° 30'", "category": "41d", "id_map": "AF01", "laenge_x": "6° 10'", "breite_x": "35° 10'", "the_easting": "6.5", "the_northing": "35.1666666666667", "easting_x": "6.16666666666667", "northing_x": "35.1666666666667", "delta_easting": "-.33333333333333", "delta_northing": "0", "unique_id": 4605, "cat": "polis episemos, im Binnenland", "the_breite_min": "10", "the_laenge_min": "30", "breite_x_min": "10", "laenge_x_min": "10", "section": "4.01.13", "chapter": "4.01", "place": "02", "settlement": true, "river": null, "coastal": null, "physical": null, "point_cat": "settlement", "spat_seq2": 3063, "spat_seq3": 2807, "spat_seq_the": 2833, "spat_seq_x": 2807, "tribe": null, "pleiades": null, "serial": 4890, "klima": 10 }, "geometry": { "type": "Point", "coordinates": [ 6.16666666666667, 35.1666666666667 ] } },
{ "type": "Feature", "properties": { "a_name": "Lix*", "id": "4.01.13.03", "m_name": "Larache", "a_category": "414", "the_breite": "34° 55'", "the_laenge": "6° 45'", "category": "41d", "id_map": "AF01", "laenge_x": "6° 45'", "breite_x": "35° 30'", "the_easting": "6.75", "the_northing": "34.9166666666667", "easting_x": "6.75", "northing_x": "35.5", "delta_easting": "0", "delta_northing": ".5833333333333", "unique_id": 4606, "cat": "polis episemos, im Binnenland", "the_breite_min": "55", "the_laenge_min": "45", "breite_x_min": "30", "laenge_x_min": "45", "section": "4.01.13", "chapter": "4.01", "place": "03", "settlement": true, "river": null, "coastal": null, "physical": null, "point_cat": "settlement", "spat_seq2": 3064, "spat_seq3": 2808, "spat_seq_the": 2834, "spat_seq_x": 2808, "tribe": null, "pleiades": null, "serial": 4891, "klima": 10 }, "geometry": { "type": "Point", "coordinates": [ 6.75, 35.5 ] } },
{ "type": "Feature", "properties": { "a_name": "Volubilis*", "id": "4.01.14.04", "m_name": "Walila", "a_category": "414", "the_breite": "33° 40'", "the_laenge": "8° 15'", "category": "41d", "id_map": "AF01", "laenge_x": "8° 15'", "breite_x": "33° 40'", "the_easting": "8.25", "the_northing": "33.6666666666667", "easting_x": "8.25", "northing_x": "33.6666666666667", "delta_easting": "0", "delta_northing": "0", "unique_id": 4618, "cat": "polis episemos, im Binnenland", "the_breite_min": "40", "the_laenge_min": "15", "breite_x_min": "40", "laenge_x_min": "15", "section": "4.01.14", "chapter": "4.01", "place": "04", "settlement": true, "river": null, "coastal": null, "physical": null, "point_cat": "settlement", "spat_seq2": 3076, "spat_seq3": 2818, "spat_seq_the": 2844, "spat_seq_x": 2818, "tribe": null, "pleiades": null, "serial": 4905, "klima": 10 }, "geometry": { "type": "Point", "coordinates": [ 8.25, 33.6666666666667 ] } },
{ "type": "Feature", "properties": { "a_name": "Iol Caesarea*", "id": "4.02.05.03", "m_name": "Cherchell", "a_category": "413", "the_breite": "33° 20'", "the_laenge": "17°", "category": "41c", "id_map": "AF01", "laenge_x": "17°", "breite_x": "33° 20'", "the_easting": "17", "the_northing": "33.3333333333333", "easting_x": "17", "northing_x": "33.3333333333333", "delta_easting": "0", "delta_northing": "0", "unique_id": 4663, "cat": "polis episemos, an Küste", "the_breite_min": "20", "the_laenge_min": "", "breite_x_min": "20", "laenge_x_min": "", "section": "4.02.05", "chapter": "4.02", "place": "03", "settlement": true, "river": null, "coastal": true, "physical": null, "point_cat": "boundary", "spat_seq2": 3114, "spat_seq3": 2850, "spat_seq_the": 2876, "spat_seq_x": 2850, "tribe": null, "pleiades": null, "serial": 4932, "klima": 10 }, "geometry": { "type": "Point", "coordinates": [ 17.0, 33.3333333333333 ] } },
{ "type": "Feature", "properties": { "a_name": "Iol Caesarea*", "id": "4.02.05.03", "m_name": "Cherchell", "a_category": "423", "the_breite": "33° 20'", "the_laenge": "17°", "category": "42c", "id_map": "AF01", "laenge_x": "17°", "breite_x": "33° 20'", "the_easting": "17", "the_northing": "33.3333333333333", "easting_x": "17", "northing_x": "33.3333333333333", "delta_easting": "0", "delta_northing": "0", "unique_id": 4664, "cat": "Koloniestadt, an Küste", "the_breite_min": "20", "the_laenge_min": "", "breite_x_min": "20", "laenge_x_min": "", "section": "4.02.05", "chapter": "4.02", "place": "03", "settlement": true, "river": null, "coastal": true, "physical": null, "point_cat": "boundary", "spat_seq2": 3115, "spat_seq3": 2851, "spat_seq_the": 2877, "spat_seq_x": 2851, "tribe": null, "pleiades": null, "serial": 4933, "klima": 10 }, "geometry": { "type": "Point", "coordinates": [ 17.0, 33.3333333333333 ] } },
{ "type": "Feature", "properties": { "a_name": "Apameia*", "id": "5.15.19.05", "m_name": "Qalaat el-Mudiq", "a_category": "414", "the_breite": "34° 45'", "the_laenge": "70°", "category": "41d", "id_map": "AS04", "laenge_x": "", "breite_x": "", "the_easting": "70", "the_northing": "34.75", "easting_x": "", "northing_x": "", "delta_easting": "-70", "delta_northing": "-34.75", "unique_id": 8115, "cat": "polis episemos, im Binnenland", "the_breite_min": "45", "the_laenge_min": "", "breite_x_min": "", "laenge_x_min": "", "section": "5.15.19", "chapter": "5.15", "place": "05", "settlement": true, "river": null, "coastal": null, "physical": null, "point_cat": "settlement", "spat_seq2": 5344, "spat_seq3": 4887, "spat_seq_the": 4916, "spat_seq_x": null, "tribe": null, "pleiades": null, "serial": 1523, "klima": 10 }, "geometry": { "type": "Point", "coordinates": [ 70.0, 34.75 ] } },
{ "type": "Feature", "properties": { "a_name": "Axima*", "id": "6.04.04.06", "m_name": "", "a_category": "414", "the_breite": "33° 50'", "the_laenge": "87° 45'", "category": "41d", "id_map": "AS05", "laenge_x": "", "breite_x": "", "the_easting": "87.75", "the_northing": "33.8333333333333", "easting_x": "", "northing_x": "", "delta_easting": "-87.75", "delta_northing": "-33.8333333333333", "unique_id": 8968, "cat": "polis episemos, im Binnenland", "the_breite_min": "50", "the_laenge_min": "45", "breite_x_min": "", "laenge_x_min": "", "section": "6.04.04", "chapter": "6.04", "place": "06", "settlement": true, "river": null, "coastal": null, "physical": null, "point_cat": "settlement", "spat_seq2": 5854, "spat_seq3": 5397, "spat_seq_the": 5426, "spat_seq_x": null, "tribe": null, "pleiades": null, "serial": 1953, "klima": 10 }, "geometry": { "type": "Point", "coordinates": [ 87.75, 33.8333333333333 ] } },
{ "type": "Feature", "properties": { "a_name": "Persopolis*", "id": "6.04.04.08", "m_name": "Persepolis", "a_category": "414", "the_breite": "33° 20'", "the_laenge": "91°", "category": "41d", "id_map": "AS05", "laenge_x": "", "breite_x": "", "the_easting": "91", "the_northing": "33.3333333333333", "easting_x": "", "northing_x": "", "delta_easting": "-91", "delta_northing": "-33.3333333333333", "unique_id": 8971, "cat": "polis episemos, im Binnenland", "the_breite_min": "20", "the_laenge_min": "", "breite_x_min": "", "laenge_x_min": "", "section": "6.04.04", "chapter": "6.04", "place": "08", "settlement": true, "river": null, "coastal": null, "physical": null, "point_cat": "settlement", "spat_seq2": 5856, "spat_seq3": 5399, "spat_seq_the": 5428, "spat_seq_x": null, "tribe": null, "pleiades": null, "serial": 1955, "klima": 10 }, "geometry": { "type": "Point", "coordinates": [ 91.0, 33.3333333333333 ] } },
{ "type": "Feature", "properties": { "a_name": "Naulibis*", "id": "6.18.05.01", "m_name": "", "a_category": "411", "the_breite": "35° 30'", "the_laenge": "117°", "category": "41a", "id_map": "AS09", "laenge_x": "", "breite_x": "", "the_easting": "117", "the_northing": "35.5", "easting_x": "", "northing_x": "", "delta_easting": "-117", "delta_northing": "-35.5", "unique_id": 10287, "cat": "polis episemos", "the_breite_min": "30", "the_laenge_min": "", "breite_x_min": "", "laenge_x_min": "", "section": "6.18.05", "chapter": "6.18", "place": "01", "settlement": true, "river": null, "coastal": null, "physical": null, "point_cat": "settlement", "spat_seq2": 6455, "spat_seq3": 5998, "spat_seq_the": 6027, "spat_seq_x": null, "tribe": null, "pleiades": null, "serial": 2509, "klima": 10 }, "geometry": { "type": "Point", "coordinates": [ 117.0, 35.5 ] } },
{ "type": "Feature", "properties": { "a_name": "Kabura*", "id": "6.18.05.05", "m_name": "Kabul", "a_category": "411", "the_breite": "35°", "the_laenge": "118°", "category": "41a", "id_map": "AS09", "laenge_x": "", "breite_x": "", "the_easting": "118", "the_northing": "35", "easting_x": "", "northing_x": "", "delta_easting": "-118", "delta_northing": "-35", "unique_id": 10293, "cat": "polis episemos", "the_breite_min": "", "the_laenge_min": "", "breite_x_min": "", "laenge_x_min": "", "section": "6.18.05", "chapter": "6.18", "place": "05", "settlement": true, "river": null, "coastal": null, "physical": null, "point_cat": "settlement", "spat_seq2": 6459, "spat_seq3": 6002, "spat_seq_the": 6031, "spat_seq_x": null, "tribe": null, "pleiades": null, "serial": 2511, "klima": 10 }, "geometry": { "type": "Point", "coordinates": [ 118.0, 35.0 ] } },
{ "type": "Feature", "properties": { "a_name": "Messene*", "id": "3.16.08.04", "m_name": "Mavromati", "a_category": "413", "the_breite": "35° 15'", "the_laenge": "49° 15'", "category": "41c", "id_map": "EU10", "laenge_x": "49° 15'", "breite_x": "35° 15'", "the_easting": "49.25", "the_northing": "35.25", "easting_x": "49.25", "northing_x": "35.25", "delta_easting": "0", "delta_northing": "0", "unique_id": 4315, "cat": "polis episemos, an Küste", "the_breite_min": "15", "the_laenge_min": "15", "breite_x_min": "15", "laenge_x_min": "15", "section": "3.16.08", "chapter": "3.16", "place": "04", "settlement": true, "river": null, "coastal": true, "physical": null, "point_cat": "boundary", "spat_seq2": 2835, "spat_seq3": 2590, "spat_seq_the": 2616, "spat_seq_x": 2590, "tribe": null, "pleiades": null, "serial": 4687, "klima": 10 }, "geometry": { "type": "Point", "coordinates": [ 49.25, 35.25 ] } },
{ "type": "Feature", "properties": { "a_name": "Lakedaimon*", "id": "3.16.22.03", "m_name": "Sparta", "a_category": "414", "the_breite": "35° 30'", "the_laenge": "50° 15'", "category": "41d", "id_map": "EU10", "laenge_x": "50° 15'", "breite_x": "35° 30'", "the_easting": "50.25", "the_northing": "35.5", "easting_x": "50.25", "northing_x": "35.5", "delta_easting": "0", "delta_northing": "0", "unique_id": 4418, "cat": "polis episemos, im Binnenland", "the_breite_min": "30", "the_laenge_min": "15", "breite_x_min": "30", "laenge_x_min": "15", "section": "3.16.22", "chapter": "3.16", "place": "03", "settlement": true, "river": null, "coastal": null, "physical": null, "point_cat": "settlement", "spat_seq2": 2919, "spat_seq3": 2671, "spat_seq_the": 2698, "spat_seq_x": 2671, "tribe": null, "pleiades": null, "serial": 4765, "klima": 10 }, "geometry": { "type": "Point", "coordinates": [ 50.25, 35.5 ] } },
{ "type": "Feature", "properties": { "a_name": "Babylon*", "id": "5.20.06.07", "m_name": "Hillah", "a_category": "412", "the_breite": "35°", "the_laenge": "79°", "category": "41b", "id_map": "AS04", "laenge_x": "", "breite_x": "", "the_easting": "79", "the_northing": "35", "easting_x": "", "northing_x": "", "delta_easting": "-79", "delta_northing": "-35", "unique_id": 8568, "cat": "polis episemos, am Fluss", "the_breite_min": "", "the_laenge_min": "", "breite_x_min": "", "laenge_x_min": "", "section": "5.20.06", "chapter": "5.20", "place": "07", "settlement": true, "river": true, "coastal": null, "physical": null, "point_cat": "settlement", "spat_seq2": 5632, "spat_seq3": 5175, "spat_seq_the": 5204, "spat_seq_x": null, "tribe": null, "pleiades": null, "serial": 1789, "klima": 10 }, "geometry": { "type": "Point", "coordinates": [ 79.0, 35.0 ] } },
{ "type": "Feature", "properties": { "a_name": "Borsippa*", "id": "5.20.06.10", "m_name": "Birs Nimrud", "a_category": "412", "the_breite": "34° 20'", "the_laenge": "78° 45'", "category": "41b", "id_map": "AS04", "laenge_x": "", "breite_x": "", "the_easting": "78.75", "the_northing": "34.3333333333333", "easting_x": "", "northing_x": "", "delta_easting": "-78.75", "delta_northing": "-34.3333333333333", "unique_id": 8571, "cat": "polis episemos, am Fluss", "the_breite_min": "20", "the_laenge_min": "45", "breite_x_min": "", "laenge_x_min": "", "section": "5.20.06", "chapter": "5.20", "place": "10", "settlement": true, "river": true, "coastal": null, "physical": null, "point_cat": "settlement", "spat_seq2": 5634, "spat_seq3": 5177, "spat_seq_the": 5206, "spat_seq_x": null, "tribe": null, "pleiades": null, "serial": 1791, "klima": 10 }, "geometry": { "type": "Point", "coordinates": [ 78.75, 34.3333333333333 ] } },
{ "type": "Feature", "properties": { "a_name": "Carales*", "id": "3.03.04.01", "m_name": "Cagliari", "a_category": "413", "the_breite": "36°", "the_laenge": "32° 30'", "category": "41c", "id_map": "EU07", "laenge_x": "32° 30'", "breite_x": "36°", "the_easting": "32.5", "the_northing": "36", "easting_x": "32.5", "northing_x": "36", "delta_easting": "0", "delta_northing": "0", "unique_id": 2819, "cat": "polis episemos, an Küste", "the_breite_min": "", "the_laenge_min": "30", "breite_x_min": "", "laenge_x_min": "30", "section": "3.03.04", "chapter": "3.03", "place": "01", "settlement": true, "river": null, "coastal": true, "physical": null, "point_cat": "boundary", "spat_seq2": 1866, "spat_seq3": 1701, "spat_seq_the": 1714, "spat_seq_x": 1701, "tribe": null, "pleiades": null, "serial": 755, "klima": 10 }, "geometry": { "type": "Point", "coordinates": [ 32.5, 36.0 ] } },
{ "type": "Feature", "properties": { "a_name": "Patara*", "id": "5.03.03.01", "m_name": "Gelemis", "a_category": "413", "the_breite": "36°", "the_laenge": "60° 30'", "category": "41c", "id_map": "AS01", "laenge_x": "60° 30'", "breite_x": "36°", "the_easting": "60.5", "the_northing": "36", "easting_x": "60.5", "northing_x": "36", "delta_easting": "0", "delta_northing": "0", "unique_id": 6786, "cat": "polis episemos, an Küste", "the_breite_min": "", "the_laenge_min": "30", "breite_x_min": "", "laenge_x_min": "30", "section": "5.03.03", "chapter": "5.03", "place": "01", "settlement": true, "river": null, "coastal": true, "physical": null, "point_cat": "boundary", "spat_seq2": 4446, "spat_seq3": 4046, "spat_seq_the": 4077, "spat_seq_x": 4046, "tribe": null, "pleiades": null, "serial": 6114, "klima": 10 }, "geometry": { "type": "Point", "coordinates": [ 60.5, 36.0 ] } },
{ "type": "Feature", "properties": { "a_name": "Sulci*", "id": "3.03.03.02", "m_name": "S. Antioco", "a_category": "413", "the_breite": "", "the_laenge": "", "category": "41c", "id_map": "EU07", "laenge_x": "30° 45'", "breite_x": "35° 50'", "the_easting": "", "the_northing": "", "easting_x": "30.75", "northing_x": "35.8333333333333", "delta_easting": "30.75", "delta_northing": "35.8333333333333", "unique_id": 2810, "cat": "polis episemos, an Küste", "the_breite_min": "", "the_laenge_min": "", "breite_x_min": "50", "laenge_x_min": "45", "section": "3.03.03", "chapter": "3.03", "place": "02", "settlement": true, "river": null, "coastal": true, "physical": null, "point_cat": "boundary", "spat_seq2": 1857, "spat_seq3": 1692, "spat_seq_the": null, "spat_seq_x": 1692, "tribe": null, "pleiades": null, "serial": 4017, "klima": 10 }, "geometry": { "type": "Point", "coordinates": [ 30.75, 35.8333333333333 ] } },
{ "type": "Feature", "properties": { "a_name": "Telmessos*", "id": "5.03.02.06", "m_name": "Fethiye", "a_category": "413", "the_breite": "", "the_laenge": "", "category": "41c", "id_map": "AS01", "laenge_x": "60° 10'", "breite_x": "35° 50'", "the_easting": "", "the_northing": "", "easting_x": "60.1666666666667", "northing_x": "35.8333333333333", "delta_easting": "60.1666666666667", "delta_northing": "35.8333333333333", "unique_id": 6783, "cat": "polis episemos, an Küste", "the_breite_min": "", "the_laenge_min": "", "breite_x_min": "50", "laenge_x_min": "10", "section": "5.03.02", "chapter": "5.03", "place": "06", "settlement": true, "river": null, "coastal": true, "physical": null, "point_cat": "boundary", "spat_seq2": 4443, "spat_seq3": 4043, "spat_seq_the": null, "spat_seq_x": 4043, "tribe": null, "pleiades": null, "serial": 6110, "klima": 10 }, "geometry": { "type": "Point", "coordinates": [ 60.1666666666667, 35.8333333333333 ] } },
{ "type": "Feature", "properties": { "a_name": "Hispalis*", "id": "2.04.14.01", "m_name": "Sevilla", "a_category": "414", "the_breite": "37° 50'", "the_laenge": "7° 15'", "category": "41d", "id_map": "EU02", "laenge_x": "7° 15'", "breite_x": "37° 50'", "the_easting": "7.25", "the_northing": "37.8333333333333", "easting_x": "7.25", "northing_x": "37.8333333333333", "delta_easting": "0", "delta_northing": "0", "unique_id": 443, "cat": "polis episemos, im Binnenland", "the_breite_min": "50", "the_laenge_min": "15", "breite_x_min": "50", "laenge_x_min": "15", "section": "2.04.14", "chapter": "2.04", "place": "01", "settlement": true, "river": null, "coastal": null, "physical": null, "point_cat": "settlement", "spat_seq2": 303, "spat_seq3": 272, "spat_seq_the": 276, "spat_seq_x": 272, "tribe": "Turdetaner", "pleiades": null, "serial": 44, "klima": 11 }, "geometry": { "type": "Point", "coordinates": [ 7.25, 37.8333333333333 ] } },
{ "type": "Feature", "properties": { "a_name": "Salamis*", "id": "5.14.03.05", "m_name": "Ammokhostos", "a_category": "413", "the_breite": "35° 30'", "the_laenge": "66° 40'", "category": "41c", "id_map": "AS04", "laenge_x": "", "breite_x": "", "the_easting": "66.6666666666667", "the_northing": "35.5", "easting_x": "", "northing_x": "", "delta_easting": "-66.6666666666667", "delta_northing": "-35.5", "unique_id": 7923, "cat": "polis episemos, an Küste", "the_breite_min": "30", "the_laenge_min": "40", "breite_x_min": "", "laenge_x_min": "", "section": "5.14.03", "chapter": "5.14", "place": "05", "settlement": true, "river": null, "coastal": true, "physical": null, "point_cat": "boundary", "spat_seq2": 5209, "spat_seq3": 4752, "spat_seq_the": 4781, "spat_seq_x": null, "tribe": null, "pleiades": null, "serial": 1390, "klima": 10 }, "geometry": { "type": "Point", "coordinates": [ 66.6666666666667, 35.5 ] } },
{ "type": "Feature", "properties": { "a_name": "Lilybaion*", "id": "3.04.05.02", "m_name": "Marsala", "a_category": "413", "the_breite": "36°", "the_laenge": "37°", "category": "41c", "id_map": "EU07", "laenge_x": "37°", "breite_x": "36°", "the_easting": "37", "the_northing": "36", "easting_x": "37", "northing_x": "36", "delta_easting": "0", "delta_northing": "0", "unique_id": 2918, "cat": "polis episemos, an Küste", "the_breite_min": "", "the_laenge_min": "", "breite_x_min": "", "laenge_x_min": "", "section": "3.04.05", "chapter": "3.04", "place": "02", "settlement": true, "river": null, "coastal": true, "physical": null, "point_cat": "boundary", "spat_seq2": 1934, "spat_seq3": 1763, "spat_seq_the": 1779, "spat_seq_x": 1763, "tribe": null, "pleiades": null, "serial": 3866, "klima": 10 }, "geometry": { "type": "Point", "coordinates": [ 37.0, 36.0 ] } },
{ "type": "Feature", "properties": { "a_name": "Kossura*", "id": "4.03.47.02", "m_name": "Pantelleria", "a_category": "350", "the_breite": "34° 20'", "the_laenge": "37° 20'", "category": "35", "id_map": "AF02", "laenge_x": "37° 40'", "breite_x": "34° 20'", "the_easting": "37.3333333333333", "the_northing": "34.3333333333333", "easting_x": "37.6666666666667", "northing_x": "34.3333333333333", "delta_easting": ".3333333333334", "delta_northing": "0", "unique_id": 5239, "cat": "Inselpunkt", "the_breite_min": "20", "the_laenge_min": "20", "breite_x_min": "20", "laenge_x_min": "40", "section": "4.03.47", "chapter": "4.03", "place": "02", "settlement": null, "river": null, "coastal": null, "physical": true, "point_cat": "offshore", "spat_seq2": 3528, "spat_seq3": 3201, "spat_seq_the": 3227, "spat_seq_x": 3201, "tribe": null, "pleiades": null, "serial": 5279, "klima": 10 }, "geometry": { "type": "Point", "coordinates": [ 37.6666666666667, 34.3333333333333 ] } },
{ "type": "Feature", "properties": { "a_name": "Kossura*", "id": "4.03.47.02", "m_name": "Pantelleria", "a_category": "415", "the_breite": "34° 20'", "the_laenge": "37° 20'", "category": "41e", "id_map": "AF02", "laenge_x": "37° 40'", "breite_x": "34° 20'", "the_easting": "37.3333333333333", "the_northing": "34.3333333333333", "easting_x": "37.6666666666667", "northing_x": "34.3333333333333", "delta_easting": ".3333333333334", "delta_northing": "0", "unique_id": 5240, "cat": "polis episemos, auf Insel", "the_breite_min": "20", "the_laenge_min": "20", "breite_x_min": "20", "laenge_x_min": "40", "section": "4.03.47", "chapter": "4.03", "place": "02", "settlement": true, "river": null, "coastal": null, "physical": true, "point_cat": "offshore", "spat_seq2": 3529, "spat_seq3": 3202, "spat_seq_the": 3228, "spat_seq_x": 3202, "tribe": null, "pleiades": null, "serial": 5280, "klima": 10 }, "geometry": { "type": "Point", "coordinates": [ 37.6666666666667, 34.3333333333333 ] } },
{ "type": "Feature", "properties": { "a_name": "Melite*", "id": "4.03.47.05", "m_name": "Malta", "a_category": "415", "the_breite": "34° 40'", "the_laenge": "38° 45'", "category": "41e", "id_map": "AF02", "laenge_x": "38° 45'", "breite_x": "34° 40'", "the_easting": "38.75", "the_northing": "34.6666666666667", "easting_x": "38.75", "northing_x": "34.6666666666667", "delta_easting": "0", "delta_northing": "0", "unique_id": 5244, "cat": "polis episemos, auf Insel", "the_breite_min": "40", "the_laenge_min": "45", "breite_x_min": "40", "laenge_x_min": "45", "section": "4.03.47", "chapter": "4.03", "place": "05", "settlement": true, "river": null, "coastal": null, "physical": true, "point_cat": "boundary", "spat_seq2": 3532, "spat_seq3": 3205, "spat_seq_the": 3231, "spat_seq_x": 3205, "tribe": null, "pleiades": null, "serial": 5291, "klima": 10 }, "geometry": { "type": "Point", "coordinates": [ 38.75, 34.6666666666667 ] } },
{ "type": "Feature", "properties": { "a_name": "Rhodos*", "id": "5.02.34.05", "m_name": "Rhodos", "a_category": "415", "the_breite": "36°", "the_laenge": "58° 40'", "category": "41e", "id_map": "AS01", "laenge_x": "58° 40'", "breite_x": "36°", "the_easting": "58.6666666666667", "the_northing": "36", "easting_x": "58.6666666666667", "northing_x": "36", "delta_easting": "0", "delta_northing": "0", "unique_id": 6768, "cat": "polis episemos, auf Insel", "the_breite_min": "", "the_laenge_min": "40", "breite_x_min": "", "laenge_x_min": "40", "section": "5.02.34", "chapter": "5.02", "place": "05", "settlement": true, "river": null, "coastal": null, "physical": true, "point_cat": "boundary", "spat_seq2": 4435, "spat_seq3": 4036, "spat_seq_the": 4067, "spat_seq_x": 4036, "tribe": null, "pleiades": null, "serial": 6104, "klima": 10 }, "geometry": { "type": "Point", "coordinates": [ 58.6666666666667, 36.0 ] } },
{ "type": "Feature", "properties": { "a_name": "Neu-Paphos*", "id": "5.14.01.04", "m_name": "Paphos", "a_category": "413", "the_breite": "35° 10'", "the_laenge": "64° 20'", "category": "41c", "id_map": "AS04", "laenge_x": "", "breite_x": "", "the_easting": "64.3333333333333", "the_northing": "35.1666666666667", "easting_x": "", "northing_x": "", "delta_easting": "-64.3333333333333", "delta_northing": "-35.1666666666667", "unique_id": 7901, "cat": "polis episemos, an Küste", "the_breite_min": "10", "the_laenge_min": "20", "breite_x_min": "", "laenge_x_min": "", "section": "5.14.01", "chapter": "5.14", "place": "04", "settlement": true, "river": null, "coastal": true, "physical": null, "point_cat": "boundary", "spat_seq2": 5192, "spat_seq3": 4735, "spat_seq_the": 4764, "spat_seq_x": null, "tribe": null, "pleiades": null, "serial": 1373, "klima": 10 }, "geometry": { "type": "Point", "coordinates": [ 64.3333333333333, 35.1666666666667 ] } },
{ "type": "Feature", "properties": { "a_name": "Laodikeia*", "id": "5.15.03.05", "m_name": "Latakia", "a_category": "413", "the_breite": "35° 05'", "the_laenge": "68° 30'", "category": "41c", "id_map": "AS04", "laenge_x": "", "breite_x": "", "the_easting": "68.5", "the_northing": "35.0833333333333", "easting_x": "", "northing_x": "", "delta_easting": "-68.5", "delta_northing": "-35.0833333333333", "unique_id": 7910, "cat": "polis episemos, an Küste", "the_breite_min": "05", "the_laenge_min": "30", "breite_x_min": "", "laenge_x_min": "", "section": "5.15.03", "chapter": "5.15", "place": "05", "settlement": true, "river": null, "coastal": true, "physical": null, "point_cat": "boundary", "spat_seq2": 5198, "spat_seq3": 4741, "spat_seq_the": 4770, "spat_seq_x": null, "tribe": null, "pleiades": null, "serial": 1379, "klima": 10 }, "geometry": { "type": "Point", "coordinates": [ 68.5, 35.0833333333333 ] } },
{ "type": "Feature", "properties": { "a_name": "Knidos*", "id": "5.02.10.05", "m_name": "Datça", "a_category": "413", "the_breite": "36°", "the_laenge": "56° 15'", "category": "41c", "id_map": "AS01", "laenge_x": "56° 15'", "breite_x": "36°", "the_easting": "56.25", "the_northing": "36", "easting_x": "56.25", "northing_x": "36", "delta_easting": "0", "delta_northing": "0", "unique_id": 6553, "cat": "polis episemos, an Küste", "the_breite_min": "", "the_laenge_min": "15", "breite_x_min": "", "laenge_x_min": "15", "section": "5.02.10", "chapter": "5.02", "place": "05", "settlement": true, "river": null, "coastal": true, "physical": null, "point_cat": "boundary", "spat_seq2": 4276, "spat_seq3": 3884, "spat_seq_the": 3916, "spat_seq_x": 3884, "tribe": null, "pleiades": null, "serial": 5954, "klima": 10 }, "geometry": { "type": "Point", "coordinates": [ 56.25, 36.0 ] } },
{ "type": "Feature", "properties": { "a_name": "Knidos*", "id": "5.02.10.05", "m_name": "Datça", "a_category": "330", "the_breite": "36°", "the_laenge": "56° 15'", "category": "33", "id_map": "AS01", "laenge_x": "56° 15'", "breite_x": "36°", "the_easting": "56.25", "the_northing": "36", "easting_x": "56.25", "northing_x": "36", "delta_easting": "0", "delta_northing": "0", "unique_id": 6552, "cat": "Küstenpunkt, Kap, Bucht, grosse Insel", "the_breite_min": "", "the_laenge_min": "15", "breite_x_min": "", "laenge_x_min": "15", "section": "5.02.10", "chapter": "5.02", "place": "05", "settlement": null, "river": null, "coastal": true, "physical": null, "point_cat": "boundary", "spat_seq2": 4275, "spat_seq3": 3883, "spat_seq_the": 3915, "spat_seq_x": 3883, "tribe": null, "pleiades": null, "serial": 5953, "klima": 10 }, "geometry": { "type": "Point", "coordinates": [ 56.25, 36.0 ] } },
{ "type": "Feature", "properties": { "a_name": "Ortospana*", "id": "6.18.05.05", "m_name": "Kabul", "a_category": "411", "the_breite": "35°", "the_laenge": "118°", "category": "41a", "id_map": "AS09", "laenge_x": "", "breite_x": "", "the_easting": "118", "the_northing": "35", "easting_x": "", "northing_x": "", "delta_easting": "-118", "delta_northing": "-35", "unique_id": 10294, "cat": "polis episemos", "the_breite_min": "", "the_laenge_min": "", "breite_x_min": "", "laenge_x_min": "", "section": "6.18.05", "chapter": "6.18", "place": "05", "settlement": true, "river": null, "coastal": null, "physical": null, "point_cat": "settlement", "spat_seq2": 6460, "spat_seq3": 6003, "spat_seq_the": 6032, "spat_seq_x": null, "tribe": null, "pleiades": null, "serial": 2512, "klima": 10 }, "geometry": { "type": "Point", "coordinates": [ 118.0, 35.0 ] } },
{ "type": "Feature", "properties": { "a_name": "Susa*", "id": "6.03.05.04", "m_name": "Schusch", "a_category": "414", "the_breite": "34° 15'", "the_laenge": "84°", "category": "41d", "id_map": "AS05", "laenge_x": "", "breite_x": "", "the_easting": "84", "the_northing": "34.25", "easting_x": "", "northing_x": "", "delta_easting": "-84", "delta_northing": "-34.25", "unique_id": 8906, "cat": "polis episemos, im Binnenland", "the_breite_min": "15", "the_laenge_min": "", "breite_x_min": "", "laenge_x_min": "", "section": "6.03.05", "chapter": "6.03", "place": "04", "settlement": true, "river": null, "coastal": null, "physical": null, "point_cat": "settlement", "spat_seq2": 5827, "spat_seq3": 5370, "spat_seq_the": 5399, "spat_seq_x": null, "tribe": null, "pleiades": null, "serial": 1935, "klima": 10 }, "geometry": { "type": "Point", "coordinates": [ 84.0, 34.25 ] } },
{ "type": "Feature", "properties": { "a_name": "Amathus*", "id": "5.14.02.08", "m_name": "Limassol", "a_category": "413", "the_breite": "35°", "the_laenge": "65° 45'", "category": "41c", "id_map": "AS04", "laenge_x": "", "breite_x": "", "the_easting": "65.75", "the_northing": "35", "easting_x": "", "northing_x": "", "delta_easting": "-65.75", "delta_northing": "-35", "unique_id": 7913, "cat": "polis episemos, an Küste", "the_breite_min": "", "the_laenge_min": "45", "breite_x_min": "", "laenge_x_min": "", "section": "5.14.02", "chapter": "5.14", "place": "08", "settlement": true, "river": null, "coastal": true, "physical": null, "point_cat": "boundary", "spat_seq2": 5201, "spat_seq3": 4744, "spat_seq_the": 4773, "spat_seq_x": null, "tribe": null, "pleiades": null, "serial": 1382, "klima": 10 }, "geometry": { "type": "Point", "coordinates": [ 65.75, 35.0 ] } },
{ "type": "Feature", "properties": { "a_name": "Artakana*", "id": "6.05.04.04", "m_name": "", "a_category": "411", "the_breite": "34° 30'", "the_laenge": "96°", "category": "41a", "id_map": "AS05", "laenge_x": "", "breite_x": "", "the_easting": "96", "the_northing": "34.5", "easting_x": "", "northing_x": "", "delta_easting": "-96", "delta_northing": "-34.5", "unique_id": 9056, "cat": "polis episemos", "the_breite_min": "30", "the_laenge_min": "", "breite_x_min": "", "laenge_x_min": "", "section": "6.05.04", "chapter": "6.05", "place": "04", "settlement": true, "river": null, "coastal": null, "physical": null, "point_cat": "settlement", "spat_seq2": 5910, "spat_seq3": 5453, "spat_seq_the": 5482, "spat_seq_x": null, "tribe": null, "pleiades": null, "serial": 1992, "klima": 10 }, "geometry": { "type": "Point", "coordinates": [ 96.0, 34.5 ] } },
{ "type": "Feature", "properties": { "a_name": "Korinthos*", "id": "3.16.17.02", "m_name": "Korinth", "a_category": "414", "the_breite": "36° 55'", "the_laenge": "51° 15'", "category": "41d", "id_map": "EU10", "laenge_x": "51° 15'", "breite_x": "36° 55'", "the_easting": "51.25", "the_northing": "36.9166666666667", "easting_x": "51.25", "northing_x": "36.9166666666667", "delta_easting": "0", "delta_northing": "0", "unique_id": 4385, "cat": "polis episemos, im Binnenland", "the_breite_min": "55", "the_laenge_min": "15", "breite_x_min": "55", "laenge_x_min": "15", "section": "3.16.17", "chapter": "3.16", "place": "02", "settlement": true, "river": null, "coastal": null, "physical": null, "point_cat": "settlement", "spat_seq2": 2891, "spat_seq3": 2644, "spat_seq_the": 2671, "spat_seq_x": 2644, "tribe": null, "pleiades": null, "serial": 4739, "klima": 11 }, "geometry": { "type": "Point", "coordinates": [ 51.25, 36.9166666666667 ] } },
{ "type": "Feature", "properties": { "a_name": "Ambrodax*", "id": "6.05.02.02", "m_name": "", "a_category": "411", "the_breite": "38° 20'", "the_laenge": "94° 30'", "category": "41a", "id_map": "AS05", "laenge_x": "", "breite_x": "", "the_easting": "94.5", "the_northing": "38.3333333333333", "easting_x": "", "northing_x": "", "delta_easting": "-94.5", "delta_northing": "-38.3333333333333", "unique_id": 9029, "cat": "polis episemos", "the_breite_min": "20", "the_laenge_min": "30", "breite_x_min": "", "laenge_x_min": "", "section": "6.05.02", "chapter": "6.05", "place": "02", "settlement": true, "river": null, "coastal": null, "physical": null, "point_cat": "settlement", "spat_seq2": 5888, "spat_seq3": 5431, "spat_seq_the": 5460, "spat_seq_x": null, "tribe": null, "pleiades": null, "serial": 1971, "klima": 11 }, "geometry": { "type": "Point", "coordinates": [ 94.5, 38.3333333333333 ] } },
{ "type": "Feature", "properties": { "a_name": "Gades*", "id": "2.04.16.03", "m_name": "Cádiz", "a_category": "415", "the_breite": "36° 10'", "the_laenge": "5° 10'", "category": "41e", "id_map": "EU02", "laenge_x": "5° 10'", "breite_x": "36° 40'", "the_easting": "5.16666666666667", "the_northing": "36.1666666666667", "easting_x": "5.16666666666667", "northing_x": "36.6666666666667", "delta_easting": "0", "delta_northing": ".5", "unique_id": 469, "cat": "polis episemos, auf Insel", "the_breite_min": "10", "the_laenge_min": "10", "breite_x_min": "40", "laenge_x_min": "10", "section": "2.04.16", "chapter": "2.04", "place": "03", "settlement": true, "river": null, "coastal": null, "physical": true, "point_cat": "offshore", "spat_seq2": 324, "spat_seq3": 291, "spat_seq_the": 295, "spat_seq_x": 291, "tribe": null, "pleiades": null, "serial": 1238, "klima": 11 }, "geometry": { "type": "Point", "coordinates": [ 5.16666666666667, 36.6666666666667 ] } },
{ "type": "Feature", "properties": { "a_name": "Labbana*", "id": "5.18.09.07", "m_name": "Qalaat Sergat", "a_category": "412", "the_breite": "36° 30'", "the_laenge": "77° 50'", "category": "41b", "id_map": "AS04", "laenge_x": "", "breite_x": "", "the_easting": "77.8333333333333", "the_northing": "36.5", "easting_x": "", "northing_x": "", "delta_easting": "-77.8333333333333", "delta_northing": "-36.5", "unique_id": 8390, "cat": "polis episemos, am Fluss", "the_breite_min": "30", "the_laenge_min": "50", "breite_x_min": "", "laenge_x_min": "", "section": "5.18.09", "chapter": "5.18", "place": "07", "settlement": true, "river": true, "coastal": null, "physical": null, "point_cat": "settlement", "spat_seq2": 5526, "spat_seq3": 5069, "spat_seq_the": 5098, "spat_seq_x": null, "tribe": null, "pleiades": null, "serial": 1700, "klima": 11 }, "geometry": { "type": "Point", "coordinates": [ 77.8333333333333, 36.5 ] } },
{ "type": "Feature", "properties": { "a_name": "Edessa*", "id": "5.18.10.02", "m_name": "Urfa", "a_category": "414", "the_breite": "37° 30'", "the_laenge": "72° 30'", "category": "41d", "id_map": "AS04", "laenge_x": "", "breite_x": "", "the_easting": "72.5", "the_northing": "37.5", "easting_x": "", "northing_x": "", "delta_easting": "-72.5", "delta_northing": "-37.5", "unique_id": 8401, "cat": "polis episemos, im Binnenland", "the_breite_min": "30", "the_laenge_min": "30", "breite_x_min": "", "laenge_x_min": "", "section": "5.18.10", "chapter": "5.18", "place": "02", "settlement": true, "river": null, "coastal": null, "physical": null, "point_cat": "settlement", "spat_seq2": 5533, "spat_seq3": 5076, "spat_seq_the": 5105, "spat_seq_x": null, "tribe": null, "pleiades": null, "serial": 1706, "klima": 11 }, "geometry": { "type": "Point", "coordinates": [ 72.5, 37.5 ] } },
{ "type": "Feature", "properties": { "a_name": "Nisibis*", "id": "5.18.11.05", "m_name": "Nesibin", "a_category": "414", "the_breite": "37° 30'", "the_laenge": "75° 10'", "category": "41d", "id_map": "AS04", "laenge_x": "", "breite_x": "", "the_easting": "75.1666666666667", "the_northing": "37.5", "easting_x": "", "northing_x": "", "delta_easting": "-75.1666666666667", "delta_northing": "-37.5", "unique_id": 8415, "cat": "polis episemos, im Binnenland", "the_breite_min": "30", "the_laenge_min": "10", "breite_x_min": "", "laenge_x_min": "", "section": "5.18.11", "chapter": "5.18", "place": "05", "settlement": true, "river": null, "coastal": null, "physical": null, "point_cat": "settlement", "spat_seq2": 5545, "spat_seq3": 5088, "spat_seq_the": 5117, "spat_seq_x": null, "tribe": null, "pleiades": null, "serial": 1717, "klima": 11 }, "geometry": { "type": "Point", "coordinates": [ 75.1666666666667, 37.5 ] } },
{ "type": "Feature", "properties": { "a_name": "Arbela*", "id": "6.01.05.06", "m_name": "Erbil", "a_category": "414", "the_breite": "37° 15'", "the_laenge": "80°", "category": "41d", "id_map": "AS05", "laenge_x": "", "breite_x": "", "the_easting": "80", "the_northing": "37.25", "easting_x": "", "northing_x": "", "delta_easting": "-80", "delta_northing": "-37.25", "unique_id": 8644, "cat": "polis episemos, im Binnenland", "the_breite_min": "15", "the_laenge_min": "", "breite_x_min": "", "laenge_x_min": "", "section": "6.01.05", "chapter": "6.01", "place": "06", "settlement": true, "river": null, "coastal": null, "physical": null, "point_cat": "settlement", "spat_seq2": 5675, "spat_seq3": 5218, "spat_seq_the": 5247, "spat_seq_x": null, "tribe": null, "pleiades": null, "serial": 1809, "klima": 11 }, "geometry": { "type": "Point", "coordinates": [ 80.0, 37.25 ] } },
{ "type": "Feature", "properties": { "a_name": "Arsakia*", "id": "6.02.16.01", "m_name": "", "a_category": "414", "the_breite": "36° 30'", "the_laenge": "88°", "category": "41d", "id_map": "AS05", "laenge_x": "", "breite_x": "", "the_easting": "88", "the_northing": "36.5", "easting_x": "", "northing_x": "", "delta_easting": "-88", "delta_northing": "-36.5", "unique_id": 8830, "cat": "polis episemos, im Binnenland", "the_breite_min": "30", "the_laenge_min": "", "breite_x_min": "", "laenge_x_min": "", "section": "6.02.16", "chapter": "6.02", "place": "01", "settlement": true, "river": null, "coastal": null, "physical": null, "point_cat": "settlement", "spat_seq2": 5787, "spat_seq3": 5330, "spat_seq_the": 5359, "spat_seq_x": null, "tribe": null, "pleiades": null, "serial": 1900, "klima": 11 }, "geometry": { "type": "Point", "coordinates": [ 88.0, 36.5 ] } },
{ "type": "Feature", "properties": { "a_name": "Syrakusai*", "id": "3.04.09.01", "m_name": "Syrakus", "a_category": "413", "the_breite": "37° 15'", "the_laenge": "39° 30'", "category": "41c", "id_map": "EU07", "laenge_x": "39° 20'", "breite_x": "37°", "the_easting": "39.5", "the_northing": "37.25", "easting_x": "39.3333333333333", "northing_x": "37", "delta_easting": "-.1666666666667", "delta_northing": "-.25", "unique_id": 2942, "cat": "polis episemos, an Küste", "the_breite_min": "15", "the_laenge_min": "30", "breite_x_min": "", "laenge_x_min": "20", "section": "3.04.09", "chapter": "3.04", "place": "01", "settlement": true, "river": null, "coastal": true, "physical": null, "point_cat": "boundary", "spat_seq2": 1957, "spat_seq3": 1785, "spat_seq_the": 1801, "spat_seq_x": 1785, "tribe": null, "pleiades": null, "serial": 3885, "klima": 11 }, "geometry": { "type": "Point", "coordinates": [ 39.3333333333333, 37.0 ] } },
{ "type": "Feature", "properties": { "a_name": "Katane*", "id": "3.04.09.05", "m_name": "Catania", "a_category": "423", "the_breite": "37° 40'", "the_laenge": "39° 35'", "category": "42c", "id_map": "EU07", "laenge_x": "39° 35'", "breite_x": "37° 40'", "the_easting": "39.5833333333333", "the_northing": "37.6666666666667", "easting_x": "39.5833333333333", "northing_x": "37.6666666666667", "delta_easting": "0", "delta_northing": "0", "unique_id": 2948, "cat": "Koloniestadt, an Küste", "the_breite_min": "40", "the_laenge_min": "35", "breite_x_min": "40", "laenge_x_min": "35", "section": "3.04.09", "chapter": "3.04", "place": "05", "settlement": true, "river": null, "coastal": true, "physical": null, "point_cat": "boundary", "spat_seq2": 1963, "spat_seq3": 1790, "spat_seq_the": 1806, "spat_seq_x": 1790, "tribe": null, "pleiades": null, "serial": 3889, "klima": 11 }, "geometry": { "type": "Point", "coordinates": [ 39.5833333333333, 37.6666666666667 ] } },
{ "type": "Feature", "properties": { "a_name": "Messene*", "id": "3.04.09.09", "m_name": "Messina", "a_category": "413", "the_breite": "38° 30'", "the_laenge": "39° 30'", "category": "41c", "id_map": "EU07", "laenge_x": "39° 30'", "breite_x": "38° 20'", "the_easting": "39.5", "the_northing": "38.5", "easting_x": "39.5", "northing_x": "38.3333333333333", "delta_easting": "0", "delta_northing": "-.1666666666667", "unique_id": 2952, "cat": "polis episemos, an Küste", "the_breite_min": "30", "the_laenge_min": "30", "breite_x_min": "20", "laenge_x_min": "30", "section": "3.04.09", "chapter": "3.04", "place": "09", "settlement": true, "river": null, "coastal": true, "physical": null, "point_cat": "boundary", "spat_seq2": 1967, "spat_seq3": 1794, "spat_seq_the": 1810, "spat_seq_x": 1794, "tribe": null, "pleiades": null, "serial": 3893, "klima": 11 }, "geometry": { "type": "Point", "coordinates": [ 39.5, 38.3333333333333 ] } },
{ "type": "Feature", "properties": { "a_name": "Kentoripa*", "id": "3.04.13.01", "m_name": "Centuripe", "a_category": "414", "the_breite": "37° 45'", "the_laenge": "38° 30'", "category": "41d", "id_map": "EU07", "laenge_x": "38° 30'", "breite_x": "37° 50'", "the_easting": "38.5", "the_northing": "37.75", "easting_x": "38.5", "northing_x": "37.8333333333333", "delta_easting": "0", "delta_northing": ".0833333333333", "unique_id": 2968, "cat": "polis episemos, im Binnenland", "the_breite_min": "45", "the_laenge_min": "30", "breite_x_min": "50", "laenge_x_min": "30", "section": "3.04.13", "chapter": "3.04", "place": "01", "settlement": true, "river": null, "coastal": null, "physical": null, "point_cat": "settlement", "spat_seq2": 1977, "spat_seq3": 1802, "spat_seq_the": 1818, "spat_seq_x": 1802, "tribe": null, "pleiades": null, "serial": 3897, "klima": 11 }, "geometry": { "type": "Point", "coordinates": [ 38.5, 37.8333333333333 ] } },
{ "type": "Feature", "properties": { "a_name": "Segesta*", "id": "3.04.15.01", "m_name": "Segesta", "a_category": "414", "the_breite": "36° 30'", "the_laenge": "37° 10'", "category": "41d", "id_map": "EU07", "laenge_x": "37° 05'", "breite_x": "36° 30'", "the_easting": "37.1666666666667", "the_northing": "36.5", "easting_x": "37.0833333333333", "northing_x": "36.5", "delta_easting": "-.0833333333334", "delta_northing": "0", "unique_id": 2995, "cat": "polis episemos, im Binnenland", "the_breite_min": "30", "the_laenge_min": "10", "breite_x_min": "30", "laenge_x_min": "05", "section": "3.04.15", "chapter": "3.04", "place": "01", "settlement": true, "river": null, "coastal": null, "physical": null, "point_cat": "settlement", "spat_seq2": 2004, "spat_seq3": 1828, "spat_seq_the": 1843, "spat_seq_x": 1828, "tribe": null, "pleiades": null, "serial": 3919, "klima": 11 }, "geometry": { "type": "Point", "coordinates": [ 37.0833333333333, 36.5 ] } },
{ "type": "Feature", "properties": { "a_name": "Korkyra*", "id": "3.14.11.05", "m_name": "Korfu", "a_category": "415", "the_breite": "37° 45'", "the_laenge": "45° 40'", "category": "41e", "id_map": "EU10", "laenge_x": "45° 40'", "breite_x": "37° 55'", "the_easting": "45.6666666666667", "the_northing": "37.75", "easting_x": "45.6666666666667", "northing_x": "37.9166666666667", "delta_easting": "0", "delta_northing": ".1666666666667", "unique_id": 4053, "cat": "polis episemos, auf Insel", "the_breite_min": "45", "the_laenge_min": "40", "breite_x_min": "55", "laenge_x_min": "40", "section": "3.14.11", "chapter": "3.14", "place": "05", "settlement": true, "river": null, "coastal": null, "physical": true, "point_cat": "offshore", "spat_seq2": 2645, "spat_seq3": 2408, "spat_seq_the": 2433, "spat_seq_x": 2408, "tribe": null, "pleiades": null, "serial": 4499, "klima": 11 }, "geometry": { "type": "Point", "coordinates": [ 45.6666666666667, 37.9166666666667 ] } },
{ "type": "Feature", "properties": { "a_name": "Ottorokora*", "id": "6.16.08.05", "m_name": "", "a_category": "411", "the_breite": "37° 15'", "the_laenge": "165°", "category": "41a", "id_map": "AS08", "laenge_x": "", "breite_x": "", "the_easting": "165", "the_northing": "37.25", "easting_x": "", "northing_x": "", "delta_easting": "-165", "delta_northing": "-37.25", "unique_id": 10159, "cat": "polis episemos", "the_breite_min": "15", "the_laenge_min": "", "breite_x_min": "", "laenge_x_min": "", "section": "6.16.08", "chapter": "6.16", "place": "05", "settlement": true, "river": null, "coastal": null, "physical": null, "point_cat": "settlement", "spat_seq2": 6394, "spat_seq3": 5937, "spat_seq_the": 5966, "spat_seq_x": null, "tribe": null, "pleiades": null, "serial": 2457, "klima": 11 }, "geometry": { "type": "Point", "coordinates": [ 165.0, 37.25 ] } },
{ "type": "Feature", "properties": { "a_name": "Böotisches Theben*", "id": "3.15.20.14", "m_name": "Thivai", "a_category": "414", "the_breite": "37° 50'", "the_laenge": "52° 40'", "category": "41d", "id_map": "EU10", "laenge_x": "52° 40'", "breite_x": "37° 55'", "the_easting": "52.6666666666667", "the_northing": "37.8333333333333", "easting_x": "52.6666666666667", "northing_x": "37.9166666666667", "delta_easting": "0", "delta_northing": ".0833333333334", "unique_id": 4194, "cat": "polis episemos, im Binnenland", "the_breite_min": "50", "the_laenge_min": "40", "breite_x_min": "55", "laenge_x_min": "40", "section": "3.15.20", "chapter": "3.15", "place": "14", "settlement": true, "river": null, "coastal": null, "physical": null, "point_cat": "settlement", "spat_seq2": 2741, "spat_seq3": 2500, "spat_seq_the": 2524, "spat_seq_x": 2500, "tribe": null, "pleiades": null, "serial": 4595, "klima": 11 }, "geometry": { "type": "Point", "coordinates": [ 52.6666666666667, 37.9166666666667 ] } },
{ "type": "Feature", "properties": { "a_name": "Megara*", "id": "3.15.21.02", "m_name": "Megara", "a_category": "414", "the_breite": "37° 25'", "the_laenge": "52°", "category": "41d", "id_map": "EU10", "laenge_x": "52°", "breite_x": "37° 25'", "the_easting": "52", "the_northing": "37.4166666666667", "easting_x": "52", "northing_x": "37.4166666666667", "delta_easting": "0", "delta_northing": "0", "unique_id": 4197, "cat": "polis episemos, im Binnenland", "the_breite_min": "25", "the_laenge_min": "", "breite_x_min": "25", "laenge_x_min": "", "section": "3.15.21", "chapter": "3.15", "place": "02", "settlement": true, "river": null, "coastal": null, "physical": null, "point_cat": "settlement", "spat_seq2": 2743, "spat_seq3": 2502, "spat_seq_the": 2526, "spat_seq_x": 2502, "tribe": null, "pleiades": null, "serial": 4597, "klima": 11 }, "geometry": { "type": "Point", "coordinates": [ 52.0, 37.4166666666667 ] } },
{ "type": "Feature", "properties": { "a_name": "Athenai*", "id": "3.15.22.03", "m_name": "Athen", "a_category": "414", "the_breite": "37° 15'", "the_laenge": "52° 45'", "category": "41d", "id_map": "EU10", "laenge_x": "52° 45'", "breite_x": "37° 15'", "the_easting": "52.75", "the_northing": "37.25", "easting_x": "52.75", "northing_x": "37.25", "delta_easting": "0", "delta_northing": "0", "unique_id": 4200, "cat": "polis episemos, im Binnenland", "the_breite_min": "15", "the_laenge_min": "45", "breite_x_min": "15", "laenge_x_min": "45", "section": "3.15.22", "chapter": "3.15", "place": "03", "settlement": true, "river": null, "coastal": null, "physical": null, "point_cat": "settlement", "spat_seq2": 2745, "spat_seq3": 2504, "spat_seq_the": 2528, "spat_seq_x": 2504, "tribe": null, "pleiades": null, "serial": 4599, "klima": 11 }, "geometry": { "type": "Point", "coordinates": [ 52.75, 37.25 ] } },
{ "type": "Feature", "properties": { "a_name": "Karystos*", "id": "3.15.24.07", "m_name": "Karystos", "a_category": "415", "the_breite": "37° 40'", "the_laenge": "54° 30'", "category": "41e", "id_map": "EU10", "laenge_x": "54° 30'", "breite_x": "37° 40'", "the_easting": "54.5", "the_northing": "37.6666666666667", "easting_x": "54.5", "northing_x": "37.6666666666667", "delta_easting": "0", "delta_northing": "0", "unique_id": 4216, "cat": "polis episemos, auf Insel", "the_breite_min": "40", "the_laenge_min": "30", "breite_x_min": "40", "laenge_x_min": "30", "section": "3.15.24", "chapter": "3.15", "place": "07", "settlement": true, "river": null, "coastal": null, "physical": true, "point_cat": "boundary", "spat_seq2": 2757, "spat_seq3": 2516, "spat_seq_the": 2540, "spat_seq_x": 2516, "tribe": null, "pleiades": null, "serial": 4611, "klima": 11 }, "geometry": { "type": "Point", "coordinates": [ 54.5, 37.6666666666667 ] } },
{ "type": "Feature", "properties": { "a_name": "Andriake*", "id": "5.03.03.03", "m_name": "Kale", "a_category": "413", "the_breite": "36° 25'", "the_laenge": "60° 45'", "category": "41c", "id_map": "AS01", "laenge_x": "60° 45'", "breite_x": "36° 25'", "the_easting": "60.75", "the_northing": "36.4166666666667", "easting_x": "60.75", "northing_x": "36.4166666666667", "delta_easting": "0", "delta_northing": "0", "unique_id": 6788, "cat": "polis episemos, an Küste", "the_breite_min": "25", "the_laenge_min": "45", "breite_x_min": "25", "laenge_x_min": "45", "section": "5.03.03", "chapter": "5.03", "place": "03", "settlement": true, "river": null, "coastal": true, "physical": null, "point_cat": "boundary", "spat_seq2": 4448, "spat_seq3": 4048, "spat_seq_the": 4079, "spat_seq_x": 4048, "tribe": null, "pleiades": null, "serial": 6116, "klima": 11 }, "geometry": { "type": "Point", "coordinates": [ 60.75, 36.4166666666667 ] } },
{ "type": "Feature", "properties": { "a_name": "Side*", "id": "5.05.02.10", "m_name": "Selimiye", "a_category": "413", "the_breite": "36° 40'", "the_laenge": "63° 25'", "category": "41c", "id_map": "AS01", "laenge_x": "63° 25'", "breite_x": "36° 40'", "the_easting": "63.4166666666667", "the_northing": "36.6666666666667", "easting_x": "63.4166666666667", "northing_x": "36.6666666666667", "delta_easting": "0", "delta_northing": "0", "unique_id": 6971, "cat": "polis episemos, an Küste", "the_breite_min": "40", "the_laenge_min": "25", "breite_x_min": "40", "laenge_x_min": "25", "section": "5.05.02", "chapter": "5.05", "place": "10", "settlement": true, "river": null, "coastal": true, "physical": null, "point_cat": "boundary", "spat_seq2": 4593, "spat_seq3": 4176, "spat_seq_the": 4206, "spat_seq_x": 4176, "tribe": null, "pleiades": null, "serial": 6239, "klima": 11 }, "geometry": { "type": "Point", "coordinates": [ 63.4166666666667, 36.6666666666667 ] } },
{ "type": "Feature", "properties": { "a_name": "Termessos*", "id": "5.05.06.10", "m_name": "Termessos", "a_category": "414", "the_breite": "37° 15'", "the_laenge": "62° 10'", "category": "41d", "id_map": "AS01", "laenge_x": "62° 10'", "breite_x": "37° 15'", "the_easting": "62.1666666666667", "the_northing": "37.25", "easting_x": "62.1666666666667", "northing_x": "37.25", "delta_easting": "0", "delta_northing": "0", "unique_id": 6996, "cat": "polis episemos, im Binnenland", "the_breite_min": "15", "the_laenge_min": "10", "breite_x_min": "15", "laenge_x_min": "10", "section": "5.05.06", "chapter": "5.05", "place": "10", "settlement": true, "river": null, "coastal": null, "physical": null, "point_cat": "settlement", "spat_seq2": 4615, "spat_seq3": 4196, "spat_seq_the": 4225, "spat_seq_x": 4196, "tribe": null, "pleiades": null, "serial": 6258, "klima": 11 }, "geometry": { "type": "Point", "coordinates": [ 62.1666666666667, 37.25 ] } },
{ "type": "Feature", "properties": { "a_name": "Perge*", "id": "5.05.07.02", "m_name": "Aksu", "a_category": "414", "the_breite": "36° 55'", "the_laenge": "62° 15'", "category": "41d", "id_map": "AS01", "laenge_x": "61° 45'", "breite_x": "36° 50'", "the_easting": "62.25", "the_northing": "36.9166666666667", "easting_x": "61.75", "northing_x": "36.8333333333333", "delta_easting": "-.5", "delta_northing": "-.0833333333334", "unique_id": 6998, "cat": "polis episemos, im Binnenland", "the_breite_min": "55", "the_laenge_min": "15", "breite_x_min": "50", "laenge_x_min": "45", "section": "5.05.07", "chapter": "5.05", "place": "02", "settlement": true, "river": null, "coastal": null, "physical": null, "point_cat": "settlement", "spat_seq2": 4616, "spat_seq3": 4197, "spat_seq_the": 4226, "spat_seq_x": 4197, "tribe": null, "pleiades": null, "serial": 6259, "klima": 11 }, "geometry": { "type": "Point", "coordinates": [ 61.75, 36.8333333333333 ] } },
{ "type": "Feature", "properties": { "a_name": "Selinus*", "id": "5.08.02.04", "m_name": "Silinti", "a_category": "413", "the_breite": "36° 45'", "the_laenge": "64° 20'", "category": "41c", "id_map": "AS01", "laenge_x": "64° 20'", "breite_x": "36° 45'", "the_easting": "64.3333333333333", "the_northing": "36.75", "easting_x": "64.3333333333333", "northing_x": "36.75", "delta_easting": "0", "delta_northing": "0", "unique_id": 7313, "cat": "polis episemos, an Küste", "the_breite_min": "45", "the_laenge_min": "20", "breite_x_min": "45", "laenge_x_min": "20", "section": "5.08.02", "chapter": "5.08", "place": "04", "settlement": true, "river": null, "coastal": true, "physical": null, "point_cat": "boundary", "spat_seq2": 4861, "spat_seq3": 4424, "spat_seq_the": 4452, "spat_seq_x": 4424, "tribe": null, "pleiades": null, "serial": 6485, "klima": 11 }, "geometry": { "type": "Point", "coordinates": [ 64.3333333333333, 36.75 ] } },
{ "type": "Feature", "properties": { "a_name": "Tarsos*", "id": "5.08.07.02", "m_name": "Tarsus", "a_category": "414", "the_breite": "36° 50'", "the_laenge": "67° 40'", "category": "41d", "id_map": "AS01", "laenge_x": "67° 40'", "breite_x": "36° 50'", "the_easting": "67.6666666666667", "the_northing": "36.8333333333333", "easting_x": "67.6666666666667", "northing_x": "36.8333333333333", "delta_easting": "0", "delta_northing": "0", "unique_id": 7365, "cat": "polis episemos, im Binnenland", "the_breite_min": "50", "the_laenge_min": "40", "breite_x_min": "50", "laenge_x_min": "40", "section": "5.08.07", "chapter": "5.08", "place": "02", "settlement": true, "river": null, "coastal": null, "physical": null, "point_cat": "settlement", "spat_seq2": 4901, "spat_seq3": 4462, "spat_seq_the": 4490, "spat_seq_x": 4462, "tribe": null, "pleiades": null, "serial": 6523, "klima": 11 }, "geometry": { "type": "Point", "coordinates": [ 67.6666666666667, 36.8333333333333 ] } },
{ "type": "Feature", "properties": { "a_name": "Corduba*", "id": "2.04.11.01", "m_name": "Córdoba", "a_category": "414", "the_breite": "38° 05'", "the_laenge": "9° 20'", "category": "41d", "id_map": "EU02", "laenge_x": "9° 20'", "breite_x": "38° 20'", "the_easting": "9.33333333333333", "the_northing": "38.0833333333333", "easting_x": "9.33333333333333", "northing_x": "38.3333333333333", "delta_easting": "0", "delta_northing": ".25", "unique_id": 386, "cat": "polis episemos, im Binnenland", "the_breite_min": "05", "the_laenge_min": "20", "breite_x_min": "20", "laenge_x_min": "20", "section": "2.04.11", "chapter": "2.04", "place": "01", "settlement": true, "river": null, "coastal": null, "physical": null, "point_cat": "settlement", "spat_seq2": 249, "spat_seq3": 222, "spat_seq_the": 226, "spat_seq_x": 222, "tribe": "Turduler", "pleiades": null, "serial": 1216, "klima": 11 }, "geometry": { "type": "Point", "coordinates": [ 9.33333333333333, 38.3333333333333 ] } },
{ "type": "Feature", "properties": { "a_name": "Akbatana*", "id": "6.02.14.01", "m_name": "Hamadan", "a_category": "414", "the_breite": "37° 45'", "the_laenge": "88°", "category": "41d", "id_map": "AS05", "laenge_x": "", "breite_x": "", "the_easting": "88", "the_northing": "37.75", "easting_x": "", "northing_x": "", "delta_easting": "-88", "delta_northing": "-37.75", "unique_id": 8812, "cat": "polis episemos, im Binnenland", "the_breite_min": "45", "the_laenge_min": "", "breite_x_min": "", "laenge_x_min": "", "section": "6.02.14", "chapter": "6.02", "place": "01", "settlement": true, "river": null, "coastal": null, "physical": null, "point_cat": "settlement", "spat_seq2": 5775, "spat_seq3": 5318, "spat_seq_the": 5347, "spat_seq_x": null, "tribe": null, "pleiades": null, "serial": 1888, "klima": 11 }, "geometry": { "type": "Point", "coordinates": [ 88.0, 37.75 ] } },
{ "type": "Feature", "properties": { "a_name": "Europos*", "id": "6.02.17.02", "m_name": "", "a_category": "414", "the_breite": "36° 40'", "the_laenge": "93° 40'", "category": "41d", "id_map": "AS05", "laenge_x": "", "breite_x": "", "the_easting": "93.6666666666667", "the_northing": "36.6666666666667", "easting_x": "", "northing_x": "", "delta_easting": "-93.6666666666667", "delta_northing": "-36.6666666666667", "unique_id": 8837, "cat": "polis episemos, im Binnenland", "the_breite_min": "40", "the_laenge_min": "40", "breite_x_min": "", "laenge_x_min": "", "section": "6.02.17", "chapter": "6.02", "place": "02", "settlement": true, "river": null, "coastal": null, "physical": null, "point_cat": "settlement", "spat_seq2": 5794, "spat_seq3": 5337, "spat_seq_the": 5366, "spat_seq_x": null, "tribe": null, "pleiades": null, "serial": 1907, "klima": 11 }, "geometry": { "type": "Point", "coordinates": [ 93.6666666666667, 36.6666666666667 ] } },
{ "type": "Feature", "properties": { "a_name": "Susaleus*", "id": "3.03.04.03", "m_name": "", "a_category": "473", "the_breite": "36° 40'", "the_laenge": "31° 55'", "category": "47c", "id_map": "EU07", "laenge_x": "31° 55'", "breite_x": "36° 40'", "the_easting": "31.9166666666667", "the_northing": "36.6666666666667", "easting_x": "31.9166666666667", "northing_x": "36.6666666666667", "delta_easting": "0", "delta_northing": "0", "unique_id": 2823, "cat": "Dorf, kleiner Ort, an Küste", "the_breite_min": "40", "the_laenge_min": "55", "breite_x_min": "40", "laenge_x_min": "55", "section": "3.03.04", "chapter": "3.03", "place": "03", "settlement": true, "river": null, "coastal": true, "physical": null, "point_cat": "boundary", "spat_seq2": 1870, "spat_seq3": 1704, "spat_seq_the": 1718, "spat_seq_x": 1704, "tribe": null, "pleiades": null, "serial": 3808, "klima": 11 }, "geometry": { "type": "Point", "coordinates": [ 31.9166666666667, 36.6666666666667 ] } },
{ "type": "Feature", "properties": { "a_name": "Gurulis Nova*", "id": "3.03.07.07", "m_name": "Cuglieri", "a_category": "414", "the_breite": "37° 20'", "the_laenge": "30° 30'", "category": "41d", "id_map": "EU07", "laenge_x": "30° 30'", "breite_x": "37° 20'", "the_easting": "30.5", "the_northing": "37.3333333333333", "easting_x": "30.5", "northing_x": "37.3333333333333", "delta_easting": "0", "delta_northing": "0", "unique_id": 2870, "cat": "polis episemos, im Binnenland", "the_breite_min": "20", "the_laenge_min": "30", "breite_x_min": "20", "laenge_x_min": "30", "section": "3.03.07", "chapter": "3.03", "place": "07", "settlement": true, "river": null, "coastal": null, "physical": null, "point_cat": "settlement", "spat_seq2": 1893, "spat_seq3": 1723, "spat_seq_the": 1738, "spat_seq_x": 1723, "tribe": null, "pleiades": null, "serial": 3825, "klima": 11 }, "geometry": { "type": "Point", "coordinates": [ 30.5, 37.3333333333333 ] } },
{ "type": "Feature", "properties": { "a_name": "Tegea*", "id": "3.16.19.04", "m_name": "bei Episkopi", "a_category": "414", "the_breite": "36° 20'", "the_laenge": "49° 50'", "category": "41d", "id_map": "EU10", "laenge_x": "49° 50'", "breite_x": "36° 20'", "the_easting": "49.8333333333333", "the_northing": "36.3333333333333", "easting_x": "49.8333333333333", "northing_x": "36.3333333333333", "delta_easting": "0", "delta_northing": "0", "unique_id": 4397, "cat": "polis episemos, im Binnenland", "the_breite_min": "20", "the_laenge_min": "50", "breite_x_min": "20", "laenge_x_min": "50", "section": "3.16.19", "chapter": "3.16", "place": "04", "settlement": true, "river": null, "coastal": null, "physical": null, "point_cat": "settlement", "spat_seq2": 2901, "spat_seq3": 2653, "spat_seq_the": 2680, "spat_seq_x": 2653, "tribe": null, "pleiades": null, "serial": 4749, "klima": 11 }, "geometry": { "type": "Point", "coordinates": [ 49.8333333333333, 36.3333333333333 ] } },
{ "type": "Feature", "properties": { "a_name": "Argos*", "id": "3.16.20.04", "m_name": "Argos", "a_category": "414", "the_breite": "36° 15'", "the_laenge": "51° 20'", "category": "41d", "id_map": "EU10", "laenge_x": "51° 20'", "breite_x": "36° 15'", "the_easting": "51.3333333333333", "the_northing": "36.25", "easting_x": "51.3333333333333", "northing_x": "36.25", "delta_easting": "0", "delta_northing": "0", "unique_id": 4409, "cat": "polis episemos, im Binnenland", "the_breite_min": "15", "the_laenge_min": "20", "breite_x_min": "15", "laenge_x_min": "20", "section": "3.16.20", "chapter": "3.16", "place": "04", "settlement": true, "river": null, "coastal": null, "physical": null, "point_cat": "settlement", "spat_seq2": 2912, "spat_seq3": 2664, "spat_seq_the": 2691, "spat_seq_x": 2664, "tribe": null, "pleiades": null, "serial": 4759, "klima": 11 }, "geometry": { "type": "Point", "coordinates": [ 51.3333333333333, 36.25 ] } },
{ "type": "Feature", "properties": { "a_name": "Ephesos*", "id": "5.02.08.01", "m_name": "Ephesus bzw. Selçuk", "a_category": "413", "the_breite": "37° 40'", "the_laenge": "57° 40'", "category": "41c", "id_map": "AS01", "laenge_x": "57° 40'", "breite_x": "37° 40'", "the_easting": "57.6666666666667", "the_northing": "37.6666666666667", "easting_x": "57.6666666666667", "northing_x": "37.6666666666667", "delta_easting": "0", "delta_northing": "0", "unique_id": 6532, "cat": "polis episemos, an Küste", "the_breite_min": "40", "the_laenge_min": "40", "breite_x_min": "40", "laenge_x_min": "40", "section": "5.02.08", "chapter": "5.02", "place": "01", "settlement": true, "river": null, "coastal": true, "physical": null, "point_cat": "boundary", "spat_seq2": 4258, "spat_seq3": 3866, "spat_seq_the": 3899, "spat_seq_x": 3866, "tribe": null, "pleiades": null, "serial": 5936, "klima": 11 }, "geometry": { "type": "Point", "coordinates": [ 57.6666666666667, 37.6666666666667 ] } },
{ "type": "Feature", "properties": { "a_name": "Sardeis*", "id": "5.02.17.01", "m_name": "Sart", "a_category": "414", "the_breite": "38° 15'", "the_laenge": "58° 40'", "category": "41d", "id_map": "AS01", "laenge_x": "58° 30'", "breite_x": "38° 15'", "the_easting": "58.6666666666667", "the_northing": "38.25", "easting_x": "58.5", "northing_x": "38.25", "delta_easting": "-.1666666666667", "delta_northing": "0", "unique_id": 6620, "cat": "polis episemos, im Binnenland", "the_breite_min": "15", "the_laenge_min": "40", "breite_x_min": "15", "laenge_x_min": "30", "section": "5.02.17", "chapter": "5.02", "place": "01", "settlement": true, "river": null, "coastal": null, "physical": null, "point_cat": "settlement", "spat_seq2": 4320, "spat_seq3": 3927, "spat_seq_the": 3958, "spat_seq_x": 3927, "tribe": null, "pleiades": null, "serial": 5997, "klima": 11 }, "geometry": { "type": "Point", "coordinates": [ 58.5, 38.25 ] } },
{ "type": "Feature", "properties": { "a_name": "Kibyra*", "id": "5.02.26.02", "m_name": "Gölhisar", "a_category": "414", "the_breite": "38° 55'", "the_laenge": "60° 10'", "category": "41d", "id_map": "AS01", "laenge_x": "60° 10'", "breite_x": "38° 15'", "the_easting": "60.1666666666667", "the_northing": "38.9166666666667", "easting_x": "60.1666666666667", "northing_x": "38.25", "delta_easting": "0", "delta_northing": "-.6666666666667", "unique_id": 6704, "cat": "polis episemos, im Binnenland", "the_breite_min": "55", "the_laenge_min": "10", "breite_x_min": "15", "laenge_x_min": "10", "section": "5.02.26", "chapter": "5.02", "place": "02", "settlement": true, "river": null, "coastal": null, "physical": null, "point_cat": "settlement", "spat_seq2": 4391, "spat_seq3": 3994, "spat_seq_the": 4025, "spat_seq_x": 3994, "tribe": null, "pleiades": null, "serial": 6063, "klima": 11 }, "geometry": { "type": "Point", "coordinates": [ 60.1666666666667, 38.25 ] } },
{ "type": "Feature", "properties": { "a_name": "Mallos*", "id": "5.08.04.12", "m_name": "Kiziltahta", "a_category": "413", "the_breite": "36° 30'", "the_laenge": "68° 30'", "category": "41c", "id_map": "AS01", "laenge_x": "68° 30'", "breite_x": "36° 30'", "the_easting": "68.5", "the_northing": "36.5", "easting_x": "68.5", "northing_x": "36.5", "delta_easting": "0", "delta_northing": "0", "unique_id": 7338, "cat": "polis episemos, an Küste", "the_breite_min": "30", "the_laenge_min": "30", "breite_x_min": "30", "laenge_x_min": "30", "section": "5.08.04", "chapter": "5.08", "place": "12", "settlement": true, "river": null, "coastal": true, "physical": null, "point_cat": "boundary", "spat_seq2": 4883, "spat_seq3": 4446, "spat_seq_the": 4474, "spat_seq_x": 4446, "tribe": null, "pleiades": null, "serial": 6507, "klima": 11 }, "geometry": { "type": "Point", "coordinates": [ 68.5, 36.5 ] } },
{ "type": "Feature", "properties": { "a_name": "Bitaxa*", "id": "6.17.04.06", "m_name": "", "a_category": "411", "the_breite": "38°", "the_laenge": "103° 40'", "category": "41a", "id_map": "AS09", "laenge_x": "", "breite_x": "", "the_easting": "103.666666666667", "the_northing": "38", "easting_x": "", "northing_x": "", "delta_easting": "-103.666666666667", "delta_northing": "-38", "unique_id": 10210, "cat": "polis episemos", "the_breite_min": "", "the_laenge_min": "40", "breite_x_min": "", "laenge_x_min": "", "section": "6.17.04", "chapter": "6.17", "place": "06", "settlement": true, "river": null, "coastal": null, "physical": null, "point_cat": "settlement", "spat_seq2": 6414, "spat_seq3": 5957, "spat_seq_the": 5986, "spat_seq_x": null, "tribe": null, "pleiades": null, "serial": 2479, "klima": 11 }, "geometry": { "type": "Point", "coordinates": [ 103.666666666666998, 38.0 ] } },
{ "type": "Feature", "properties": { "a_name": "Myra*", "id": "5.03.06.07", "m_name": "Demre", "a_category": "414", "the_breite": "36° 40'", "the_laenge": "61°", "category": "41d", "id_map": "AS01", "laenge_x": "61°", "breite_x": "36° 40'", "the_easting": "61", "the_northing": "36.6666666666667", "easting_x": "61", "northing_x": "36.6666666666667", "delta_easting": "0", "delta_northing": "0", "unique_id": 6814, "cat": "polis episemos, im Binnenland", "the_breite_min": "40", "the_laenge_min": "", "breite_x_min": "40", "laenge_x_min": "", "section": "5.03.06", "chapter": "5.03", "place": "07", "settlement": true, "river": null, "coastal": null, "physical": null, "point_cat": "settlement", "spat_seq2": 4471, "spat_seq3": 4071, "spat_seq_the": 4101, "spat_seq_x": 4071, "tribe": null, "pleiades": null, "serial": 6140, "klima": 11 }, "geometry": { "type": "Point", "coordinates": [ 61.0, 36.6666666666667 ] } },
{ "type": "Feature", "properties": { "a_name": "Ninos*", "id": "6.01.03.07", "m_name": "Ninive", "a_category": "412", "the_breite": "36° 40'", "the_laenge": "78°", "category": "41b", "id_map": "AS05", "laenge_x": "", "breite_x": "", "the_easting": "78", "the_northing": "36.6666666666667", "easting_x": "", "northing_x": "", "delta_easting": "-78", "delta_northing": "-36.6666666666667", "unique_id": 8623, "cat": "polis episemos, am Fluss", "the_breite_min": "40", "the_laenge_min": "", "breite_x_min": "", "laenge_x_min": "", "section": "6.01.03", "chapter": "6.01", "place": "07", "settlement": true, "river": true, "coastal": null, "physical": null, "point_cat": "settlement", "spat_seq2": 5657, "spat_seq3": 5200, "spat_seq_the": 5229, "spat_seq_x": null, "tribe": null, "pleiades": null, "serial": 1803, "klima": 11 }, "geometry": { "type": "Point", "coordinates": [ 78.0, 36.6666666666667 ] } },
{ "type": "Feature", "properties": { "a_name": "Pompeiopolis*", "id": "5.08.04.05", "m_name": "Viransehir", "a_category": "413", "the_breite": "36° 40'", "the_laenge": "67° 15'", "category": "41c", "id_map": "AS01", "laenge_x": "67° 15'", "breite_x": "36° 40'", "the_easting": "67.25", "the_northing": "36.6666666666667", "easting_x": "67.25", "northing_x": "36.6666666666667", "delta_easting": "0", "delta_northing": "0", "unique_id": 7330, "cat": "polis episemos, an Küste", "the_breite_min": "40", "the_laenge_min": "15", "breite_x_min": "40", "laenge_x_min": "15", "section": "5.08.04", "chapter": "5.08", "place": "05", "settlement": true, "river": null, "coastal": true, "physical": null, "point_cat": "boundary", "spat_seq2": 4875, "spat_seq3": 4438, "spat_seq_the": 4466, "spat_seq_x": 4438, "tribe": null, "pleiades": null, "serial": 6499, "klima": 11 }, "geometry": { "type": "Point", "coordinates": [ 67.25, 36.6666666666667 ] } },
{ "type": "Feature", "properties": { "a_name": "Soloi*", "id": "5.08.04.05", "m_name": "Viransehir", "a_category": "413", "the_breite": "36° 40'", "the_laenge": "67° 15'", "category": "41c", "id_map": "AS01", "laenge_x": "67° 15'", "breite_x": "36° 40'", "the_easting": "67.25", "the_northing": "36.6666666666667", "easting_x": "67.25", "northing_x": "36.6666666666667", "delta_easting": "0", "delta_northing": "0", "unique_id": 7331, "cat": "polis episemos, an Küste", "the_breite_min": "40", "the_laenge_min": "15", "breite_x_min": "40", "laenge_x_min": "15", "section": "5.08.04", "chapter": "5.08", "place": "05", "settlement": true, "river": null, "coastal": true, "physical": null, "point_cat": "boundary", "spat_seq2": 4876, "spat_seq3": 4439, "spat_seq_the": 4467, "spat_seq_x": 4439, "tribe": null, "pleiades": null, "serial": 6500, "klima": 11 }, "geometry": { "type": "Point", "coordinates": [ 67.25, 36.6666666666667 ] } },
{ "type": "Feature", "properties": { "a_name": "Aspendos*", "id": "5.05.07.04", "m_name": "Belkis", "a_category": "414", "the_breite": "36° 45'", "the_laenge": "62° 15'", "category": "41d", "id_map": "AS01", "laenge_x": "62° 45'", "breite_x": "36° 45'", "the_easting": "62.25", "the_northing": "36.75", "easting_x": "62.75", "northing_x": "36.75", "delta_easting": ".5", "delta_northing": "0", "unique_id": 7000, "cat": "polis episemos, im Binnenland", "the_breite_min": "45", "the_laenge_min": "15", "breite_x_min": "45", "laenge_x_min": "45", "section": "5.05.07", "chapter": "5.05", "place": "04", "settlement": true, "river": null, "coastal": null, "physical": null, "point_cat": "settlement", "spat_seq2": 4618, "spat_seq3": 4199, "spat_seq_the": 4228, "spat_seq_x": 4199, "tribe": null, "pleiades": null, "serial": 6261, "klima": 11 }, "geometry": { "type": "Point", "coordinates": [ 62.75, 36.75 ] } },
{ "type": "Feature", "properties": { "a_name": "Carthago Nova*", "id": "2.06.14.03", "m_name": "Cartagena", "a_category": "413", "the_breite": "37° 55'", "the_laenge": "12° 15'", "category": "41c", "id_map": "EU02", "laenge_x": "12° 15'", "breite_x": "37° 55'", "the_easting": "12.25", "the_northing": "37.9166666666667", "easting_x": "12.25", "northing_x": "37.9166666666667", "delta_easting": "0", "delta_northing": "0", "unique_id": 640, "cat": "polis episemos, an Küste", "the_breite_min": "55", "the_laenge_min": "15", "breite_x_min": "55", "laenge_x_min": "15", "section": "2.06.14", "chapter": "2.06", "place": "03", "settlement": true, "river": null, "coastal": true, "physical": null, "point_cat": "boundary", "spat_seq2": 450, "spat_seq3": 404, "spat_seq_the": 410, "spat_seq_x": 404, "tribe": "Kontestaner", "pleiades": null, "serial": 147, "klima": 11 }, "geometry": { "type": "Point", "coordinates": [ 12.25, 37.9166666666667 ] } },
{ "type": "Feature", "properties": { "a_name": "Hyrkania*", "id": "6.09.07.03", "m_name": "", "a_category": "414", "the_breite": "40°", "the_laenge": "98° 30'", "category": "41d", "id_map": "AS07", "laenge_x": "", "breite_x": "", "the_easting": "98.5", "the_northing": "40", "easting_x": "", "northing_x": "", "delta_easting": "-98.5", "delta_northing": "-40", "unique_id": 9667, "cat": "polis episemos, im Binnenland", "the_breite_min": "", "the_laenge_min": "30", "breite_x_min": "", "laenge_x_min": "", "section": "6.09.07", "chapter": "6.09", "place": "03", "settlement": true, "river": null, "coastal": null, "physical": null, "point_cat": "settlement", "spat_seq2": 6231, "spat_seq3": 5774, "spat_seq_the": 5803, "spat_seq_x": null, "tribe": null, "pleiades": null, "serial": 2305, "klima": 12 }, "geometry": { "type": "Point", "coordinates": [ 98.5, 40.0 ] } },
{ "type": "Feature", "properties": { "a_name": "Adana*", "id": "5.08.07.03", "m_name": "Adana", "a_category": "414", "the_breite": "36° 45'", "the_laenge": "68° 15'", "category": "41d", "id_map": "AS01", "laenge_x": "68° 15'", "breite_x": "36° 45'", "the_easting": "68.25", "the_northing": "36.75", "easting_x": "68.25", "northing_x": "36.75", "delta_easting": "0", "delta_northing": "0", "unique_id": 7366, "cat": "polis episemos, im Binnenland", "the_breite_min": "45", "the_laenge_min": "15", "breite_x_min": "45", "laenge_x_min": "15", "section": "5.08.07", "chapter": "5.08", "place": "03", "settlement": true, "river": null, "coastal": null, "physical": null, "point_cat": "settlement", "spat_seq2": 4902, "spat_seq3": 4463, "spat_seq_the": 4491, "spat_seq_x": 4463, "tribe": null, "pleiades": null, "serial": 6524, "klima": 11 }, "geometry": { "type": "Point", "coordinates": [ 68.25, 36.75 ] } },
{ "type": "Feature", "properties": { "a_name": "Hierapolis*", "id": "5.15.13.07", "m_name": "Membidj", "a_category": "414", "the_breite": "36° 15'", "the_laenge": "71° 15'", "category": "41d", "id_map": "AS04", "laenge_x": "", "breite_x": "", "the_easting": "71.25", "the_northing": "36.25", "easting_x": "", "northing_x": "", "delta_easting": "-71.25", "delta_northing": "-36.25", "unique_id": 8060, "cat": "polis episemos, im Binnenland", "the_breite_min": "15", "the_laenge_min": "15", "breite_x_min": "", "laenge_x_min": "", "section": "5.15.13", "chapter": "5.15", "place": "07", "settlement": true, "river": null, "coastal": null, "physical": null, "point_cat": "settlement", "spat_seq2": 5301, "spat_seq3": 4844, "spat_seq_the": 4873, "spat_seq_x": null, "tribe": null, "pleiades": null, "serial": 1480, "klima": 11 }, "geometry": { "type": "Point", "coordinates": [ 71.25, 36.25 ] } },
{ "type": "Feature", "properties": { "a_name": "Miletos*", "id": "5.02.09.06", "m_name": "Balat", "a_category": "413", "the_breite": "37°", "the_laenge": "58°", "category": "41c", "id_map": "AS01", "laenge_x": "58°", "breite_x": "37°", "the_easting": "58", "the_northing": "37", "easting_x": "58", "northing_x": "37", "delta_easting": "0", "delta_northing": "0", "unique_id": 6544, "cat": "polis episemos, an Küste", "the_breite_min": "", "the_laenge_min": "", "breite_x_min": "", "laenge_x_min": "", "section": "5.02.09", "chapter": "5.02", "place": "06", "settlement": true, "river": null, "coastal": true, "physical": null, "point_cat": "boundary", "spat_seq2": 4268, "spat_seq3": 3876, "spat_seq_the": 3908, "spat_seq_x": 3876, "tribe": null, "pleiades": null, "serial": 5946, "klima": 11 }, "geometry": { "type": "Point", "coordinates": [ 58.0, 37.0 ] } },
{ "type": "Feature", "properties": { "a_name": "Elaius*", "id": "3.12.03.03", "m_name": "Alçitepe", "a_category": "413", "the_breite": "40° 45'", "the_laenge": "54° 30'", "category": "41c", "id_map": "EU09", "laenge_x": "54° 30'", "breite_x": "40° 45'", "the_easting": "54.5", "the_northing": "40.75", "easting_x": "54.5", "northing_x": "40.75", "delta_easting": "0", "delta_northing": "0", "unique_id": 3724, "cat": "polis episemos, an Küste", "the_breite_min": "45", "the_laenge_min": "30", "breite_x_min": "45", "laenge_x_min": "30", "section": "3.12.03", "chapter": "3.12", "place": "03", "settlement": true, "river": null, "coastal": true, "physical": null, "point_cat": "boundary", "spat_seq2": 2413, "spat_seq3": 2192, "spat_seq_the": 2217, "spat_seq_x": 2192, "tribe": null, "pleiades": null, "serial": 4272, "klima": 12 }, "geometry": { "type": "Point", "coordinates": [ 54.5, 40.75 ] } },
{ "type": "Feature", "properties": { "a_name": "Norba Caesarina*", "id": "2.05.08.09", "m_name": "Cáceres", "a_category": "414", "the_breite": "39° 55'", "the_laenge": "7° 50'", "category": "41d", "id_map": "EU02", "laenge_x": "7° 50'", "breite_x": "39° 55'", "the_easting": "7.83333333333333", "the_northing": "39.9166666666667", "easting_x": "7.83333333333333", "northing_x": "39.9166666666667", "delta_easting": "0", "delta_northing": "0", "unique_id": 549, "cat": "polis episemos, im Binnenland", "the_breite_min": "55", "the_laenge_min": "50", "breite_x_min": "55", "laenge_x_min": "50", "section": "2.05.08", "chapter": "2.05", "place": "09", "settlement": true, "river": null, "coastal": null, "physical": null, "point_cat": "settlement", "spat_seq2": 387, "spat_seq3": 347, "spat_seq_the": 350, "spat_seq_x": 347, "tribe": "Lusitaner", "pleiades": null, "serial": 215, "klima": 12 }, "geometry": { "type": "Point", "coordinates": [ 7.83333333333333, 39.9166666666667 ] } },
{ "type": "Feature", "properties": { "a_name": "Augusta Emerita*", "id": "2.05.08.11", "m_name": "Mérida ", "a_category": "414", "the_breite": "39° 30'", "the_laenge": "8°", "category": "41d", "id_map": "EU02", "laenge_x": "8°", "breite_x": "39° 30'", "the_easting": "8", "the_northing": "39.5", "easting_x": "8", "northing_x": "39.5", "delta_easting": "0", "delta_northing": "0", "unique_id": 551, "cat": "polis episemos, im Binnenland", "the_breite_min": "30", "the_laenge_min": "", "breite_x_min": "30", "laenge_x_min": "", "section": "2.05.08", "chapter": "2.05", "place": "11", "settlement": true, "river": null, "coastal": null, "physical": null, "point_cat": "settlement", "spat_seq2": 389, "spat_seq3": 349, "spat_seq_the": 352, "spat_seq_x": 349, "tribe": "Lusitaner", "pleiades": null, "serial": 217, "klima": 12 }, "geometry": { "type": "Point", "coordinates": [ 8.0, 39.5 ] } },
{ "type": "Feature", "properties": { "a_name": "Thospia*", "id": "5.13.19.07", "m_name": "Van", "a_category": "414", "the_breite": "39° 50'", "the_laenge": "74° 20'", "category": "41d", "id_map": "AS03", "laenge_x": "", "breite_x": "", "the_easting": "74.3333333333333", "the_northing": "39.8333333333333", "easting_x": "", "northing_x": "", "delta_easting": "-74.3333333333333", "delta_northing": "-39.8333333333333", "unique_id": 7864, "cat": "polis episemos, im Binnenland", "the_breite_min": "50", "the_laenge_min": "20", "breite_x_min": "", "laenge_x_min": "", "section": "5.13.19", "chapter": "5.13", "place": "07", "settlement": true, "river": null, "coastal": null, "physical": null, "point_cat": "settlement", "spat_seq2": 5168, "spat_seq3": 4711, "spat_seq_the": 4740, "spat_seq_x": null, "tribe": null, "pleiades": null, "serial": 1353, "klima": 12 }, "geometry": { "type": "Point", "coordinates": [ 74.3333333333333, 39.8333333333333 ] } },
{ "type": "Feature", "properties": { "a_name": "Artemita*", "id": "5.13.21.09", "m_name": "Edremit", "a_category": "414", "the_breite": "40° 20'", "the_laenge": "78° 40'", "category": "41d", "id_map": "AS03", "laenge_x": "", "breite_x": "", "the_easting": "78.6666666666667", "the_northing": "40.3333333333333", "easting_x": "", "northing_x": "", "delta_easting": "-78.6666666666667", "delta_northing": "-40.3333333333333", "unique_id": 7885, "cat": "polis episemos, im Binnenland", "the_breite_min": "20", "the_laenge_min": "40", "breite_x_min": "", "laenge_x_min": "", "section": "5.13.21", "chapter": "5.13", "place": "09", "settlement": true, "river": null, "coastal": null, "physical": null, "point_cat": "settlement", "spat_seq2": 5181, "spat_seq3": 4724, "spat_seq_the": 4753, "spat_seq_x": null, "tribe": null, "pleiades": null, "serial": 1363, "klima": 12 }, "geometry": { "type": "Point", "coordinates": [ 78.6666666666667, 40.3333333333333 ] } },
{ "type": "Feature", "properties": { "a_name": "Antiocheia Margiane*", "id": "6.10.04.06", "m_name": "Merv", "a_category": "414", "the_breite": "40° 40'", "the_laenge": "106°", "category": "41d", "id_map": "AS07", "laenge_x": "", "breite_x": "", "the_easting": "106", "the_northing": "40.6666666666667", "easting_x": "", "northing_x": "", "delta_easting": "-106", "delta_northing": "-40.6666666666667", "unique_id": 9709, "cat": "polis episemos, im Binnenland", "the_breite_min": "40", "the_laenge_min": "", "breite_x_min": "", "laenge_x_min": "", "section": "6.10.04", "chapter": "6.10", "place": "06", "settlement": true, "river": null, "coastal": null, "physical": null, "point_cat": "settlement", "spat_seq2": 6249, "spat_seq3": 5792, "spat_seq_the": 5821, "spat_seq_x": null, "tribe": null, "pleiades": null, "serial": 2318, "klima": 12 }, "geometry": { "type": "Point", "coordinates": [ 106.0, 40.6666666666667 ] } },
{ "type": "Feature", "properties": { "a_name": "Brundisium*", "id": "3.01.14.05", "m_name": "Brindisi", "a_category": "413", "the_breite": "39° 40'", "the_laenge": "42° 30'", "category": "41c", "id_map": "EU06", "laenge_x": "42° 30'", "breite_x": "39° 40'", "the_easting": "42.5", "the_northing": "39.6666666666667", "easting_x": "42.5", "northing_x": "39.6666666666667", "delta_easting": "0", "delta_northing": "0", "unique_id": 2312, "cat": "polis episemos, an Küste", "the_breite_min": "40", "the_laenge_min": "30", "breite_x_min": "40", "laenge_x_min": "30", "section": "3.01.14", "chapter": "3.01", "place": "05", "settlement": true, "river": null, "coastal": true, "physical": null, "point_cat": "boundary", "spat_seq2": 1493, "spat_seq3": 1347, "spat_seq_the": 1361, "spat_seq_x": 1347, "tribe": null, "pleiades": null, "serial": 3430, "klima": 12 }, "geometry": { "type": "Point", "coordinates": [ 42.5, 39.6666666666667 ] } },
{ "type": "Feature", "properties": { "a_name": "Aleria*", "id": "3.02.05.02", "m_name": "Aleria", "a_category": "413", "the_breite": "40° 05'", "the_laenge": "31° 30'", "category": "41c", "id_map": "EU06", "laenge_x": "31° 30'", "breite_x": "40° 05'", "the_easting": "31.5", "the_northing": "40.0833333333333", "easting_x": "31.5", "northing_x": "40.0833333333333", "delta_easting": "0", "delta_northing": "0", "unique_id": 2734, "cat": "polis episemos, an Küste", "the_breite_min": "05", "the_laenge_min": "30", "breite_x_min": "05", "laenge_x_min": "30", "section": "3.02.05", "chapter": "3.02", "place": "02", "settlement": true, "river": null, "coastal": true, "physical": null, "point_cat": "boundary", "spat_seq2": 1805, "spat_seq3": 1649, "spat_seq_the": 1663, "spat_seq_x": 1649, "tribe": null, "pleiades": null, "serial": 3766, "klima": 12 }, "geometry": { "type": "Point", "coordinates": [ 31.5, 40.0833333333333 ] } },
{ "type": "Feature", "properties": { "a_name": "Mariana*", "id": "3.02.05.07", "m_name": "La Canonica", "a_category": "413", "the_breite": "40° 40'", "the_laenge": "31° 20'", "category": "41c", "id_map": "EU06", "laenge_x": "31° 20'", "breite_x": "40° 40'", "the_easting": "31.3333333333333", "the_northing": "40.6666666666667", "easting_x": "31.3333333333333", "northing_x": "40.6666666666667", "delta_easting": "0", "delta_northing": "0", "unique_id": 2741, "cat": "polis episemos, an Küste", "the_breite_min": "40", "the_laenge_min": "20", "breite_x_min": "40", "laenge_x_min": "20", "section": "3.02.05", "chapter": "3.02", "place": "07", "settlement": true, "river": null, "coastal": true, "physical": null, "point_cat": "boundary", "spat_seq2": 1812, "spat_seq3": 1655, "spat_seq_the": 1669, "spat_seq_x": 1655, "tribe": null, "pleiades": null, "serial": 3771, "klima": 12 }, "geometry": { "type": "Point", "coordinates": [ 31.3333333333333, 40.6666666666667 ] } },
{ "type": "Feature", "properties": { "a_name": "Turris Libisonis*", "id": "3.03.05.05", "m_name": "Porto Torres", "a_category": "413", "the_breite": "38° 50'", "the_laenge": "30° 15'", "category": "41c", "id_map": "EU07", "laenge_x": "30° 15'", "breite_x": "38° 50'", "the_easting": "30.25", "the_northing": "38.8333333333333", "easting_x": "30.25", "northing_x": "38.8333333333333", "delta_easting": "0", "delta_northing": "0", "unique_id": 2838, "cat": "polis episemos, an Küste", "the_breite_min": "50", "the_laenge_min": "15", "breite_x_min": "50", "laenge_x_min": "15", "section": "3.03.05", "chapter": "3.03", "place": "05", "settlement": true, "river": null, "coastal": true, "physical": null, "point_cat": "boundary", "spat_seq2": 1885, "spat_seq3": 1717, "spat_seq_the": 1731, "spat_seq_x": 1717, "tribe": null, "pleiades": null, "serial": 3819, "klima": 12 }, "geometry": { "type": "Point", "coordinates": [ 30.25, 38.8333333333333 ] } },
{ "type": "Feature", "properties": { "a_name": "Thessalonike*", "id": "3.13.14.02", "m_name": "Thessaloniki", "a_category": "413", "the_breite": "40° 20'", "the_laenge": "49° 50'", "category": "41c", "id_map": "EU10", "laenge_x": "49° 50'", "breite_x": "40° 20'", "the_easting": "49.8333333333333", "the_northing": "40.3333333333333", "easting_x": "49.8333333333333", "northing_x": "40.3333333333333", "delta_easting": "0", "delta_northing": "0", "unique_id": 3805, "cat": "polis episemos, an Küste", "the_breite_min": "20", "the_laenge_min": "50", "breite_x_min": "20", "laenge_x_min": "50", "section": "3.13.14", "chapter": "3.13", "place": "02", "settlement": true, "river": null, "coastal": true, "physical": null, "point_cat": "boundary", "spat_seq2": 2463, "spat_seq3": 2238, "spat_seq_the": 2264, "spat_seq_x": 2238, "tribe": null, "pleiades": null, "serial": 4324, "klima": 12 }, "geometry": { "type": "Point", "coordinates": [ 49.8333333333333, 40.3333333333333 ] } },
{ "type": "Feature", "properties": { "a_name": "Pella*", "id": "3.13.39.12", "m_name": "Palea Pella", "a_category": "414", "the_breite": "40° 05'", "the_laenge": "49° 20'", "category": "41d", "id_map": "EU10", "laenge_x": "49° 10'", "breite_x": "40° 05'", "the_easting": "49.3333333333333", "the_northing": "40.0833333333333", "easting_x": "49.1666666666667", "northing_x": "40.0833333333333", "delta_easting": "-.1666666666666", "delta_northing": "0", "unique_id": 3942, "cat": "polis episemos, im Binnenland", "the_breite_min": "05", "the_laenge_min": "20", "breite_x_min": "05", "laenge_x_min": "10", "section": "3.13.39", "chapter": "3.13", "place": "12", "settlement": true, "river": null, "coastal": null, "physical": null, "point_cat": "settlement", "spat_seq2": 2566, "spat_seq3": 2334, "spat_seq_the": 2357, "spat_seq_x": 2334, "tribe": null, "pleiades": null, "serial": 4420, "klima": 12 }, "geometry": { "type": "Point", "coordinates": [ 49.1666666666667, 40.0833333333333 ] } },
{ "type": "Feature", "properties": { "a_name": "Larissa*", "id": "3.13.42.09", "m_name": "Larisa", "a_category": "414", "the_breite": "39° 10'", "the_laenge": "50°", "category": "41d", "id_map": "EU10", "laenge_x": "50°", "breite_x": "39° 10'", "the_easting": "50", "the_northing": "39.1666666666667", "easting_x": "50", "northing_x": "39.1666666666667", "delta_easting": "0", "delta_northing": "0", "unique_id": 3957, "cat": "polis episemos, im Binnenland", "the_breite_min": "10", "the_laenge_min": "", "breite_x_min": "10", "laenge_x_min": "", "section": "3.13.42", "chapter": "3.13", "place": "09", "settlement": true, "river": null, "coastal": null, "physical": null, "point_cat": "settlement", "spat_seq2": 2578, "spat_seq3": 2345, "spat_seq_the": 2368, "spat_seq_x": 2345, "tribe": null, "pleiades": null, "serial": 4430, "klima": 12 }, "geometry": { "type": "Point", "coordinates": [ 50.0, 39.1666666666667 ] } },
{ "type": "Feature", "properties": { "a_name": "Nisaia*", "id": "6.10.04.08", "m_name": "Nisa", "a_category": "414", "the_breite": "39° 10'", "the_laenge": "105° 15'", "category": "41d", "id_map": "AS07", "laenge_x": "", "breite_x": "", "the_easting": "105.25", "the_northing": "39.1666666666667", "easting_x": "", "northing_x": "", "delta_easting": "-105.25", "delta_northing": "-39.1666666666667", "unique_id": 9711, "cat": "polis episemos, im Binnenland", "the_breite_min": "10", "the_laenge_min": "15", "breite_x_min": "", "laenge_x_min": "", "section": "6.10.04", "chapter": "6.10", "place": "08", "settlement": true, "river": null, "coastal": null, "physical": null, "point_cat": "settlement", "spat_seq2": 6251, "spat_seq3": 5794, "spat_seq_the": 5823, "spat_seq_x": null, "tribe": null, "pleiades": null, "serial": 6760, "klima": 12 }, "geometry": { "type": "Point", "coordinates": [ 105.25, 39.1666666666667 ] } },
{ "type": "Feature", "properties": { "a_name": "Smyrna*", "id": "5.02.07.02", "m_name": "Izmir", "a_category": "413", "the_breite": "38° 35'", "the_laenge": "58° 25'", "category": "41c", "id_map": "AS01", "laenge_x": "57° 25'", "breite_x": "38° 35'", "the_easting": "58.4166666666667", "the_northing": "38.5833333333333", "easting_x": "57.4166666666667", "northing_x": "38.5833333333333", "delta_easting": "-1", "delta_northing": "0", "unique_id": 6522, "cat": "polis episemos, an Küste", "the_breite_min": "35", "the_laenge_min": "25", "breite_x_min": "35", "laenge_x_min": "25", "section": "5.02.07", "chapter": "5.02", "place": "02", "settlement": true, "river": null, "coastal": true, "physical": null, "point_cat": "boundary", "spat_seq2": 4249, "spat_seq3": 3857, "spat_seq_the": 3890, "spat_seq_x": 3857, "tribe": null, "pleiades": null, "serial": 5927, "klima": 12 }, "geometry": { "type": "Point", "coordinates": [ 57.4166666666667, 38.5833333333333 ] } },
{ "type": "Feature", "properties": { "a_name": "Mytilene*", "id": "5.02.29.07", "m_name": "Mitilini", "a_category": "415", "the_breite": "39° 40'", "the_laenge": "55° 40'", "category": "41e", "id_map": "AS01", "laenge_x": "55° 40'", "breite_x": "39° 40'", "the_easting": "55.6666666666667", "the_northing": "39.6666666666667", "easting_x": "55.6666666666667", "northing_x": "39.6666666666667", "delta_easting": "0", "delta_northing": "0", "unique_id": 6731, "cat": "polis episemos, auf Insel", "the_breite_min": "40", "the_laenge_min": "40", "breite_x_min": "40", "laenge_x_min": "40", "section": "5.02.29", "chapter": "5.02", "place": "07", "settlement": true, "river": null, "coastal": null, "physical": true, "point_cat": "boundary", "spat_seq2": 4404, "spat_seq3": 4007, "spat_seq_the": 4038, "spat_seq_x": 4007, "tribe": null, "pleiades": null, "serial": 6075, "klima": 12 }, "geometry": { "type": "Point", "coordinates": [ 55.6666666666667, 39.6666666666667 ] } },
{ "type": "Feature", "properties": { "a_name": "Chios*", "id": "5.02.30.05", "m_name": "Khios", "a_category": "350", "the_breite": "38° 35'", "the_laenge": "56° 20'", "category": "35", "id_map": "AS01", "laenge_x": "56° 20'", "breite_x": "38° 55'", "the_easting": "56.3333333333333", "the_northing": "38.5833333333333", "easting_x": "56.3333333333333", "northing_x": "38.9166666666667", "delta_easting": "0", "delta_northing": ".3333333333334", "unique_id": 6739, "cat": "Inselpunkt", "the_breite_min": "35", "the_laenge_min": "20", "breite_x_min": "55", "laenge_x_min": "20", "section": "5.02.30", "chapter": "5.02", "place": "05", "settlement": null, "river": null, "coastal": null, "physical": true, "point_cat": "boundary", "spat_seq2": 4411, "spat_seq3": 4013, "spat_seq_the": 4044, "spat_seq_x": 4013, "tribe": null, "pleiades": null, "serial": 6081, "klima": 12 }, "geometry": { "type": "Point", "coordinates": [ 56.3333333333333, 38.9166666666667 ] } },
{ "type": "Feature", "properties": { "a_name": "Chios*", "id": "5.02.30.05", "m_name": "Khios", "a_category": "415", "the_breite": "38° 35'", "the_laenge": "56° 20'", "category": "41e", "id_map": "AS01", "laenge_x": "56° 20'", "breite_x": "38° 55'", "the_easting": "56.3333333333333", "the_northing": "38.5833333333333", "easting_x": "56.3333333333333", "northing_x": "38.9166666666667", "delta_easting": "0", "delta_northing": ".3333333333334", "unique_id": 6740, "cat": "polis episemos, auf Insel", "the_breite_min": "35", "the_laenge_min": "20", "breite_x_min": "55", "laenge_x_min": "20", "section": "5.02.30", "chapter": "5.02", "place": "05", "settlement": true, "river": null, "coastal": null, "physical": true, "point_cat": "boundary", "spat_seq2": 4412, "spat_seq3": 4014, "spat_seq_the": 4045, "spat_seq_x": 4014, "tribe": null, "pleiades": null, "serial": 6082, "klima": 12 }, "geometry": { "type": "Point", "coordinates": [ 56.3333333333333, 38.9166666666667 ] } },
{ "type": "Feature", "properties": { "a_name": "Kaisareia*", "id": "5.06.15.05", "m_name": "Kayseri", "a_category": "414", "the_breite": "39° 30'", "the_laenge": "66° 30'", "category": "41d", "id_map": "AS01", "laenge_x": "66° 30'", "breite_x": "39° 30'", "the_easting": "66.5", "the_northing": "39.5", "easting_x": "66.5", "northing_x": "39.5", "delta_easting": "0", "delta_northing": "0", "unique_id": 7175, "cat": "polis episemos, im Binnenland", "the_breite_min": "30", "the_laenge_min": "30", "breite_x_min": "30", "laenge_x_min": "30", "section": "5.06.15", "chapter": "5.06", "place": "05", "settlement": true, "river": null, "coastal": null, "physical": null, "point_cat": "settlement", "spat_seq2": 4755, "spat_seq3": 4326, "spat_seq_the": 4354, "spat_seq_x": 4326, "tribe": null, "pleiades": null, "serial": 6388, "klima": 12 }, "geometry": { "type": "Point", "coordinates": [ 66.5, 39.5 ] } },
{ "type": "Feature", "properties": { "a_name": "Mazaka*", "id": "5.06.15.05", "m_name": "Kayseri", "a_category": "414", "the_breite": "39° 30'", "the_laenge": "66° 30'", "category": "41d", "id_map": "AS01", "laenge_x": "66° 30'", "breite_x": "39° 30'", "the_easting": "66.5", "the_northing": "39.5", "easting_x": "66.5", "northing_x": "39.5", "delta_easting": "0", "delta_northing": "0", "unique_id": 7176, "cat": "polis episemos, im Binnenland", "the_breite_min": "30", "the_laenge_min": "30", "breite_x_min": "30", "laenge_x_min": "30", "section": "5.06.15", "chapter": "5.06", "place": "05", "settlement": true, "river": null, "coastal": null, "physical": null, "point_cat": "settlement", "spat_seq2": 4756, "spat_seq3": 4327, "spat_seq_the": 4355, "spat_seq_x": 4327, "tribe": null, "pleiades": null, "serial": 6389, "klima": 12 }, "geometry": { "type": "Point", "coordinates": [ 66.5, 39.5 ] } },
{ "type": "Feature", "properties": { "a_name": "Tarentum*", "id": "3.01.12.05", "m_name": "Tarent", "a_category": "413", "the_breite": "", "the_laenge": "", "category": "41c", "id_map": "EU06", "laenge_x": "42° 10'", "breite_x": "40°", "the_easting": "", "the_northing": "", "easting_x": "42.1666666666667", "northing_x": "40", "delta_easting": "42.1666666666667", "delta_northing": "40", "unique_id": 2304, "cat": "polis episemos, an Küste", "the_breite_min": "", "the_laenge_min": "", "breite_x_min": "", "laenge_x_min": "10", "section": "3.01.12", "chapter": "3.01", "place": "05", "settlement": true, "river": null, "coastal": true, "physical": null, "point_cat": "boundary", "spat_seq2": 1488, "spat_seq3": 1342, "spat_seq_the": null, "spat_seq_x": 1342, "tribe": null, "pleiades": null, "serial": 3699, "klima": 12 }, "geometry": { "type": "Point", "coordinates": [ 42.1666666666667, 40.0 ] } },
{ "type": "Feature", "properties": { "a_name": "Herakleia*", "id": "3.13.33.02", "m_name": "Bitola", "a_category": "414", "the_breite": "40° 40'", "the_laenge": "47° 40'", "category": "41d", "id_map": "EU10", "laenge_x": "47° 40'", "breite_x": "40° 40'", "the_easting": "47.6666666666667", "the_northing": "40.6666666666667", "easting_x": "47.6666666666667", "northing_x": "40.6666666666667", "delta_easting": "0", "delta_northing": "0", "unique_id": 3900, "cat": "polis episemos, im Binnenland", "the_breite_min": "40", "the_laenge_min": "40", "breite_x_min": "40", "laenge_x_min": "40", "section": "3.13.33", "chapter": "3.13", "place": "02", "settlement": true, "river": null, "coastal": null, "physical": null, "point_cat": "settlement", "spat_seq2": 2531, "spat_seq3": 2302, "spat_seq_the": 2326, "spat_seq_x": 2302, "tribe": null, "pleiades": null, "serial": 4393, "klima": 12 }, "geometry": { "type": "Point", "coordinates": [ 47.6666666666667, 40.6666666666667 ] } },
{ "type": "Feature", "properties": { "a_name": "Melitene*", "id": "5.07.05.05", "m_name": "Malatya", "a_category": "412", "the_breite": "39° 30'", "the_laenge": "71°", "category": "41b", "id_map": "AS01", "laenge_x": "71°", "breite_x": "39° 30'", "the_easting": "71", "the_northing": "39.5", "easting_x": "71", "northing_x": "39.5", "delta_easting": "0", "delta_northing": "0", "unique_id": 7240, "cat": "polis episemos, am Fluss", "the_breite_min": "30", "the_laenge_min": "", "breite_x_min": "30", "laenge_x_min": "", "section": "5.07.05", "chapter": "5.07", "place": "05", "settlement": true, "river": true, "coastal": null, "physical": null, "point_cat": "settlement", "spat_seq2": 4807, "spat_seq3": 4376, "spat_seq_the": 4404, "spat_seq_x": 4376, "tribe": null, "pleiades": null, "serial": 6439, "klima": 12 }, "geometry": { "type": "Point", "coordinates": [ 71.0, 39.5 ] } },
{ "type": "Feature", "properties": { "a_name": "Marakanda*", "id": "6.11.09.03", "m_name": "Samarkand", "a_category": "412", "the_breite": "39° 15'", "the_laenge": "112°", "category": "41b", "id_map": "AS07", "laenge_x": "", "breite_x": "", "the_easting": "112", "the_northing": "39.25", "easting_x": "", "northing_x": "", "delta_easting": "-112", "delta_northing": "-39.25", "unique_id": 9789, "cat": "polis episemos, am Fluss", "the_breite_min": "15", "the_laenge_min": "", "breite_x_min": "", "laenge_x_min": "", "section": "6.11.09", "chapter": "6.11", "place": "03", "settlement": true, "river": true, "coastal": null, "physical": null, "point_cat": "settlement", "spat_seq2": 6286, "spat_seq3": 5829, "spat_seq_the": 5858, "spat_seq_x": null, "tribe": null, "pleiades": null, "serial": 2350, "klima": 12 }, "geometry": { "type": "Point", "coordinates": [ 112.0, 39.25 ] } },
{ "type": "Feature", "properties": { "a_name": "Alexandreia Troas*", "id": "5.02.04.03", "m_name": "Eskistanbul", "a_category": "413", "the_breite": "40° 40'", "the_laenge": "55° 25'", "category": "41c", "id_map": "AS01", "laenge_x": "55° 25'", "breite_x": "40° 40'", "the_easting": "55.4166666666667", "the_northing": "40.6666666666667", "easting_x": "55.4166666666667", "northing_x": "40.6666666666667", "delta_easting": "0", "delta_northing": "0", "unique_id": 6496, "cat": "polis episemos, an Küste", "the_breite_min": "40", "the_laenge_min": "25", "breite_x_min": "40", "laenge_x_min": "25", "section": "5.02.04", "chapter": "5.02", "place": "03", "settlement": true, "river": null, "coastal": true, "physical": null, "point_cat": "boundary", "spat_seq2": 4226, "spat_seq3": 3835, "spat_seq_the": 3868, "spat_seq_x": 3835, "tribe": null, "pleiades": null, "serial": 5905, "klima": 12 }, "geometry": { "type": "Point", "coordinates": [ 55.4166666666667, 40.6666666666667 ] } },
{ "type": "Feature", "properties": { "a_name": "Kasandreia*", "id": "3.13.13.03", "m_name": "Nea Potidea", "a_category": "423", "the_breite": "", "the_laenge": "", "category": "42c", "id_map": "EU10", "laenge_x": "51° 05'", "breite_x": "40°", "the_easting": "", "the_northing": "", "easting_x": "51.0833333333333", "northing_x": "40", "delta_easting": "51.0833333333333", "delta_northing": "40", "unique_id": 3800, "cat": "Koloniestadt, an Küste", "the_breite_min": "", "the_laenge_min": "", "breite_x_min": "", "laenge_x_min": "05", "section": "3.13.13", "chapter": "3.13", "place": "03", "settlement": true, "river": null, "coastal": true, "physical": null, "point_cat": "boundary", "spat_seq2": 2460, "spat_seq3": 2235, "spat_seq_the": null, "spat_seq_x": 2235, "tribe": null, "pleiades": null, "serial": 4469, "klima": 12 }, "geometry": { "type": "Point", "coordinates": [ 51.0833333333333, 40.0 ] } },
{ "type": "Feature", "properties": { "a_name": "Tarraco*", "id": "2.06.17.02", "m_name": "Tarragona", "a_category": "413", "the_breite": "40° 40'", "the_laenge": "16° 20'", "category": "41c", "id_map": "EU02", "laenge_x": "16° 20'", "breite_x": "40° 40'", "the_easting": "16.3333333333333", "the_northing": "40.6666666666667", "easting_x": "16.3333333333333", "northing_x": "40.6666666666667", "delta_easting": "0", "delta_northing": "0", "unique_id": 658, "cat": "polis episemos, an Küste", "the_breite_min": "40", "the_laenge_min": "20", "breite_x_min": "40", "laenge_x_min": "20", "section": "2.06.17", "chapter": "2.06", "place": "02", "settlement": true, "river": null, "coastal": true, "physical": null, "point_cat": "boundary", "spat_seq2": 465, "spat_seq3": 419, "spat_seq_the": 425, "spat_seq_x": 419, "tribe": "Indigeten", "pleiades": null, "serial": 281, "klima": 12 }, "geometry": { "type": "Point", "coordinates": [ 16.3333333333333, 40.6666666666667 ] } },
{ "type": "Feature", "properties": { "a_name": "Aleria*", "id": "3.02.05.02", "m_name": "Aleria", "a_category": "423", "the_breite": "40° 05'", "the_laenge": "31° 30'", "category": "42c", "id_map": "EU06", "laenge_x": "31° 30'", "breite_x": "40° 05'", "the_easting": "31.5", "the_northing": "40.0833333333333", "easting_x": "31.5", "northing_x": "40.0833333333333", "delta_easting": "0", "delta_northing": "0", "unique_id": 2735, "cat": "Koloniestadt, an Küste", "the_breite_min": "05", "the_laenge_min": "30", "breite_x_min": "05", "laenge_x_min": "30", "section": "3.02.05", "chapter": "3.02", "place": "02", "settlement": true, "river": null, "coastal": true, "physical": null, "point_cat": "boundary", "spat_seq2": 1806, "spat_seq3": 1650, "spat_seq_the": 1664, "spat_seq_x": 1650, "tribe": null, "pleiades": null, "serial": 3767, "klima": 12 }, "geometry": { "type": "Point", "coordinates": [ 31.5, 40.0833333333333 ] } },
{ "type": "Feature", "properties": { "a_name": "Pergamos*", "id": "5.02.14.14", "m_name": "Bergama", "a_category": "414", "the_breite": "39° 45'", "the_laenge": "57° 25'", "category": "41d", "id_map": "AS01", "laenge_x": "57° 25'", "breite_x": "39° 45'", "the_easting": "57.4166666666667", "the_northing": "39.75", "easting_x": "57.4166666666667", "northing_x": "39.75", "delta_easting": "0", "delta_northing": "0", "unique_id": 6603, "cat": "polis episemos, im Binnenland", "the_breite_min": "45", "the_laenge_min": "25", "breite_x_min": "45", "laenge_x_min": "25", "section": "5.02.14", "chapter": "5.02", "place": "14", "settlement": true, "river": null, "coastal": null, "physical": null, "point_cat": "settlement", "spat_seq2": 4310, "spat_seq3": 3917, "spat_seq_the": 3948, "spat_seq_x": 3917, "tribe": null, "pleiades": null, "serial": 5987, "klima": 12 }, "geometry": { "type": "Point", "coordinates": [ 57.4166666666667, 39.75 ] } },
{ "type": "Feature", "properties": { "a_name": "Amarusa*", "id": "6.09.07.02", "m_name": "", "a_category": "414", "the_breite": "40°", "the_laenge": "95°", "category": "41d", "id_map": "AS07", "laenge_x": "", "breite_x": "", "the_easting": "95", "the_northing": "40", "easting_x": "", "northing_x": "", "delta_easting": "-95", "delta_northing": "-40", "unique_id": 9666, "cat": "polis episemos, im Binnenland", "the_breite_min": "", "the_laenge_min": "", "breite_x_min": "", "laenge_x_min": "", "section": "6.09.07", "chapter": "6.09", "place": "02", "settlement": true, "river": null, "coastal": null, "physical": null, "point_cat": "settlement", "spat_seq2": 6230, "spat_seq3": 5773, "spat_seq_the": 5802, "spat_seq_x": null, "tribe": null, "pleiades": null, "serial": 2304, "klima": 12 }, "geometry": { "type": "Point", "coordinates": [ 95.0, 40.0 ] } },
{ "type": "Feature", "properties": { "a_name": "Caesaraugusta*", "id": "2.06.63.04", "m_name": "Zaragoza", "a_category": "414", "the_breite": "41° 30'", "the_laenge": "14° 15'", "category": "41d", "id_map": "EU02", "laenge_x": "14° 30'", "breite_x": "41° 30'", "the_easting": "14.25", "the_northing": "41.5", "easting_x": "14.5", "northing_x": "41.5", "delta_easting": ".25", "delta_northing": "0", "unique_id": 940, "cat": "polis episemos, im Binnenland", "the_breite_min": "30", "the_laenge_min": "15", "breite_x_min": "30", "laenge_x_min": "30", "section": "2.06.63", "chapter": "2.06", "place": "04", "settlement": true, "river": null, "coastal": null, "physical": null, "point_cat": "settlement", "spat_seq2": 684, "spat_seq3": 622, "spat_seq_the": 624, "spat_seq_x": 622, "tribe": "Edetaner", "pleiades": null, "serial": 428, "klima": 13 }, "geometry": { "type": "Point", "coordinates": [ 14.5, 41.5 ] } },
{ "type": "Feature", "properties": { "a_name": "Kyzikos*", "id": "5.02.02.04", "m_name": "Belkiz", "a_category": "413", "the_breite": "41° 30'", "the_laenge": "56°", "category": "41c", "id_map": "AS01", "laenge_x": "56°", "breite_x": "41° 30'", "the_easting": "56", "the_northing": "41.5", "easting_x": "56", "northing_x": "41.5", "delta_easting": "0", "delta_northing": "0", "unique_id": 6482, "cat": "polis episemos, an Küste", "the_breite_min": "30", "the_laenge_min": "", "breite_x_min": "30", "laenge_x_min": "", "section": "5.02.02", "chapter": "5.02", "place": "04", "settlement": true, "river": null, "coastal": true, "physical": null, "point_cat": "boundary", "spat_seq2": 4216, "spat_seq3": 3825, "spat_seq_the": 3858, "spat_seq_x": 3825, "tribe": null, "pleiades": null, "serial": 5895, "klima": 13 }, "geometry": { "type": "Point", "coordinates": [ 56.0, 41.5 ] } },
{ "type": "Feature", "properties": { "a_name": "Clunia*", "id": "2.06.56.05", "m_name": "Peñalba de Castro", "a_category": "424", "the_breite": "42°", "the_laenge": "11°", "category": "42d", "id_map": "EU02", "laenge_x": "11°", "breite_x": "42°", "the_easting": "11", "the_northing": "42", "easting_x": "11", "northing_x": "42", "delta_easting": "0", "delta_northing": "0", "unique_id": 836, "cat": "Koloniestadt, im Binnenland", "the_breite_min": "", "the_laenge_min": "", "breite_x_min": "", "laenge_x_min": "", "section": "2.06.56", "chapter": "2.06", "place": "05", "settlement": true, "river": null, "coastal": null, "physical": null, "point_cat": "settlement", "spat_seq2": 595, "spat_seq3": 541, "spat_seq_the": 544, "spat_seq_x": 541, "tribe": "Arevaker", "pleiades": null, "serial": 372, "klima": 13 }, "geometry": { "type": "Point", "coordinates": [ 11.0, 42.0 ] } },
{ "type": "Feature", "properties": { "a_name": "Drosache*", "id": "6.16.07.03", "m_name": "", "a_category": "411", "the_breite": "42° 30'", "the_laenge": "167° 40'", "category": "41a", "id_map": "AS08", "laenge_x": "", "breite_x": "", "the_easting": "167.666666666667", "the_northing": "42.5", "easting_x": "", "northing_x": "", "delta_easting": "-167.666666666667", "delta_northing": "-42.5", "unique_id": 10150, "cat": "polis episemos", "the_breite_min": "30", "the_laenge_min": "40", "breite_x_min": "", "laenge_x_min": "", "section": "6.16.07", "chapter": "6.16", "place": "03", "settlement": true, "river": null, "coastal": null, "physical": null, "point_cat": "settlement", "spat_seq2": 6388, "spat_seq3": 5931, "spat_seq_the": 5960, "spat_seq_x": null, "tribe": null, "pleiades": null, "serial": 2451, "klima": 13 }, "geometry": { "type": "Point", "coordinates": [ 167.666666666666998, 42.5 ] } },
{ "type": "Feature", "properties": { "a_name": "Narona*", "id": "2.16.12.02", "m_name": "Vid", "a_category": "414", "the_breite": "42° 45'", "the_laenge": "44° 20'", "category": "41d", "id_map": "EU05", "laenge_x": "44° 20'", "breite_x": "42° 45'", "the_easting": "44.3333333333333", "the_northing": "42.75", "easting_x": "44.3333333333333", "northing_x": "42.75", "delta_easting": "0", "delta_northing": "0", "unique_id": 2163, "cat": "polis episemos, im Binnenland", "the_breite_min": "45", "the_laenge_min": "20", "breite_x_min": "45", "laenge_x_min": "20", "section": "2.16.12", "chapter": "2.16", "place": "02", "settlement": true, "river": null, "coastal": null, "physical": null, "point_cat": "settlement", "spat_seq2": 1393, "spat_seq3": 1253, "spat_seq_the": 1266, "spat_seq_x": 1253, "tribe": null, "pleiades": null, "serial": 3327, "klima": 13 }, "geometry": { "type": "Point", "coordinates": [ 44.3333333333333, 42.75 ] } },
{ "type": "Feature", "properties": { "a_name": "Neapolis*", "id": "3.01.06.10", "m_name": "Neapel", "a_category": "413", "the_breite": "40° 30'", "the_laenge": "40°", "category": "41c", "id_map": "EU06", "laenge_x": "40°", "breite_x": "40° 55'", "the_easting": "40", "the_northing": "40.5", "easting_x": "40", "northing_x": "40.9166666666667", "delta_easting": "0", "delta_northing": ".4166666666667", "unique_id": 2269, "cat": "polis episemos, an Küste", "the_breite_min": "30", "the_laenge_min": "", "breite_x_min": "55", "laenge_x_min": "", "section": "3.01.06", "chapter": "3.01", "place": "10", "settlement": true, "river": null, "coastal": true, "physical": null, "point_cat": "boundary", "spat_seq2": 1463, "spat_seq3": 1318, "spat_seq_the": 1332, "spat_seq_x": 1318, "tribe": null, "pleiades": null, "serial": 3393, "klima": 13 }, "geometry": { "type": "Point", "coordinates": [ 40.0, 40.9166666666667 ] } },
{ "type": "Feature", "properties": { "a_name": "Roma*", "id": "3.01.61.02", "m_name": "Rom", "a_category": "414", "the_breite": "41° 40'", "the_laenge": "36° 40'", "category": "41d", "id_map": "EU06", "laenge_x": "36° 40'", "breite_x": "41° 40'", "the_easting": "36.6666666666667", "the_northing": "41.6666666666667", "easting_x": "36.6666666666667", "northing_x": "41.6666666666667", "delta_easting": "0", "delta_northing": "0", "unique_id": 2586, "cat": "polis episemos, im Binnenland", "the_breite_min": "40", "the_laenge_min": "40", "breite_x_min": "40", "laenge_x_min": "40", "section": "3.01.61", "chapter": "3.01", "place": "02", "settlement": true, "river": null, "coastal": null, "physical": null, "point_cat": "settlement", "spat_seq2": 1687, "spat_seq3": 1535, "spat_seq_the": 1549, "spat_seq_x": 1535, "tribe": null, "pleiades": null, "serial": 3648, "klima": 13 }, "geometry": { "type": "Point", "coordinates": [ 36.6666666666667, 41.6666666666667 ] } },
{ "type": "Feature", "properties": { "a_name": "Beneventum*", "id": "3.01.67.10", "m_name": "Benevento", "a_category": "414", "the_breite": "41° 20'", "the_laenge": "41°", "category": "41d", "id_map": "EU06", "laenge_x": "41°", "breite_x": "41° 20'", "the_easting": "41", "the_northing": "41.3333333333333", "easting_x": "41", "northing_x": "41.3333333333333", "delta_easting": "0", "delta_northing": "0", "unique_id": 2626, "cat": "polis episemos, im Binnenland", "the_breite_min": "20", "the_laenge_min": "", "breite_x_min": "20", "laenge_x_min": "", "section": "3.01.67", "chapter": "3.01", "place": "10", "settlement": true, "river": null, "coastal": null, "physical": null, "point_cat": "settlement", "spat_seq2": 1719, "spat_seq3": 1567, "spat_seq_the": 1581, "spat_seq_x": 1567, "tribe": null, "pleiades": null, "serial": 3682, "klima": 13 }, "geometry": { "type": "Point", "coordinates": [ 41.0, 41.3333333333333 ] } },
{ "type": "Feature", "properties": { "a_name": "Capua*", "id": "3.01.68.09", "m_name": "S. Maria Capua Vetere", "a_category": "414", "the_breite": "41° 10'", "the_laenge": "40°", "category": "41d", "id_map": "EU06", "laenge_x": "40°", "breite_x": "41° 20'", "the_easting": "40", "the_northing": "41.1666666666667", "easting_x": "40", "northing_x": "41.3333333333333", "delta_easting": "0", "delta_northing": ".1666666666666", "unique_id": 2636, "cat": "polis episemos, im Binnenland", "the_breite_min": "10", "the_laenge_min": "", "breite_x_min": "20", "laenge_x_min": "", "section": "3.01.68", "chapter": "3.01", "place": "09", "settlement": true, "river": null, "coastal": null, "physical": null, "point_cat": "settlement", "spat_seq2": 1728, "spat_seq3": 1576, "spat_seq_the": 1590, "spat_seq_x": 1576, "tribe": null, "pleiades": null, "serial": 3690, "klima": 13 }, "geometry": { "type": "Point", "coordinates": [ 40.0, 41.3333333333333 ] } },
{ "type": "Feature", "properties": { "a_name": "Ainos*", "id": "3.11.02.05", "m_name": "Enez", "a_category": "413", "the_breite": "41° 30'", "the_laenge": "53° 10'", "category": "41c", "id_map": "EU09", "laenge_x": "53° 10'", "breite_x": "41° 30'", "the_easting": "53.1666666666667", "the_northing": "41.5", "easting_x": "53.1666666666667", "northing_x": "41.5", "delta_easting": "0", "delta_northing": "0", "unique_id": 3603, "cat": "polis episemos, an Küste", "the_breite_min": "30", "the_laenge_min": "10", "breite_x_min": "30", "laenge_x_min": "10", "section": "3.11.02", "chapter": "3.11", "place": "05", "settlement": true, "river": null, "coastal": true, "physical": null, "point_cat": "boundary", "spat_seq2": 2342, "spat_seq3": 2125, "spat_seq_the": 2150, "spat_seq_x": 2125, "tribe": null, "pleiades": null, "serial": 4208, "klima": 13 }, "geometry": { "type": "Point", "coordinates": [ 53.1666666666667, 41.5 ] } },
{ "type": "Feature", "properties": { "a_name": "Herakleia*", "id": "3.11.06.05", "m_name": "Marmara Ereglisi", "a_category": "413", "the_breite": "42° 20'", "the_laenge": "54° 50'", "category": "41c", "id_map": "EU09", "laenge_x": "54° 50'", "breite_x": "42° 20'", "the_easting": "54.8333333333333", "the_northing": "42.3333333333333", "easting_x": "54.8333333333333", "northing_x": "42.3333333333333", "delta_easting": "0", "delta_northing": "0", "unique_id": 3631, "cat": "polis episemos, an Küste", "the_breite_min": "20", "the_laenge_min": "50", "breite_x_min": "20", "laenge_x_min": "50", "section": "3.11.06", "chapter": "3.11", "place": "05", "settlement": true, "river": null, "coastal": true, "physical": null, "point_cat": "boundary", "spat_seq2": 2361, "spat_seq3": 2143, "spat_seq_the": 2167, "spat_seq_x": 2143, "tribe": null, "pleiades": null, "serial": 4222, "klima": 13 }, "geometry": { "type": "Point", "coordinates": [ 54.8333333333333, 42.3333333333333 ] } },
{ "type": "Feature", "properties": { "a_name": "Dyrrhachion*", "id": "3.13.03.02", "m_name": "Durrës", "a_category": "413", "the_breite": "40° 50'", "the_laenge": "45°", "category": "41c", "id_map": "EU10", "laenge_x": "45°", "breite_x": "40° 55'", "the_easting": "45", "the_northing": "40.8333333333333", "easting_x": "45", "northing_x": "40.9166666666667", "delta_easting": "0", "delta_northing": ".0833333333334", "unique_id": 3741, "cat": "polis episemos, an Küste", "the_breite_min": "50", "the_laenge_min": "", "breite_x_min": "55", "laenge_x_min": "", "section": "3.13.03", "chapter": "3.13", "place": "02", "settlement": true, "river": null, "coastal": true, "physical": null, "point_cat": "boundary", "spat_seq2": 2418, "spat_seq3": 2197, "spat_seq_the": 2222, "spat_seq_x": 2197, "tribe": null, "pleiades": null, "serial": 4277, "klima": 13 }, "geometry": { "type": "Point", "coordinates": [ 45.0, 40.9166666666667 ] } },
{ "type": "Feature", "properties": { "a_name": "Perinthos*", "id": "3.11.06.05", "m_name": "Marmara Ereglisi", "a_category": "413", "the_breite": "42° 20'", "the_laenge": "54° 50'", "category": "41c", "id_map": "EU09", "laenge_x": "54° 50'", "breite_x": "42° 20'", "the_easting": "54.8333333333333", "the_northing": "42.3333333333333", "easting_x": "54.8333333333333", "northing_x": "42.3333333333333", "delta_easting": "0", "delta_northing": "0", "unique_id": 3632, "cat": "polis episemos, an Küste", "the_breite_min": "20", "the_laenge_min": "50", "breite_x_min": "20", "laenge_x_min": "50", "section": "3.11.06", "chapter": "3.11", "place": "05", "settlement": true, "river": null, "coastal": true, "physical": null, "point_cat": "boundary", "spat_seq2": 2362, "spat_seq3": 2144, "spat_seq_the": 2168, "spat_seq_x": 2144, "tribe": null, "pleiades": null, "serial": 4223, "klima": 13 }, "geometry": { "type": "Point", "coordinates": [ 54.8333333333333, 42.3333333333333 ] } },
{ "type": "Feature", "properties": { "a_name": "Lysimachia*", "id": "3.11.13.13", "m_name": "Baklaburun", "a_category": "414", "the_breite": "41° 30'", "the_laenge": "54° 10'", "category": "41d", "id_map": "EU09", "laenge_x": "54° 10'", "breite_x": "41° 35'", "the_easting": "54.1666666666667", "the_northing": "41.5", "easting_x": "54.1666666666667", "northing_x": "41.5833333333333", "delta_easting": "0", "delta_northing": ".0833333333333", "unique_id": 3701, "cat": "polis episemos, im Binnenland", "the_breite_min": "30", "the_laenge_min": "10", "breite_x_min": "35", "laenge_x_min": "10", "section": "3.11.13", "chapter": "3.11", "place": "13", "settlement": true, "river": null, "coastal": null, "physical": null, "point_cat": "settlement", "spat_seq2": 2401, "spat_seq3": 2181, "spat_seq_the": 2206, "spat_seq_x": 2181, "tribe": null, "pleiades": null, "serial": 4262, "klima": 13 }, "geometry": { "type": "Point", "coordinates": [ 54.1666666666667, 41.5833333333333 ] } },
{ "type": "Feature", "properties": { "a_name": "Sestos*", "id": "3.12.04.04", "m_name": "Yalikavat", "a_category": "413", "the_breite": "41° 15'", "the_laenge": "54° 55'", "category": "41c", "id_map": "EU09", "laenge_x": "54° 55'", "breite_x": "41° 15'", "the_easting": "54.9166666666667", "the_northing": "41.25", "easting_x": "54.9166666666667", "northing_x": "41.25", "delta_easting": "0", "delta_northing": "0", "unique_id": 3729, "cat": "polis episemos, an Küste", "the_breite_min": "15", "the_laenge_min": "55", "breite_x_min": "15", "laenge_x_min": "55", "section": "3.12.04", "chapter": "3.12", "place": "04", "settlement": true, "river": null, "coastal": true, "physical": null, "point_cat": "boundary", "spat_seq2": 2416, "spat_seq3": 2195, "spat_seq_the": 2220, "spat_seq_x": 2195, "tribe": null, "pleiades": null, "serial": 4275, "klima": 13 }, "geometry": { "type": "Point", "coordinates": [ 54.9166666666667, 41.25 ] } },
{ "type": "Feature", "properties": { "a_name": "Amphipolis*", "id": "3.13.31.06", "m_name": "Amphipolis", "a_category": "414", "the_breite": "41° 30'", "the_laenge": "50°", "category": "41d", "id_map": "EU10", "laenge_x": "50°", "breite_x": "41° 30'", "the_easting": "50", "the_northing": "41.5", "easting_x": "50", "northing_x": "41.5", "delta_easting": "0", "delta_northing": "0", "unique_id": 3894, "cat": "polis episemos, im Binnenland", "the_breite_min": "30", "the_laenge_min": "", "breite_x_min": "30", "laenge_x_min": "", "section": "3.13.31", "chapter": "3.13", "place": "06", "settlement": true, "river": null, "coastal": null, "physical": null, "point_cat": "settlement", "spat_seq2": 2527, "spat_seq3": 2298, "spat_seq_the": 2322, "spat_seq_x": 2298, "tribe": null, "pleiades": null, "serial": 4389, "klima": 13 }, "geometry": { "type": "Point", "coordinates": [ 50.0, 41.5 ] } },
{ "type": "Feature", "properties": { "a_name": "Nikomedeia*", "id": "5.01.03.02", "m_name": "Izmit", "a_category": "413", "the_breite": "42° 30'", "the_laenge": "57° 20'", "category": "41c", "id_map": "AS01", "laenge_x": "57°", "breite_x": "42° 30'", "the_easting": "57.3333333333333", "the_northing": "42.5", "easting_x": "57", "northing_x": "42.5", "delta_easting": "-.3333333333333", "delta_northing": "0", "unique_id": 6383, "cat": "polis episemos, an Küste", "the_breite_min": "30", "the_laenge_min": "20", "breite_x_min": "30", "laenge_x_min": "", "section": "5.01.03", "chapter": "5.01", "place": "02", "settlement": true, "river": null, "coastal": true, "physical": null, "point_cat": "boundary", "spat_seq2": 4153, "spat_seq3": 3763, "spat_seq_the": 3796, "spat_seq_x": 3763, "tribe": null, "pleiades": null, "serial": 5834, "klima": 13 }, "geometry": { "type": "Point", "coordinates": [ 57.0, 42.5 ] } },
{ "type": "Feature", "properties": { "a_name": "Apameia*", "id": "5.01.04.05", "m_name": "Mudanya", "a_category": "413", "the_breite": "42° ", "the_laenge": "56° 55'", "category": "41c", "id_map": "AS01", "laenge_x": "56° 20'", "breite_x": "41° 55'", "the_easting": "56.9166666666667", "the_northing": "42", "easting_x": "56.3333333333333", "northing_x": "41.9166666666667", "delta_easting": "-.5833333333334", "delta_northing": "-.0833333333333", "unique_id": 6389, "cat": "polis episemos, an Küste", "the_breite_min": "", "the_laenge_min": "55", "breite_x_min": "55", "laenge_x_min": "20", "section": "5.01.04", "chapter": "5.01", "place": "05", "settlement": true, "river": null, "coastal": true, "physical": null, "point_cat": "boundary", "spat_seq2": 4159, "spat_seq3": 3769, "spat_seq_the": 3802, "spat_seq_x": 3769, "tribe": null, "pleiades": null, "serial": 5840, "klima": 13 }, "geometry": { "type": "Point", "coordinates": [ 56.3333333333333, 41.9166666666667 ] } },
{ "type": "Feature", "properties": { "a_name": "Nikaia*", "id": "5.01.14.05", "m_name": "Iznik", "a_category": "414", "the_breite": "42° 15'", "the_laenge": "58°", "category": "41d", "id_map": "AS01", "laenge_x": "57°", "breite_x": "41° 55'", "the_easting": "58", "the_northing": "42.25", "easting_x": "57", "northing_x": "41.9166666666667", "delta_easting": "-1", "delta_northing": "-.3333333333333", "unique_id": 6459, "cat": "polis episemos, im Binnenland", "the_breite_min": "15", "the_laenge_min": "", "breite_x_min": "55", "laenge_x_min": "", "section": "5.01.14", "chapter": "5.01", "place": "05", "settlement": true, "river": null, "coastal": null, "physical": null, "point_cat": "settlement", "spat_seq2": 4204, "spat_seq3": 3813, "spat_seq_the": 3846, "spat_seq_x": 3813, "tribe": null, "pleiades": null, "serial": 5883, "klima": 13 }, "geometry": { "type": "Point", "coordinates": [ 57.0, 41.9166666666667 ] } },
{ "type": "Feature", "properties": { "a_name": "Germa*", "id": "5.04.07.03", "m_name": "Sivrihisar", "a_category": "414", "the_breite": "42°", "the_laenge": "61° 30'", "category": "41d", "id_map": "AS01", "laenge_x": "61° 30'", "breite_x": "42°", "the_easting": "61.5", "the_northing": "42", "easting_x": "61.5", "northing_x": "42", "delta_easting": "0", "delta_northing": "0", "unique_id": 6886, "cat": "polis episemos, im Binnenland", "the_breite_min": "", "the_laenge_min": "30", "breite_x_min": "", "laenge_x_min": "30", "section": "5.04.07", "chapter": "5.04", "place": "03", "settlement": true, "river": null, "coastal": null, "physical": null, "point_cat": "settlement", "spat_seq2": 4528, "spat_seq3": 4123, "spat_seq_the": 4153, "spat_seq_x": 4123, "tribe": null, "pleiades": null, "serial": 6192, "klima": 13 }, "geometry": { "type": "Point", "coordinates": [ 61.5, 42.0 ] } },
{ "type": "Feature", "properties": { "a_name": "Germa*", "id": "5.04.07.03", "m_name": "Sivrihisar", "a_category": "424", "the_breite": "42°", "the_laenge": "61° 30'", "category": "42d", "id_map": "AS01", "laenge_x": "61° 30'", "breite_x": "42°", "the_easting": "61.5", "the_northing": "42", "easting_x": "61.5", "northing_x": "42", "delta_easting": "0", "delta_northing": "0", "unique_id": 6887, "cat": "Koloniestadt, im Binnenland", "the_breite_min": "", "the_laenge_min": "30", "breite_x_min": "", "laenge_x_min": "30", "section": "5.04.07", "chapter": "5.04", "place": "03", "settlement": true, "river": null, "coastal": null, "physical": null, "point_cat": "settlement", "spat_seq2": 4529, "spat_seq3": 4124, "spat_seq_the": 4154, "spat_seq_x": 4124, "tribe": null, "pleiades": null, "serial": 6193, "klima": 13 }, "geometry": { "type": "Point", "coordinates": [ 61.5, 42.0 ] } },
{ "type": "Feature", "properties": { "a_name": "Pessinus*", "id": "5.04.07.04", "m_name": "Ballihisar", "a_category": "414", "the_breite": "41° 30'", "the_laenge": "61°", "category": "41d", "id_map": "AS01", "laenge_x": "61°", "breite_x": "41° 30'", "the_easting": "61", "the_northing": "41.5", "easting_x": "61", "northing_x": "41.5", "delta_easting": "0", "delta_northing": "0", "unique_id": 6888, "cat": "polis episemos, im Binnenland", "the_breite_min": "30", "the_laenge_min": "", "breite_x_min": "30", "laenge_x_min": "", "section": "5.04.07", "chapter": "5.04", "place": "04", "settlement": true, "river": null, "coastal": null, "physical": null, "point_cat": "settlement", "spat_seq2": 4530, "spat_seq3": 4125, "spat_seq_the": 4155, "spat_seq_x": 4125, "tribe": null, "pleiades": null, "serial": 6194, "klima": 13 }, "geometry": { "type": "Point", "coordinates": [ 61.0, 41.5 ] } },
{ "type": "Feature", "properties": { "a_name": "Ankyra*", "id": "5.04.08.02", "m_name": "Ankara", "a_category": "414", "the_breite": "42°", "the_laenge": "62° 40'", "category": "41d", "id_map": "AS01", "laenge_x": "62° 40'", "breite_x": "42°", "the_easting": "62.6666666666667", "the_northing": "42", "easting_x": "62.6666666666667", "northing_x": "42", "delta_easting": "0", "delta_northing": "0", "unique_id": 6897, "cat": "polis episemos, im Binnenland", "the_breite_min": "", "the_laenge_min": "40", "breite_x_min": "", "laenge_x_min": "40", "section": "5.04.08", "chapter": "5.04", "place": "02", "settlement": true, "river": null, "coastal": null, "physical": null, "point_cat": "settlement", "spat_seq2": 4538, "spat_seq3": 4130, "spat_seq_the": 4160, "spat_seq_x": 4130, "tribe": null, "pleiades": null, "serial": 6199, "klima": 13 }, "geometry": { "type": "Point", "coordinates": [ 62.6666666666667, 42.0 ] } },
{ "type": "Feature", "properties": { "a_name": "Komana in Pontos*", "id": "5.06.09.15", "m_name": "Gümenek", "a_category": "414", "the_breite": "41° 30'", "the_laenge": "67°", "category": "41d", "id_map": "AS01", "laenge_x": "67°", "breite_x": "41° 30'", "the_easting": "67", "the_northing": "41.5", "easting_x": "67", "northing_x": "41.5", "delta_easting": "0", "delta_northing": "0", "unique_id": 7117, "cat": "polis episemos, im Binnenland", "the_breite_min": "30", "the_laenge_min": "", "breite_x_min": "30", "laenge_x_min": "", "section": "5.06.09", "chapter": "5.06", "place": "15", "settlement": true, "river": null, "coastal": null, "physical": null, "point_cat": "settlement", "spat_seq2": 4705, "spat_seq3": 4280, "spat_seq_the": 4308, "spat_seq_x": 4280, "tribe": null, "pleiades": null, "serial": 6342, "klima": 13 }, "geometry": { "type": "Point", "coordinates": [ 67.0, 41.5 ] } },
{ "type": "Feature", "properties": { "a_name": "Satala*", "id": "5.07.03.01", "m_name": "Sadag", "a_category": "414", "the_breite": "42° 10'", "the_laenge": "69° 30'", "category": "41d", "id_map": "AS01", "laenge_x": "69° 30'", "breite_x": "42° 10'", "the_easting": "69.5", "the_northing": "42.1666666666667", "easting_x": "69.5", "northing_x": "42.1666666666667", "delta_easting": "0", "delta_northing": "0", "unique_id": 7212, "cat": "polis episemos, im Binnenland", "the_breite_min": "10", "the_laenge_min": "30", "breite_x_min": "10", "laenge_x_min": "30", "section": "5.07.03", "chapter": "5.07", "place": "01", "settlement": true, "river": null, "coastal": null, "physical": null, "point_cat": "settlement", "spat_seq2": 4781, "spat_seq3": 4351, "spat_seq_the": 4379, "spat_seq_x": 4351, "tribe": null, "pleiades": null, "serial": 6414, "klima": 13 }, "geometry": { "type": "Point", "coordinates": [ 69.5, 42.1666666666667 ] } },
{ "type": "Feature", "properties": { "a_name": "Artaxata*", "id": "5.13.12.09", "m_name": "Artashat", "a_category": "412", "the_breite": "42° 40'", "the_laenge": "78°", "category": "41b", "id_map": "AS03", "laenge_x": "78°", "breite_x": "42° 40'", "the_easting": "78", "the_northing": "42.6666666666667", "easting_x": "78", "northing_x": "42.6666666666667", "delta_easting": "0", "delta_northing": "0", "unique_id": 7810, "cat": "polis episemos, am Fluss", "the_breite_min": "40", "the_laenge_min": "", "breite_x_min": "40", "laenge_x_min": "", "section": "5.13.12", "chapter": "5.13", "place": "09", "settlement": true, "river": true, "coastal": null, "physical": null, "point_cat": "settlement", "spat_seq2": 5132, "spat_seq3": 4677, "spat_seq_the": 4706, "spat_seq_x": 4677, "tribe": null, "pleiades": null, "serial": 6715, "klima": 13 }, "geometry": { "type": "Point", "coordinates": [ 78.0, 42.6666666666667 ] } },
{ "type": "Feature", "properties": { "a_name": "Prokonesos*", "id": "3.11.14.05", "m_name": "Marmara-Insel", "a_category": "350", "the_breite": "", "the_laenge": "", "category": "35", "id_map": "EU09", "laenge_x": "55° 30'", "breite_x": "41° 50'", "the_easting": "", "the_northing": "", "easting_x": "55.5", "northing_x": "41.8333333333333", "delta_easting": "55.5", "delta_northing": "41.8333333333333", "unique_id": 3707, "cat": "Inselpunkt", "the_breite_min": "", "the_laenge_min": "", "breite_x_min": "50", "laenge_x_min": "30", "section": "3.11.14", "chapter": "3.11", "place": "05", "settlement": null, "river": null, "coastal": null, "physical": true, "point_cat": "offshore", "spat_seq2": 2404, "spat_seq3": 2183, "spat_seq_the": null, "spat_seq_x": 2183, "tribe": null, "pleiades": null, "serial": 4440, "klima": 13 }, "geometry": { "type": "Point", "coordinates": [ 55.5, 41.8333333333333 ] } },
{ "type": "Feature", "properties": { "a_name": "Tarracinae*", "id": "3.01.05.09", "m_name": "Terracina", "a_category": "413", "the_breite": "41° 15'", "the_laenge": "37° 45'", "category": "41c", "id_map": "EU06", "laenge_x": "37° 30'", "breite_x": "41° 15'", "the_easting": "37.75", "the_northing": "41.25", "easting_x": "37.5", "northing_x": "41.25", "delta_easting": "-.25", "delta_northing": "0", "unique_id": 2258, "cat": "polis episemos, an Küste", "the_breite_min": "15", "the_laenge_min": "45", "breite_x_min": "15", "laenge_x_min": "30", "section": "3.01.05", "chapter": "3.01", "place": "09", "settlement": true, "river": null, "coastal": true, "physical": null, "point_cat": "boundary", "spat_seq2": 1454, "spat_seq3": 1309, "spat_seq_the": 1324, "spat_seq_x": 1309, "tribe": null, "pleiades": null, "serial": 3385, "klima": 13 }, "geometry": { "type": "Point", "coordinates": [ 37.5, 41.25 ] } },
{ "type": "Feature", "properties": { "a_name": "Alexandreia Eschate*", "id": "6.12.06.05", "m_name": "Chodschent", "a_category": "414", "the_breite": "41°", "the_laenge": "122°", "category": "41d", "id_map": "AS07", "laenge_x": "", "breite_x": "", "the_easting": "122", "the_northing": "41", "easting_x": "", "northing_x": "", "delta_easting": "-122", "delta_northing": "-41", "unique_id": 9866, "cat": "polis episemos, im Binnenland", "the_breite_min": "", "the_laenge_min": "", "breite_x_min": "", "laenge_x_min": "", "section": "6.12.06", "chapter": "6.12", "place": "05", "settlement": true, "river": null, "coastal": null, "physical": null, "point_cat": "settlement", "spat_seq2": 6312, "spat_seq3": 5855, "spat_seq_the": 5884, "spat_seq_x": null, "tribe": null, "pleiades": null, "serial": 2376, "klima": 13 }, "geometry": { "type": "Point", "coordinates": [ 122.0, 41.0 ] } },
{ "type": "Feature", "properties": { "a_name": "Clunia*", "id": "2.06.56.05", "m_name": "Peñalba de Castro", "a_category": "414", "the_breite": "42°", "the_laenge": "11°", "category": "41d", "id_map": "EU02", "laenge_x": "11°", "breite_x": "42°", "the_easting": "11", "the_northing": "42", "easting_x": "11", "northing_x": "42", "delta_easting": "0", "delta_northing": "0", "unique_id": 835, "cat": "polis episemos, im Binnenland", "the_breite_min": "", "the_laenge_min": "", "breite_x_min": "", "laenge_x_min": "", "section": "2.06.56", "chapter": "2.06", "place": "05", "settlement": true, "river": null, "coastal": null, "physical": null, "point_cat": "settlement", "spat_seq2": 594, "spat_seq3": 540, "spat_seq_the": 543, "spat_seq_x": 540, "tribe": "Arevaker", "pleiades": null, "serial": 371, "klima": 13 }, "geometry": { "type": "Point", "coordinates": [ 11.0, 42.0 ] } },
{ "type": "Feature", "properties": { "a_name": "Kyropolis*", "id": "6.02.02.02", "m_name": "", "a_category": "413", "the_breite": "41° 30'", "the_laenge": "85° 30'", "category": "41c", "id_map": "AS05", "laenge_x": "", "breite_x": "", "the_easting": "85.5", "the_northing": "41.5", "easting_x": "", "northing_x": "", "delta_easting": "-85.5", "delta_northing": "-41.5", "unique_id": 8684, "cat": "polis episemos, an Küste", "the_breite_min": "30", "the_laenge_min": "30", "breite_x_min": "", "laenge_x_min": "", "section": "6.02.02", "chapter": "6.02", "place": "02", "settlement": true, "river": null, "coastal": true, "physical": null, "point_cat": "boundary", "spat_seq2": 5707, "spat_seq3": 5250, "spat_seq_the": 5279, "spat_seq_x": null, "tribe": null, "pleiades": null, "serial": 1837, "klima": 13 }, "geometry": { "type": "Point", "coordinates": [ 85.5, 41.5 ] } },
{ "type": "Feature", "properties": { "a_name": "Baktra*", "id": "6.11.09.01", "m_name": "", "a_category": "412", "the_breite": "41°", "the_laenge": "116°", "category": "41b", "id_map": "AS07", "laenge_x": "", "breite_x": "", "the_easting": "116", "the_northing": "41", "easting_x": "", "northing_x": "", "delta_easting": "-116", "delta_northing": "-41", "unique_id": 9786, "cat": "polis episemos, am Fluss", "the_breite_min": "", "the_laenge_min": "", "breite_x_min": "", "laenge_x_min": "", "section": "6.11.09", "chapter": "6.11", "place": "01", "settlement": true, "river": true, "coastal": null, "physical": null, "point_cat": "settlement", "spat_seq2": 6284, "spat_seq3": 5827, "spat_seq_the": 5856, "spat_seq_x": null, "tribe": null, "pleiades": null, "serial": 2348, "klima": 13 }, "geometry": { "type": "Point", "coordinates": [ 116.0, 41.0 ] } },
{ "type": "Feature", "properties": { "a_name": "Nemausus*", "id": "2.10.10.04", "m_name": "Nîmes", "a_category": "414", "the_breite": "44° 30'", "the_laenge": "22°", "category": "41d", "id_map": "EU03", "laenge_x": "22°", "breite_x": "44° 30'", "the_easting": "22", "the_northing": "44.5", "easting_x": "22", "northing_x": "44.5", "delta_easting": "0", "delta_northing": "0", "unique_id": 1434, "cat": "polis episemos, im Binnenland", "the_breite_min": "30", "the_laenge_min": "", "breite_x_min": "30", "laenge_x_min": "", "section": "2.10.10", "chapter": "2.10", "place": "04", "settlement": true, "river": null, "coastal": null, "physical": null, "point_cat": "settlement", "spat_seq2": 986, "spat_seq3": 896, "spat_seq_the": 905, "spat_seq_x": 896, "tribe": null, "pleiades": null, "serial": 2982, "klima": 14 }, "geometry": { "type": "Point", "coordinates": [ 22.0, 44.5 ] } },
{ "type": "Feature", "properties": { "a_name": "Nikopolis*", "id": "5.07.03.04", "m_name": "Pürk ", "a_category": "414", "the_breite": "41° 40'", "the_laenge": "69°", "category": "41d", "id_map": "AS01", "laenge_x": "69°", "breite_x": "41° 40'", "the_easting": "69", "the_northing": "41.6666666666667", "easting_x": "69", "northing_x": "41.6666666666667", "delta_easting": "0", "delta_northing": "0", "unique_id": 7215, "cat": "polis episemos, im Binnenland", "the_breite_min": "40", "the_laenge_min": "", "breite_x_min": "40", "laenge_x_min": "", "section": "5.07.03", "chapter": "5.07", "place": "04", "settlement": true, "river": null, "coastal": null, "physical": null, "point_cat": "settlement", "spat_seq2": 4784, "spat_seq3": 4354, "spat_seq_the": 4382, "spat_seq_x": 4354, "tribe": null, "pleiades": null, "serial": 6417, "klima": 13 }, "geometry": { "type": "Point", "coordinates": [ 69.0, 41.6666666666667 ] } },
{ "type": "Feature", "properties": { "a_name": "Aquileia*", "id": "3.01.29.04", "m_name": "Aquileia", "a_category": "424", "the_breite": "45°", "the_laenge": "34°", "category": "42d", "id_map": "EU06", "laenge_x": "34°", "breite_x": "45°", "the_easting": "34", "the_northing": "45", "easting_x": "34", "northing_x": "45", "delta_easting": "0", "delta_northing": "0", "unique_id": 2387, "cat": "Koloniestadt, im Binnenland", "the_breite_min": "", "the_laenge_min": "", "breite_x_min": "", "laenge_x_min": "", "section": "3.01.29", "chapter": "3.01", "place": "04", "settlement": true, "river": null, "coastal": null, "physical": null, "point_cat": "settlement", "spat_seq2": 1549, "spat_seq3": 1400, "spat_seq_the": 1414, "spat_seq_x": 1400, "tribe": null, "pleiades": null, "serial": 432, "klima": 14 }, "geometry": { "type": "Point", "coordinates": [ 34.0, 45.0 ] } },
{ "type": "Feature", "properties": { "a_name": "Odessus*", "id": "3.10.08.09", "m_name": "Varna", "a_category": "413", "the_breite": "45°", "the_laenge": "54° 50'", "category": "41c", "id_map": "EU09", "laenge_x": "54° 50'", "breite_x": "45°", "the_easting": "54.8333333333333", "the_northing": "45", "easting_x": "54.8333333333333", "northing_x": "45", "delta_easting": "0", "delta_northing": "0", "unique_id": 3519, "cat": "polis episemos, an Küste", "the_breite_min": "", "the_laenge_min": "50", "breite_x_min": "", "laenge_x_min": "50", "section": "3.10.08", "chapter": "3.10", "place": "09", "settlement": true, "river": null, "coastal": true, "physical": null, "point_cat": "boundary", "spat_seq2": 2298, "spat_seq3": 2085, "spat_seq_the": 2109, "spat_seq_x": 2085, "tribe": null, "pleiades": null, "serial": 4168, "klima": 14 }, "geometry": { "type": "Point", "coordinates": [ 54.8333333333333, 45.0 ] } },
{ "type": "Feature", "properties": { "a_name": "Iader*", "id": "2.16.03.06", "m_name": "Zadar", "a_category": "413", "the_breite": "43° 45'", "the_laenge": "42°", "category": "41c", "id_map": "EU05", "laenge_x": "42°", "breite_x": "43° 45'", "the_easting": "42", "the_northing": "43.75", "easting_x": "42", "northing_x": "43.75", "delta_easting": "0", "delta_northing": "0", "unique_id": 2086, "cat": "polis episemos, an Küste", "the_breite_min": "45", "the_laenge_min": "", "breite_x_min": "45", "laenge_x_min": "", "section": "2.16.03", "chapter": "2.16", "place": "06", "settlement": true, "river": null, "coastal": true, "physical": null, "point_cat": "boundary", "spat_seq2": 1346, "spat_seq3": 1213, "spat_seq_the": 1226, "spat_seq_x": 1213, "tribe": null, "pleiades": null, "serial": 3291, "klima": 14 }, "geometry": { "type": "Point", "coordinates": [ 42.0, 43.75 ] } },
{ "type": "Feature", "properties": { "a_name": "Asturica Augusta*", "id": "2.06.36.02", "m_name": "Astorga", "a_category": "414", "the_breite": "44°", "the_laenge": "9° 30'", "category": "41d", "id_map": "EU02", "laenge_x": "9° 30'", "breite_x": "44°", "the_easting": "9.5", "the_northing": "44", "easting_x": "9.5", "northing_x": "44", "delta_easting": "0", "delta_northing": "0", "unique_id": 737, "cat": "polis episemos, im Binnenland", "the_breite_min": "", "the_laenge_min": "30", "breite_x_min": "", "laenge_x_min": "30", "section": "2.06.36", "chapter": "2.06", "place": "02", "settlement": true, "river": null, "coastal": null, "physical": null, "point_cat": "settlement", "spat_seq2": 525, "spat_seq3": 475, "spat_seq_the": 482, "spat_seq_x": 475, "tribe": "ASTURIA", "pleiades": null, "serial": 1291, "klima": 14 }, "geometry": { "type": "Point", "coordinates": [ 9.5, 44.0 ] } },
{ "type": "Feature", "properties": { "a_name": "Charracharta*", "id": "6.11.07.03", "m_name": "", "a_category": "412", "the_breite": "44° 10'", "the_laenge": "110°", "category": "41b", "id_map": "AS07", "laenge_x": "", "breite_x": "", "the_easting": "110", "the_northing": "44.1666666666667", "easting_x": "", "northing_x": "", "delta_easting": "-110", "delta_northing": "-44.1666666666667", "unique_id": 9767, "cat": "polis episemos, am Fluss", "the_breite_min": "10", "the_laenge_min": "", "breite_x_min": "", "laenge_x_min": "", "section": "6.11.07", "chapter": "6.11", "place": "03", "settlement": true, "river": true, "coastal": null, "physical": null, "point_cat": "settlement", "spat_seq2": 6271, "spat_seq3": 5814, "spat_seq_the": 5843, "spat_seq_x": null, "tribe": null, "pleiades": null, "serial": 2340, "klima": 14 }, "geometry": { "type": "Point", "coordinates": [ 110.0, 44.1666666666667 ] } },
{ "type": "Feature", "properties": { "a_name": "Oxeiana*", "id": "6.12.05.05", "m_name": "", "a_category": "412", "the_breite": "44° 40'", "the_laenge": "117° 30'", "category": "41b", "id_map": "AS07", "laenge_x": "", "breite_x": "", "the_easting": "117.5", "the_northing": "44.6666666666667", "easting_x": "", "northing_x": "", "delta_easting": "-117.5", "delta_northing": "-44.6666666666667", "unique_id": 9857, "cat": "polis episemos, am Fluss", "the_breite_min": "40", "the_laenge_min": "30", "breite_x_min": "", "laenge_x_min": "", "section": "6.12.05", "chapter": "6.12", "place": "05", "settlement": true, "river": true, "coastal": null, "physical": null, "point_cat": "settlement", "spat_seq2": 6305, "spat_seq3": 5848, "spat_seq_the": 5877, "spat_seq_x": null, "tribe": null, "pleiades": null, "serial": 2370, "klima": 14 }, "geometry": { "type": "Point", "coordinates": [ 117.5, 44.6666666666667 ] } },
{ "type": "Feature", "properties": { "a_name": "Massilia*", "id": "2.10.08.06", "m_name": "Marseille", "a_category": "413", "the_breite": "43° 05'", "the_laenge": "24° 30'", "category": "41c", "id_map": "EU03", "laenge_x": "24° 30'", "breite_x": "43° 05'", "the_easting": "24.5", "the_northing": "43.0833333333333", "easting_x": "24.5", "northing_x": "43.0833333333333", "delta_easting": "0", "delta_northing": "0", "unique_id": 1413, "cat": "polis episemos, an Küste", "the_breite_min": "05", "the_laenge_min": "30", "breite_x_min": "05", "laenge_x_min": "30", "section": "2.10.08", "chapter": "2.10", "place": "06", "settlement": true, "river": null, "coastal": true, "physical": null, "point_cat": "boundary", "spat_seq2": 970, "spat_seq3": 880, "spat_seq_the": 889, "spat_seq_x": 880, "tribe": null, "pleiades": null, "serial": 2961, "klima": 14 }, "geometry": { "type": "Point", "coordinates": [ 24.5, 43.0833333333333 ] } },
{ "type": "Feature", "properties": { "a_name": "Narbo*", "id": "2.10.09.09", "m_name": "Narbonne", "a_category": "414", "the_breite": "43°", "the_laenge": "21°", "category": "41d", "id_map": "EU03", "laenge_x": "21° 30'", "breite_x": "43° 15'", "the_easting": "21", "the_northing": "43", "easting_x": "21.5", "northing_x": "43.25", "delta_easting": ".5", "delta_northing": ".25", "unique_id": 1430, "cat": "polis episemos, im Binnenland", "the_breite_min": "", "the_laenge_min": "", "breite_x_min": "15", "laenge_x_min": "30", "section": "2.10.09", "chapter": "2.10", "place": "09", "settlement": true, "river": null, "coastal": null, "physical": null, "point_cat": "settlement", "spat_seq2": 984, "spat_seq3": 894, "spat_seq_the": 903, "spat_seq_x": 894, "tribe": null, "pleiades": null, "serial": 2980, "klima": 14 }, "geometry": { "type": "Point", "coordinates": [ 21.5, 43.25 ] } },
{ "type": "Feature", "properties": { "a_name": "Sirmium*", "id": "2.15.08.05", "m_name": "Sremska Mitrovica", "a_category": "414", "the_breite": "45°", "the_laenge": "44° 50'", "category": "41d", "id_map": "EU05", "laenge_x": "44° 50'", "breite_x": "45°", "the_easting": "44.8333333333333", "the_northing": "45", "easting_x": "44.8333333333333", "northing_x": "45", "delta_easting": "0", "delta_northing": "0", "unique_id": 2052, "cat": "polis episemos, im Binnenland", "the_breite_min": "", "the_laenge_min": "50", "breite_x_min": "", "laenge_x_min": "50", "section": "2.15.08", "chapter": "2.15", "place": "05", "settlement": true, "river": null, "coastal": null, "physical": null, "point_cat": "settlement", "spat_seq2": 1324, "spat_seq3": 1192, "spat_seq_the": 1205, "spat_seq_x": 1192, "tribe": null, "pleiades": null, "serial": 3268, "klima": 14 }, "geometry": { "type": "Point", "coordinates": [ 44.8333333333333, 45.0 ] } },
{ "type": "Feature", "properties": { "a_name": "Salonae*", "id": "2.16.04.03", "m_name": "Solin", "a_category": "413", "the_breite": "43° 10'", "the_laenge": "43° 20'", "category": "41c", "id_map": "EU05", "laenge_x": "43° 30'", "breite_x": "43° 10'", "the_easting": "43.3333333333333", "the_northing": "43.1666666666667", "easting_x": "43.5", "northing_x": "43.1666666666667", "delta_easting": ".1666666666667", "delta_northing": "0", "unique_id": 2091, "cat": "polis episemos, an Küste", "the_breite_min": "10", "the_laenge_min": "20", "breite_x_min": "10", "laenge_x_min": "30", "section": "2.16.04", "chapter": "2.16", "place": "03", "settlement": true, "river": null, "coastal": true, "physical": null, "point_cat": "boundary", "spat_seq2": 1350, "spat_seq3": 1217, "spat_seq_the": 1230, "spat_seq_x": 1217, "tribe": null, "pleiades": null, "serial": 3295, "klima": 14 }, "geometry": { "type": "Point", "coordinates": [ 43.5, 43.1666666666667 ] } },
{ "type": "Feature", "properties": { "a_name": "Nicaea*", "id": "3.01.02.04", "m_name": "Nizza", "a_category": "413", "the_breite": "43° 25'", "the_laenge": "28°", "category": "41c", "id_map": "EU06", "laenge_x": "28°", "breite_x": "43° 25'", "the_easting": "28", "the_northing": "43.4166666666667", "easting_x": "28", "northing_x": "43.4166666666667", "delta_easting": "0", "delta_northing": "0", "unique_id": 2218, "cat": "polis episemos, an Küste", "the_breite_min": "25", "the_laenge_min": "", "breite_x_min": "25", "laenge_x_min": "", "section": "3.01.02", "chapter": "3.01", "place": "04", "settlement": true, "river": null, "coastal": true, "physical": null, "point_cat": "boundary", "spat_seq2": 1422, "spat_seq3": 1277, "spat_seq_the": 1292, "spat_seq_x": 1277, "tribe": null, "pleiades": null, "serial": 3351, "klima": 14 }, "geometry": { "type": "Point", "coordinates": [ 28.0, 43.4166666666667 ] } },
{ "type": "Feature", "properties": { "a_name": "Ancona*", "id": "3.01.21.07", "m_name": "Ancona", "a_category": "413", "the_breite": "43° 40'", "the_laenge": "36° 30'", "category": "41c", "id_map": "EU06", "laenge_x": "36° 30'", "breite_x": "43° 40'", "the_easting": "36.5", "the_northing": "43.6666666666667", "easting_x": "36.5", "northing_x": "43.6666666666667", "delta_easting": "0", "delta_northing": "0", "unique_id": 2344, "cat": "polis episemos, an Küste", "the_breite_min": "40", "the_laenge_min": "30", "breite_x_min": "40", "laenge_x_min": "30", "section": "3.01.21", "chapter": "3.01", "place": "07", "settlement": true, "river": null, "coastal": true, "physical": null, "point_cat": "boundary", "spat_seq2": 1516, "spat_seq3": 1368, "spat_seq_the": 1382, "spat_seq_x": 1368, "tribe": null, "pleiades": null, "serial": 3457, "klima": 14 }, "geometry": { "type": "Point", "coordinates": [ 36.5, 43.6666666666667 ] } },
{ "type": "Feature", "properties": { "a_name": "Ravenna*", "id": "3.01.23.03", "m_name": "Ravenna", "a_category": "413", "the_breite": "44°", "the_laenge": "34° 40'", "category": "41c", "id_map": "EU06", "laenge_x": "34° 40'", "breite_x": "44°", "the_easting": "34.6666666666667", "the_northing": "44", "easting_x": "34.6666666666667", "northing_x": "44", "delta_easting": "0", "delta_northing": "0", "unique_id": 2353, "cat": "polis episemos, an Küste", "the_breite_min": "", "the_laenge_min": "40", "breite_x_min": "", "laenge_x_min": "40", "section": "3.01.23", "chapter": "3.01", "place": "03", "settlement": true, "river": null, "coastal": true, "physical": null, "point_cat": "boundary", "spat_seq2": 1523, "spat_seq3": 1375, "spat_seq_the": 1389, "spat_seq_x": 1375, "tribe": null, "pleiades": null, "serial": 3471, "klima": 14 }, "geometry": { "type": "Point", "coordinates": [ 34.6666666666667, 44.0 ] } },
{ "type": "Feature", "properties": { "a_name": "Armaktika*", "id": "5.11.03.04", "m_name": "Tsitsamuri ", "a_category": "414", "the_breite": "44° 45' ", "the_laenge": "75°", "category": "41d", "id_map": "AS03", "laenge_x": "75°", "breite_x": "44° 30'", "the_easting": "75", "the_northing": "44.75", "easting_x": "75", "northing_x": "44.5", "delta_easting": "0", "delta_northing": "-.25", "unique_id": 7625, "cat": "polis episemos, im Binnenland", "the_breite_min": "45", "the_laenge_min": "", "breite_x_min": "30", "laenge_x_min": "", "section": "5.11.03", "chapter": "5.11", "place": "04", "settlement": true, "river": null, "coastal": null, "physical": null, "point_cat": "settlement", "spat_seq2": 5022, "spat_seq3": 4581, "spat_seq_the": 4609, "spat_seq_x": 4581, "tribe": null, "pleiades": null, "serial": 6639, "klima": 14 }, "geometry": { "type": "Point", "coordinates": [ 75.0, 44.5 ] } },
{ "type": "Feature", "properties": { "a_name": "Raitiaria*", "id": "3.09.04.04", "m_name": "Arcar", "a_category": "422", "the_breite": "43° 20'", "the_laenge": "49°", "category": "42b", "id_map": "EU09", "laenge_x": "49°", "breite_x": "43° 20'", "the_easting": "49", "the_northing": "43.3333333333333", "easting_x": "49", "northing_x": "43.3333333333333", "delta_easting": "0", "delta_northing": "0", "unique_id": 3461, "cat": "Koloniestadt, am Fluss", "the_breite_min": "20", "the_laenge_min": "", "breite_x_min": "20", "laenge_x_min": "", "section": "3.09.04", "chapter": "3.09", "place": "04", "settlement": true, "river": true, "coastal": null, "physical": null, "point_cat": "settlement", "spat_seq2": 2258, "spat_seq3": 2051, "spat_seq_the": 2074, "spat_seq_x": 2051, "tribe": null, "pleiades": null, "serial": 4130, "klima": 14 }, "geometry": { "type": "Point", "coordinates": [ 49.0, 43.3333333333333 ] } },
{ "type": "Feature", "properties": { "a_name": "Byzanz*", "id": "3.11.05.02", "m_name": "Istanbul", "a_category": "413", "the_breite": "43° 05'", "the_laenge": "56°", "category": "41c", "id_map": "EU09", "laenge_x": "56°", "breite_x": "43° 05'", "the_easting": "56", "the_northing": "43.0833333333333", "easting_x": "56", "northing_x": "43.0833333333333", "delta_easting": "0", "delta_northing": "0", "unique_id": 3626, "cat": "polis episemos, an Küste", "the_breite_min": "05", "the_laenge_min": "", "breite_x_min": "05", "laenge_x_min": "", "section": "3.11.05", "chapter": "3.11", "place": "02", "settlement": true, "river": null, "coastal": true, "physical": null, "point_cat": "boundary", "spat_seq2": 2357, "spat_seq3": 2139, "spat_seq_the": 2163, "spat_seq_x": 2139, "tribe": null, "pleiades": null, "serial": 4219, "klima": 14 }, "geometry": { "type": "Point", "coordinates": [ 56.0, 43.0833333333333 ] } },
{ "type": "Feature", "properties": { "a_name": "Chalkedon*", "id": "5.01.02.03", "m_name": "Kadiköy", "a_category": "413", "the_breite": "43° 05'", "the_laenge": "56° 05'", "category": "41c", "id_map": "AS01", "laenge_x": "56° 25'", "breite_x": "43° 05'", "the_easting": "56.0833333333333", "the_northing": "43.0833333333333", "easting_x": "56.4166666666667", "northing_x": "43.0833333333333", "delta_easting": ".3333333333334", "delta_northing": "0", "unique_id": 6379, "cat": "polis episemos, an Küste", "the_breite_min": "05", "the_laenge_min": "05", "breite_x_min": "05", "laenge_x_min": "25", "section": "5.01.02", "chapter": "5.01", "place": "03", "settlement": true, "river": null, "coastal": true, "physical": null, "point_cat": "boundary", "spat_seq2": 4149, "spat_seq3": 3759, "spat_seq_the": 3792, "spat_seq_x": 3759, "tribe": null, "pleiades": null, "serial": 5830, "klima": 14 }, "geometry": { "type": "Point", "coordinates": [ 56.4166666666667, 43.0833333333333 ] } },
{ "type": "Feature", "properties": { "a_name": "Herakleia am Pontos*", "id": "5.01.07.04", "m_name": "Eregli", "a_category": "413", "the_breite": "43° 30'", "the_laenge": "59°", "category": "41c", "id_map": "AS01", "laenge_x": "59°", "breite_x": "43° 30'", "the_easting": "59", "the_northing": "43.5", "easting_x": "59", "northing_x": "43.5", "delta_easting": "0", "delta_northing": "0", "unique_id": 6409, "cat": "polis episemos, an Küste", "the_breite_min": "30", "the_laenge_min": "", "breite_x_min": "30", "laenge_x_min": "", "section": "5.01.07", "chapter": "5.01", "place": "04", "settlement": true, "river": null, "coastal": true, "physical": null, "point_cat": "boundary", "spat_seq2": 4176, "spat_seq3": 3786, "spat_seq_the": 3819, "spat_seq_x": 3786, "tribe": null, "pleiades": null, "serial": 5857, "klima": 14 }, "geometry": { "type": "Point", "coordinates": [ 59.0, 43.5 ] } },
{ "type": "Feature", "properties": { "a_name": "Sinope*", "id": "5.04.03.01", "m_name": "Sinop", "a_category": "413", "the_breite": "44°", "the_laenge": "63° 50'", "category": "41c", "id_map": "AS01", "laenge_x": "63° 50'", "breite_x": "44°", "the_easting": "63.8333333333333", "the_northing": "44", "easting_x": "63.8333333333333", "northing_x": "44", "delta_easting": "0", "delta_northing": "0", "unique_id": 6849, "cat": "polis episemos, an Küste", "the_breite_min": "", "the_laenge_min": "50", "breite_x_min": "", "laenge_x_min": "50", "section": "5.04.03", "chapter": "5.04", "place": "01", "settlement": true, "river": null, "coastal": true, "physical": null, "point_cat": "boundary", "spat_seq2": 4495, "spat_seq3": 4094, "spat_seq_the": 4124, "spat_seq_x": 4094, "tribe": null, "pleiades": null, "serial": 6162, "klima": 14 }, "geometry": { "type": "Point", "coordinates": [ 63.8333333333333, 44.0 ] } },
{ "type": "Feature", "properties": { "a_name": "Amisos*", "id": "5.04.03.07", "m_name": "Samsun", "a_category": "413", "the_breite": "43° 05'", "the_laenge": "65°", "category": "41c", "id_map": "AS01", "laenge_x": "65°", "breite_x": "43° 05'", "the_easting": "65", "the_northing": "43.0833333333333", "easting_x": "65", "northing_x": "43.0833333333333", "delta_easting": "0", "delta_northing": "0", "unique_id": 6856, "cat": "polis episemos, an Küste", "the_breite_min": "05", "the_laenge_min": "", "breite_x_min": "05", "laenge_x_min": "", "section": "5.04.03", "chapter": "5.04", "place": "07", "settlement": true, "river": null, "coastal": true, "physical": null, "point_cat": "boundary", "spat_seq2": 4502, "spat_seq3": 4101, "spat_seq_the": 4131, "spat_seq_x": 4101, "tribe": null, "pleiades": null, "serial": 6169, "klima": 14 }, "geometry": { "type": "Point", "coordinates": [ 65.0, 43.0833333333333 ] } },
{ "type": "Feature", "properties": { "a_name": "Trapezus*", "id": "5.06.05.07", "m_name": "Trabzon", "a_category": "413", "the_breite": "43° 05'", "the_laenge": "70° 45'", "category": "41c", "id_map": "AS01", "laenge_x": "70° 45'", "breite_x": "43° 05'", "the_easting": "70.75", "the_northing": "43.0833333333333", "easting_x": "70.75", "northing_x": "43.0833333333333", "delta_easting": "0", "delta_northing": "0", "unique_id": 7068, "cat": "polis episemos, an Küste", "the_breite_min": "05", "the_laenge_min": "45", "breite_x_min": "05", "laenge_x_min": "45", "section": "5.06.05", "chapter": "5.06", "place": "07", "settlement": true, "river": null, "coastal": true, "physical": null, "point_cat": "boundary", "spat_seq2": 4666, "spat_seq3": 4242, "spat_seq_the": 4271, "spat_seq_x": 4242, "tribe": null, "pleiades": null, "serial": 6304, "klima": 14 }, "geometry": { "type": "Point", "coordinates": [ 70.75, 43.0833333333333 ] } },
{ "type": "Feature", "properties": { "a_name": "Phasis*", "id": "5.10.02.10", "m_name": "Poti", "a_category": "413", "the_breite": "44° 45'", "the_laenge": "72° 30'", "category": "41c", "id_map": "AS03", "laenge_x": "72° 30'", "breite_x": "44° 45'", "the_easting": "72.5", "the_northing": "44.75", "easting_x": "72.5", "northing_x": "44.75", "delta_easting": "0", "delta_northing": "0", "unique_id": 7591, "cat": "polis episemos, an Küste", "the_breite_min": "45", "the_laenge_min": "30", "breite_x_min": "45", "laenge_x_min": "30", "section": "5.10.02", "chapter": "5.10", "place": "10", "settlement": true, "river": null, "coastal": true, "physical": null, "point_cat": "boundary", "spat_seq2": 5004, "spat_seq3": 4563, "spat_seq_the": 4591, "spat_seq_x": 4563, "tribe": null, "pleiades": null, "serial": 6622, "klima": 14 }, "geometry": { "type": "Point", "coordinates": [ 72.5, 44.75 ] } },
{ "type": "Feature", "properties": { "a_name": "Maruka*", "id": "6.12.05.06", "m_name": "", "a_category": "412", "the_breite": "43° 40'", "the_laenge": "117° 15'", "category": "41b", "id_map": "AS07", "laenge_x": "", "breite_x": "", "the_easting": "117.25", "the_northing": "43.6666666666667", "easting_x": "", "northing_x": "", "delta_easting": "-117.25", "delta_northing": "-43.6666666666667", "unique_id": 9858, "cat": "polis episemos, am Fluss", "the_breite_min": "40", "the_laenge_min": "15", "breite_x_min": "", "laenge_x_min": "", "section": "6.12.05", "chapter": "6.12", "place": "06", "settlement": true, "river": true, "coastal": null, "physical": null, "point_cat": "settlement", "spat_seq2": 6306, "spat_seq3": 5849, "spat_seq_the": 5878, "spat_seq_x": null, "tribe": null, "pleiades": null, "serial": 2371, "klima": 14 }, "geometry": { "type": "Point", "coordinates": [ 117.25, 43.6666666666667 ] } },
{ "type": "Feature", "properties": { "a_name": "Vienna*", "id": "2.10.11.04", "m_name": "Vienne", "a_category": "414", "the_breite": "45°", "the_laenge": "23° ", "category": "41d", "id_map": "EU03", "laenge_x": "23° ", "breite_x": "45°", "the_easting": "23", "the_northing": "45", "easting_x": "23", "northing_x": "45", "delta_easting": "0", "delta_northing": "0", "unique_id": 1438, "cat": "polis episemos, im Binnenland", "the_breite_min": "", "the_laenge_min": "", "breite_x_min": "", "laenge_x_min": "", "section": "2.10.11", "chapter": "2.10", "place": "04", "settlement": true, "river": null, "coastal": null, "physical": null, "point_cat": "settlement", "spat_seq2": 987, "spat_seq3": 897, "spat_seq_the": 906, "spat_seq_x": 897, "tribe": null, "pleiades": null, "serial": 2983, "klima": 14 }, "geometry": { "type": "Point", "coordinates": [ 23.0, 45.0 ] } },
{ "type": "Feature", "properties": { "a_name": "Aquileia*", "id": "3.01.29.04", "m_name": "Aquileia", "a_category": "414", "the_breite": "45°", "the_laenge": "34°", "category": "41d", "id_map": "EU06", "laenge_x": "34°", "breite_x": "45°", "the_easting": "34", "the_northing": "45", "easting_x": "34", "northing_x": "45", "delta_easting": "0", "delta_northing": "0", "unique_id": 2386, "cat": "polis episemos, im Binnenland", "the_breite_min": "", "the_laenge_min": "", "breite_x_min": "", "laenge_x_min": "", "section": "3.01.29", "chapter": "3.01", "place": "04", "settlement": true, "river": null, "coastal": null, "physical": null, "point_cat": "settlement", "spat_seq2": 1548, "spat_seq3": 1399, "spat_seq_the": 1413, "spat_seq_x": 1399, "tribe": null, "pleiades": null, "serial": 603, "klima": 14 }, "geometry": { "type": "Point", "coordinates": [ 34.0, 45.0 ] } },
{ "type": "Feature", "properties": { "a_name": "Dauaba*", "id": "6.14.14.09", "m_name": "", "a_category": "411", "the_breite": "45°", "the_laenge": "104°", "category": "41a", "id_map": "AS07", "laenge_x": "", "breite_x": "", "the_easting": "104", "the_northing": "45", "easting_x": "", "northing_x": "", "delta_easting": "-104", "delta_northing": "-45", "unique_id": 10037, "cat": "polis episemos", "the_breite_min": "", "the_laenge_min": "", "breite_x_min": "", "laenge_x_min": "", "section": "6.14.14", "chapter": "6.14", "place": "09", "settlement": true, "river": null, "coastal": null, "physical": null, "point_cat": "settlement", "spat_seq2": 6346, "spat_seq3": 5889, "spat_seq_the": 5918, "spat_seq_x": null, "tribe": null, "pleiades": null, "serial": 2411, "klima": 14 }, "geometry": { "type": "Point", "coordinates": [ 104.0, 45.0 ] } },
{ "type": "Feature", "properties": { "a_name": "Zariaspa*", "id": "6.11.07.04", "m_name": "Balch", "a_category": "412", "the_breite": "44°", "the_laenge": "115°", "category": "41b", "id_map": "AS07", "laenge_x": "", "breite_x": "", "the_easting": "115", "the_northing": "44", "easting_x": "", "northing_x": "", "delta_easting": "-115", "delta_northing": "-44", "unique_id": 9769, "cat": "polis episemos, am Fluss", "the_breite_min": "", "the_laenge_min": "", "breite_x_min": "", "laenge_x_min": "", "section": "6.11.07", "chapter": "6.11", "place": "04", "settlement": true, "river": true, "coastal": null, "physical": null, "point_cat": "settlement", "spat_seq2": 6272, "spat_seq3": 5815, "spat_seq_the": 5844, "spat_seq_x": null, "tribe": null, "pleiades": null, "serial": 2341, "klima": 14 }, "geometry": { "type": "Point", "coordinates": [ 115.0, 44.0 ] } },
{ "type": "Feature", "properties": { "a_name": "Serisches Issedon*", "id": "6.16.07.01", "m_name": "", "a_category": "411", "the_breite": "45°", "the_laenge": "162°", "category": "41a", "id_map": "AS08", "laenge_x": "", "breite_x": "", "the_easting": "162", "the_northing": "45", "easting_x": "", "northing_x": "", "delta_easting": "-162", "delta_northing": "-45", "unique_id": 10148, "cat": "polis episemos", "the_breite_min": "", "the_laenge_min": "", "breite_x_min": "", "laenge_x_min": "", "section": "6.16.07", "chapter": "6.16", "place": "01", "settlement": true, "river": null, "coastal": null, "physical": null, "point_cat": "settlement", "spat_seq2": 6386, "spat_seq3": 5929, "spat_seq_the": 5958, "spat_seq_x": null, "tribe": null, "pleiades": null, "serial": 2449, "klima": 14 }, "geometry": { "type": "Point", "coordinates": [ 162.0, 45.0 ] } },
{ "type": "Feature", "properties": { "a_name": "Sidronia*", "id": "2.16.10.05", "m_name": "", "a_category": "414", "the_breite": "", "the_laenge": "", "category": "41d", "id_map": "EU05", "laenge_x": "43° 30'", "breite_x": "44° 30'", "the_easting": "", "the_northing": "", "easting_x": "43.5", "northing_x": "44.5", "delta_easting": "43.5", "delta_northing": "44.5", "unique_id": 2150, "cat": "polis episemos, im Binnenland", "the_breite_min": "", "the_laenge_min": "", "breite_x_min": "30", "laenge_x_min": "30", "section": "2.16.10", "chapter": "2.16", "place": "05", "settlement": true, "river": null, "coastal": null, "physical": null, "point_cat": "settlement", "spat_seq2": 1381, "spat_seq3": 1243, "spat_seq_the": null, "spat_seq_x": 1243, "tribe": null, "pleiades": null, "serial": 3607, "klima": 14 }, "geometry": { "type": "Point", "coordinates": [ 43.5, 44.5 ] } },
{ "type": "Feature", "properties": { "a_name": "Gangara*", "id": "5.12.02.08", "m_name": "Baku", "a_category": "413", "the_breite": "45°", "the_laenge": "79° 30'", "category": "41c", "id_map": "AS03", "laenge_x": "79° 30'", "breite_x": "45°", "the_easting": "79.5", "the_northing": "45", "easting_x": "79.5", "northing_x": "45", "delta_easting": "0", "delta_northing": "0", "unique_id": 7644, "cat": "polis episemos, an Küste", "the_breite_min": "", "the_laenge_min": "30", "breite_x_min": "", "laenge_x_min": "30", "section": "5.12.02", "chapter": "5.12", "place": "08", "settlement": true, "river": null, "coastal": true, "physical": null, "point_cat": "boundary", "spat_seq2": 5034, "spat_seq3": 4592, "spat_seq_the": 4620, "spat_seq_x": 4592, "tribe": null, "pleiades": null, "serial": 6650, "klima": 14 }, "geometry": { "type": "Point", "coordinates": [ 79.5, 45.0 ] } },
{ "type": "Feature", "properties": { "a_name": "Oescus*", "id": "3.10.10.03", "m_name": "Gigen", "a_category": "412", "the_breite": "44°", "the_laenge": "51°", "category": "41b", "id_map": "EU09", "laenge_x": "51°", "breite_x": "44°", "the_easting": "51", "the_northing": "44", "easting_x": "51", "northing_x": "44", "delta_easting": "0", "delta_northing": "0", "unique_id": 3537, "cat": "polis episemos, am Fluss", "the_breite_min": "", "the_laenge_min": "", "breite_x_min": "", "laenge_x_min": "", "section": "3.10.10", "chapter": "3.10", "place": "03", "settlement": true, "river": true, "coastal": null, "physical": null, "point_cat": "settlement", "spat_seq2": 2302, "spat_seq3": 2089, "spat_seq_the": 2113, "spat_seq_x": 2089, "tribe": null, "pleiades": null, "serial": 4172, "klima": 14 }, "geometry": { "type": "Point", "coordinates": [ 51.0, 44.0 ] } },
{ "type": "Feature", "properties": { "a_name": "Arelape*", "id": "2.13.03.02", "m_name": "Pöchlarn", "a_category": "412", "the_breite": "47°", "the_laenge": "35°", "category": "41b", "id_map": "EU05", "laenge_x": "35°", "breite_x": "47°", "the_easting": "35", "the_northing": "47", "easting_x": "35", "northing_x": "47", "delta_easting": "0", "delta_northing": "0", "unique_id": 1905, "cat": "polis episemos, am Fluss", "the_breite_min": "", "the_laenge_min": "", "breite_x_min": "", "laenge_x_min": "", "section": "2.13.03", "chapter": "2.13", "place": "02", "settlement": true, "river": true, "coastal": null, "physical": null, "point_cat": "settlement", "spat_seq2": 1231, "spat_seq3": 1109, "spat_seq_the": 1121, "spat_seq_x": 1109, "tribe": null, "pleiades": null, "serial": 3194, "klima": 15 }, "geometry": { "type": "Point", "coordinates": [ 35.0, 47.0 ] } },
{ "type": "Feature", "properties": { "a_name": "Scarbantia*", "id": "2.14.05.01", "m_name": "Sopron", "a_category": "414", "the_breite": "47°", "the_laenge": "39° 30'", "category": "41d", "id_map": "EU05", "laenge_x": "39° 30'", "breite_x": "47°", "the_easting": "39.5", "the_northing": "47", "easting_x": "39.5", "northing_x": "47", "delta_easting": "0", "delta_northing": "0", "unique_id": 1965, "cat": "polis episemos, im Binnenland", "the_breite_min": "", "the_laenge_min": "30", "breite_x_min": "", "laenge_x_min": "30", "section": "2.14.05", "chapter": "2.14", "place": "01", "settlement": true, "river": null, "coastal": null, "physical": null, "point_cat": "settlement", "spat_seq2": 1265, "spat_seq3": 1138, "spat_seq_the": 1151, "spat_seq_x": 1138, "tribe": null, "pleiades": null, "serial": 3218, "klima": 15 }, "geometry": { "type": "Point", "coordinates": [ 39.5, 47.0 ] } },
{ "type": "Feature", "properties": { "a_name": "Tamyrake*", "id": "3.05.08.05", "m_name": "", "a_category": "413", "the_breite": "48° 30'", "the_laenge": "59° 20'", "category": "41c", "id_map": "EU08", "laenge_x": "59° 20'", "breite_x": "48° 30'", "the_easting": "59.3333333333333", "the_northing": "48.5", "easting_x": "59.3333333333333", "northing_x": "48.5", "delta_easting": "0", "delta_northing": "0", "unique_id": 3063, "cat": "polis episemos, an Küste", "the_breite_min": "30", "the_laenge_min": "20", "breite_x_min": "30", "laenge_x_min": "20", "section": "3.05.08", "chapter": "3.05", "place": "05", "settlement": true, "river": null, "coastal": true, "physical": null, "point_cat": "boundary", "spat_seq2": 2056, "spat_seq3": 1872, "spat_seq_the": 1891, "spat_seq_x": 1872, "tribe": null, "pleiades": null, "serial": 3966, "klima": 15 }, "geometry": { "type": "Point", "coordinates": [ 59.3333333333333, 48.5 ] } },
{ "type": "Feature", "properties": { "a_name": "Skythisches Issedon*", "id": "6.15.04.02", "m_name": "", "a_category": "411", "the_breite": "48° 30'", "the_laenge": "150°", "category": "41a", "id_map": "AS08", "laenge_x": "", "breite_x": "", "the_easting": "150", "the_northing": "48.5", "easting_x": "", "northing_x": "", "delta_easting": "-150", "delta_northing": "-48.5", "unique_id": 10068, "cat": "polis episemos", "the_breite_min": "30", "the_laenge_min": "", "breite_x_min": "", "laenge_x_min": "", "section": "6.15.04", "chapter": "6.15", "place": "02", "settlement": true, "river": null, "coastal": null, "physical": null, "point_cat": "settlement", "spat_seq2": 6357, "spat_seq3": 5900, "spat_seq_the": 5929, "spat_seq_x": null, "tribe": null, "pleiades": null, "serial": 2421, "klima": 15 }, "geometry": { "type": "Point", "coordinates": [ 150.0, 48.5 ] } },
{ "type": "Feature", "properties": { "a_name": "Mediolanum*", "id": "2.07.07.02", "m_name": "Saintes", "a_category": "414", "the_breite": "46° 45'", "the_laenge": "17° 40'", "category": "41d", "id_map": "EU03", "laenge_x": "17° 40'", "breite_x": "46° 45'", "the_easting": "17.6666666666667", "the_northing": "46.75", "easting_x": "17.6666666666667", "northing_x": "46.75", "delta_easting": "0", "delta_northing": "0", "unique_id": 1104, "cat": "polis episemos, im Binnenland", "the_breite_min": "45", "the_laenge_min": "40", "breite_x_min": "45", "laenge_x_min": "40", "section": "2.07.07", "chapter": "2.07", "place": "02", "settlement": true, "river": null, "coastal": null, "physical": null, "point_cat": "settlement", "spat_seq2": 808, "spat_seq3": 729, "spat_seq_the": 735, "spat_seq_x": 729, "tribe": null, "pleiades": null, "serial": 2807, "klima": 15 }, "geometry": { "type": "Point", "coordinates": [ 17.6666666666667, 46.75 ] } },
{ "type": "Feature", "properties": { "a_name": "Augustodunum*", "id": "2.08.17.04", "m_name": "Autun", "a_category": "414", "the_breite": "46° 30'", "the_laenge": "23° 40'", "category": "41d", "id_map": "EU03", "laenge_x": "23° 40'", "breite_x": "46° 10'", "the_easting": "23.6666666666667", "the_northing": "46.5", "easting_x": "23.6666666666667", "northing_x": "46.1666666666667", "delta_easting": "0", "delta_northing": "-.3333333333333", "unique_id": 1245, "cat": "polis episemos, im Binnenland", "the_breite_min": "30", "the_laenge_min": "40", "breite_x_min": "10", "laenge_x_min": "40", "section": "2.08.17", "chapter": "2.08", "place": "04", "settlement": true, "river": null, "coastal": null, "physical": null, "point_cat": "settlement", "spat_seq2": 871, "spat_seq3": 787, "spat_seq_the": 795, "spat_seq_x": 787, "tribe": null, "pleiades": null, "serial": 2872, "klima": 15 }, "geometry": { "type": "Point", "coordinates": [ 23.6666666666667, 46.1666666666667 ] } },
{ "type": "Feature", "properties": { "a_name": "Durocortorum*", "id": "2.09.12.02", "m_name": "Reims", "a_category": "412", "the_breite": "48° 30'", "the_laenge": "23° 45'", "category": "41b", "id_map": "EU03", "laenge_x": "23° 45'", "breite_x": "48° 30'", "the_easting": "23.75", "the_northing": "48.5", "easting_x": "23.75", "northing_x": "48.5", "delta_easting": "0", "delta_northing": "0", "unique_id": 1304, "cat": "polis episemos, am Fluss", "the_breite_min": "30", "the_laenge_min": "45", "breite_x_min": "30", "laenge_x_min": "45", "section": "2.09.12", "chapter": "2.09", "place": "02", "settlement": true, "river": true, "coastal": null, "physical": null, "point_cat": "settlement", "spat_seq2": 907, "spat_seq3": 820, "spat_seq_the": 830, "spat_seq_x": 820, "tribe": null, "pleiades": null, "serial": 2905, "klima": 15 }, "geometry": { "type": "Point", "coordinates": [ 23.75, 48.5 ] } },
{ "type": "Feature", "properties": { "a_name": "Brigantium*", "id": "2.12.05.03", "m_name": "Bregenz", "a_category": "412", "the_breite": "46°", "the_laenge": "30°", "category": "41b", "id_map": "EU05", "laenge_x": "30°", "breite_x": "46°", "the_easting": "30", "the_northing": "46", "easting_x": "30", "northing_x": "46", "delta_easting": "0", "delta_northing": "0", "unique_id": 1860, "cat": "polis episemos, am Fluss", "the_breite_min": "", "the_laenge_min": "", "breite_x_min": "", "laenge_x_min": "", "section": "2.12.05", "chapter": "2.12", "place": "03", "settlement": true, "river": true, "coastal": null, "physical": null, "point_cat": "settlement", "spat_seq2": 1208, "spat_seq3": 1088, "spat_seq_the": 1100, "spat_seq_x": 1088, "tribe": null, "pleiades": null, "serial": 3172, "klima": 15 }, "geometry": { "type": "Point", "coordinates": [ 30.0, 46.0 ] } },
{ "type": "Feature", "properties": { "a_name": "Augusta Vindelicorum*", "id": "2.12.08.01", "m_name": "Augsburg", "a_category": "414", "the_breite": "46° 20'", "the_laenge": "32° 30'", "category": "41d", "id_map": "EU05", "laenge_x": "32° 30'", "breite_x": "46° 20'", "the_easting": "32.5", "the_northing": "46.3333333333333", "easting_x": "32.5", "northing_x": "46.3333333333333", "delta_easting": "0", "delta_northing": "0", "unique_id": 1877, "cat": "polis episemos, im Binnenland", "the_breite_min": "20", "the_laenge_min": "30", "breite_x_min": "20", "laenge_x_min": "30", "section": "2.12.08", "chapter": "2.12", "place": "01", "settlement": true, "river": null, "coastal": null, "physical": null, "point_cat": "settlement", "spat_seq2": 1215, "spat_seq3": 1095, "spat_seq_the": 1107, "spat_seq_x": 1095, "tribe": null, "pleiades": null, "serial": 3177, "klima": 15 }, "geometry": { "type": "Point", "coordinates": [ 32.5, 46.3333333333333 ] } },
{ "type": "Feature", "properties": { "a_name": "Poetovio*", "id": "2.14.04.02", "m_name": "Ptuj", "a_category": "414", "the_breite": "45° 30'", "the_laenge": "37° 40'", "category": "41d", "id_map": "EU05", "laenge_x": "38° 20'", "breite_x": "45° 30'", "the_easting": "37.6666666666667", "the_northing": "45.5", "easting_x": "38.3333333333333", "northing_x": "45.5", "delta_easting": ".6666666666666", "delta_northing": "0", "unique_id": 1957, "cat": "polis episemos, im Binnenland", "the_breite_min": "30", "the_laenge_min": "40", "breite_x_min": "30", "laenge_x_min": "20", "section": "2.14.04", "chapter": "2.14", "place": "02", "settlement": true, "river": null, "coastal": null, "physical": null, "point_cat": "settlement", "spat_seq2": 1257, "spat_seq3": 1131, "spat_seq_the": 1144, "spat_seq_x": 1131, "tribe": null, "pleiades": null, "serial": 3211, "klima": 15 }, "geometry": { "type": "Point", "coordinates": [ 38.3333333333333, 45.5 ] } },
{ "type": "Feature", "properties": { "a_name": "Emona*", "id": "2.14.07.04", "m_name": "Ljubljana", "a_category": "414", "the_breite": "45° 20'", "the_laenge": "36° 30'", "category": "41d", "id_map": "EU05", "laenge_x": "36°", "breite_x": "45° 20'", "the_easting": "36.5", "the_northing": "45.3333333333333", "easting_x": "36", "northing_x": "45.3333333333333", "delta_easting": "-.5", "delta_northing": "0", "unique_id": 1982, "cat": "polis episemos, im Binnenland", "the_breite_min": "20", "the_laenge_min": "30", "breite_x_min": "20", "laenge_x_min": "", "section": "2.14.07", "chapter": "2.14", "place": "04", "settlement": true, "river": null, "coastal": null, "physical": null, "point_cat": "settlement", "spat_seq2": 1279, "spat_seq3": 1151, "spat_seq_the": 1164, "spat_seq_x": 1151, "tribe": null, "pleiades": null, "serial": 3230, "klima": 15 }, "geometry": { "type": "Point", "coordinates": [ 36.0, 45.3333333333333 ] } },
{ "type": "Feature", "properties": { "a_name": "Servitium*", "id": "2.15.06.02", "m_name": "Bosanska Gradiska", "a_category": "414", "the_breite": "46° 30'", "the_laenge": "42° 20'", "category": "41d", "id_map": "EU05", "laenge_x": "41° 20'", "breite_x": "45° 15'", "the_easting": "42.3333333333333", "the_northing": "46.5", "easting_x": "41.3333333333333", "northing_x": "45.25", "delta_easting": "-1", "delta_northing": "-1.25", "unique_id": 2038, "cat": "polis episemos, im Binnenland", "the_breite_min": "30", "the_laenge_min": "20", "breite_x_min": "15", "laenge_x_min": "20", "section": "2.15.06", "chapter": "2.15", "place": "02", "settlement": true, "river": null, "coastal": null, "physical": null, "point_cat": "settlement", "spat_seq2": 1310, "spat_seq3": 1181, "spat_seq_the": 1194, "spat_seq_x": 1181, "tribe": null, "pleiades": null, "serial": 3261, "klima": 15 }, "geometry": { "type": "Point", "coordinates": [ 41.3333333333333, 45.25 ] } },
{ "type": "Feature", "properties": { "a_name": "Salinai*", "id": "3.08.07.05", "m_name": "", "a_category": "411", "the_breite": "47° 10'", "the_laenge": "49° 15'", "category": "41a", "id_map": "EU09", "laenge_x": "49° 15'", "breite_x": "47° 10'", "the_easting": "49.25", "the_northing": "47.1666666666667", "easting_x": "49.25", "northing_x": "47.1666666666667", "delta_easting": "0", "delta_northing": "0", "unique_id": 3391, "cat": "polis episemos", "the_breite_min": "10", "the_laenge_min": "15", "breite_x_min": "10", "laenge_x_min": "15", "section": "3.08.07", "chapter": "3.08", "place": "05", "settlement": true, "river": null, "coastal": null, "physical": null, "point_cat": "settlement", "spat_seq2": 2207, "spat_seq3": 2009, "spat_seq_the": 2031, "spat_seq_x": 2009, "tribe": null, "pleiades": null, "serial": 4092, "klima": 15 }, "geometry": { "type": "Point", "coordinates": [ 49.25, 47.1666666666667 ] } },
{ "type": "Feature", "properties": { "a_name": "Sarmizegetusa Regia*", "id": "3.08.09.05", "m_name": "Hunedoara", "a_category": "411", "the_breite": "45° 15'", "the_laenge": "47° 50'", "category": "41a", "id_map": "EU09", "laenge_x": "47° 50'", "breite_x": "45° 15'", "the_easting": "47.8333333333333", "the_northing": "45.25", "easting_x": "47.8333333333333", "northing_x": "45.25", "delta_easting": "0", "delta_northing": "0", "unique_id": 3413, "cat": "polis episemos", "the_breite_min": "15", "the_laenge_min": "50", "breite_x_min": "15", "laenge_x_min": "50", "section": "3.08.09", "chapter": "3.08", "place": "05", "settlement": true, "river": null, "coastal": null, "physical": null, "point_cat": "settlement", "spat_seq2": 2229, "spat_seq3": 2028, "spat_seq_the": 2050, "spat_seq_x": 2028, "tribe": null, "pleiades": null, "serial": 4112, "klima": 15 }, "geometry": { "type": "Point", "coordinates": [ 47.8333333333333, 45.25 ] } },
{ "type": "Feature", "properties": { "a_name": "Hermonassa*", "id": "5.09.08.03", "m_name": "Akçaabat", "a_category": "413", "the_breite": "47° 30'", "the_laenge": "65°", "category": "41c", "id_map": "AS02", "laenge_x": "65°", "breite_x": "47° 30'", "the_easting": "65", "the_northing": "47.5", "easting_x": "65", "northing_x": "47.5", "delta_easting": "0", "delta_northing": "0", "unique_id": 7413, "cat": "polis episemos, an Küste", "the_breite_min": "30", "the_laenge_min": "", "breite_x_min": "30", "laenge_x_min": "", "section": "5.09.08", "chapter": "5.09", "place": "03", "settlement": true, "river": null, "coastal": true, "physical": null, "point_cat": "boundary", "spat_seq2": 4929, "spat_seq3": 4489, "spat_seq_the": 4517, "spat_seq_x": 4489, "tribe": null, "pleiades": null, "serial": 6551, "klima": 15 }, "geometry": { "type": "Point", "coordinates": [ 65.0, 47.5 ] } },
{ "type": "Feature", "properties": { "a_name": "Oinantheia*", "id": "5.09.09.06", "m_name": "Gagra", "a_category": "413", "the_breite": "47° 15'", "the_laenge": "69° 40'", "category": "41c", "id_map": "AS02", "laenge_x": "69° 40'", "breite_x": "47° 15'", "the_easting": "69.6666666666667", "the_northing": "47.25", "easting_x": "69.6666666666667", "northing_x": "47.25", "delta_easting": "0", "delta_northing": "0", "unique_id": 7425, "cat": "polis episemos, an Küste", "the_breite_min": "15", "the_laenge_min": "40", "breite_x_min": "15", "laenge_x_min": "40", "section": "5.09.09", "chapter": "5.09", "place": "06", "settlement": true, "river": null, "coastal": true, "physical": null, "point_cat": "boundary", "spat_seq2": 4941, "spat_seq3": 4501, "spat_seq_the": 4529, "spat_seq_x": 4501, "tribe": null, "pleiades": null, "serial": 6561, "klima": 15 }, "geometry": { "type": "Point", "coordinates": [ 69.6666666666667, 47.25 ] } },
{ "type": "Feature", "properties": { "a_name": "Artanissa*", "id": "5.11.03.01", "m_name": "Urbnisi", "a_category": "414", "the_breite": "46°", "the_laenge": "75° 40'", "category": "41d", "id_map": "AS03", "laenge_x": "75° 40'", "breite_x": "46°", "the_easting": "75.6666666666667", "the_northing": "46", "easting_x": "75.6666666666667", "northing_x": "46", "delta_easting": "0", "delta_northing": "0", "unique_id": 7622, "cat": "polis episemos, im Binnenland", "the_breite_min": "", "the_laenge_min": "40", "breite_x_min": "", "laenge_x_min": "40", "section": "5.11.03", "chapter": "5.11", "place": "01", "settlement": true, "river": null, "coastal": null, "physical": null, "point_cat": "settlement", "spat_seq2": 5019, "spat_seq3": 4578, "spat_seq_the": 4606, "spat_seq_x": 4578, "tribe": null, "pleiades": null, "serial": 6636, "klima": 15 }, "geometry": { "type": "Point", "coordinates": [ 75.6666666666667, 46.0 ] } },
{ "type": "Feature", "properties": { "a_name": "Theodosia*", "id": "3.06.03.03", "m_name": "Feodosija", "a_category": "413", "the_breite": "47° 20'", "the_laenge": "63° 20'", "category": "41c", "id_map": "EU08", "laenge_x": "63° 20'", "breite_x": "47° 20'", "the_easting": "63.3333333333333", "the_northing": "47.3333333333333", "easting_x": "63.3333333333333", "northing_x": "47.3333333333333", "delta_easting": "0", "delta_northing": "0", "unique_id": 3266, "cat": "polis episemos, an Küste", "the_breite_min": "20", "the_laenge_min": "20", "breite_x_min": "20", "laenge_x_min": "20", "section": "3.06.03", "chapter": "3.06", "place": "03", "settlement": true, "river": null, "coastal": true, "physical": null, "point_cat": "boundary", "spat_seq2": 2138, "spat_seq3": 1946, "spat_seq_the": 1966, "spat_seq_x": 1946, "tribe": null, "pleiades": null, "serial": 4038, "klima": 15 }, "geometry": { "type": "Point", "coordinates": [ 63.3333333333333, 47.3333333333333 ] } },
{ "type": "Feature", "properties": { "a_name": "Albana*", "id": "5.12.02.06", "m_name": "Alvan", "a_category": "413", "the_breite": "45° 50'", "the_laenge": "81° 40'", "category": "41c", "id_map": "AS03", "laenge_x": "81° 40'", "breite_x": "45° 50'", "the_easting": "81.6666666666667", "the_northing": "45.8333333333333", "easting_x": "81.6666666666667", "northing_x": "45.8333333333333", "delta_easting": "0", "delta_northing": "0", "unique_id": 7642, "cat": "polis episemos, an Küste", "the_breite_min": "50", "the_laenge_min": "40", "breite_x_min": "50", "laenge_x_min": "40", "section": "5.12.02", "chapter": "5.12", "place": "06", "settlement": true, "river": null, "coastal": true, "physical": null, "point_cat": "boundary", "spat_seq2": 5032, "spat_seq3": 4590, "spat_seq_the": 4618, "spat_seq_x": 4590, "tribe": null, "pleiades": null, "serial": 6648, "klima": 15 }, "geometry": { "type": "Point", "coordinates": [ 81.6666666666667, 45.8333333333333 ] } },
{ "type": "Feature", "properties": { "a_name": "Burdigala*", "id": "2.07.08.03", "m_name": "Bordeaux", "a_category": "414", "the_breite": "45°", "the_laenge": "18°", "category": "41d", "id_map": "EU03", "laenge_x": "18°", "breite_x": "45° 30'", "the_easting": "18", "the_northing": "45", "easting_x": "18", "northing_x": "45.5", "delta_easting": "0", "delta_northing": ".5", "unique_id": 1107, "cat": "polis episemos, im Binnenland", "the_breite_min": "", "the_laenge_min": "", "breite_x_min": "30", "laenge_x_min": "", "section": "2.07.08", "chapter": "2.07", "place": "03", "settlement": true, "river": null, "coastal": null, "physical": null, "point_cat": "settlement", "spat_seq2": 810, "spat_seq3": 731, "spat_seq_the": 737, "spat_seq_x": 731, "tribe": null, "pleiades": null, "serial": 2809, "klima": 15 }, "geometry": { "type": "Point", "coordinates": [ 18.0, 45.5 ] } },
{ "type": "Feature", "properties": { "a_name": "Dioskurias*", "id": "5.10.02.02", "m_name": "Sukhumi", "a_category": "413", "the_breite": "46° 45'", "the_laenge": "71° 10'", "category": "41c", "id_map": "AS03", "laenge_x": "71° 10'", "breite_x": "46° 45'", "the_easting": "71.1666666666667", "the_northing": "46.75", "easting_x": "71.1666666666667", "northing_x": "46.75", "delta_easting": "0", "delta_northing": "0", "unique_id": 7581, "cat": "polis episemos, an Küste", "the_breite_min": "45", "the_laenge_min": "10", "breite_x_min": "45", "laenge_x_min": "10", "section": "5.10.02", "chapter": "5.10", "place": "02", "settlement": true, "river": null, "coastal": true, "physical": null, "point_cat": "boundary", "spat_seq2": 4994, "spat_seq3": 4553, "spat_seq_the": 4581, "spat_seq_x": 4553, "tribe": null, "pleiades": null, "serial": 6614, "klima": 15 }, "geometry": { "type": "Point", "coordinates": [ 71.1666666666667, 46.75 ] } },
{ "type": "Feature", "properties": { "a_name": "Sebastopolis*", "id": "5.10.02.02", "m_name": "Sukhumi", "a_category": "413", "the_breite": "46° 45'", "the_laenge": "71° 10'", "category": "41c", "id_map": "AS03", "laenge_x": "71° 10'", "breite_x": "46° 45'", "the_easting": "71.1666666666667", "the_northing": "46.75", "easting_x": "71.1666666666667", "northing_x": "46.75", "delta_easting": "0", "delta_northing": "0", "unique_id": 7582, "cat": "polis episemos, an Küste", "the_breite_min": "45", "the_laenge_min": "10", "breite_x_min": "45", "laenge_x_min": "10", "section": "5.10.02", "chapter": "5.10", "place": "02", "settlement": true, "river": null, "coastal": true, "physical": null, "point_cat": "boundary", "spat_seq2": 4995, "spat_seq3": 4554, "spat_seq_the": 4582, "spat_seq_x": 4554, "tribe": null, "pleiades": null, "serial": 6615, "klima": 15 }, "geometry": { "type": "Point", "coordinates": [ 71.1666666666667, 46.75 ] } },
{ "type": "Feature", "properties": { "a_name": "Bormanon*", "id": "3.07.02.03", "m_name": "", "a_category": "411", "the_breite": "48° 15'", "the_laenge": "43° 40'", "category": "41a", "id_map": "EU09", "laenge_x": "43° 40'", "breite_x": "48° 15'", "the_easting": "43.6666666666667", "the_northing": "48.25", "easting_x": "43.6666666666667", "northing_x": "48.25", "delta_easting": "0", "delta_northing": "0", "unique_id": 3309, "cat": "polis episemos", "the_breite_min": "15", "the_laenge_min": "40", "breite_x_min": "15", "laenge_x_min": "40", "section": "3.07.02", "chapter": "3.07", "place": "03", "settlement": true, "river": null, "coastal": null, "physical": null, "point_cat": "settlement", "spat_seq2": 2168, "spat_seq3": 1973, "spat_seq_the": 1993, "spat_seq_x": 1973, "tribe": null, "pleiades": null, "serial": 4059, "klima": 15 }, "geometry": { "type": "Point", "coordinates": [ 43.6666666666667, 48.25 ] } },
{ "type": "Feature", "properties": { "a_name": "Eburodunum*", "id": "2.11.30.16", "m_name": "", "a_category": "414", "the_breite": "48°", "the_laenge": "39°", "category": "41d", "id_map": "EU04", "laenge_x": "39°", "breite_x": "48°", "the_easting": "39", "the_northing": "48", "easting_x": "39", "northing_x": "48", "delta_easting": "0", "delta_northing": "0", "unique_id": 1799, "cat": "polis episemos, im Binnenland", "the_breite_min": "", "the_laenge_min": "", "breite_x_min": "", "laenge_x_min": "", "section": "2.11.30", "chapter": "2.11", "place": "16", "settlement": true, "river": null, "coastal": null, "physical": null, "point_cat": "settlement", "spat_seq2": 1177, "spat_seq3": 1060, "spat_seq_the": 1072, "spat_seq_x": 1060, "tribe": null, "pleiades": null, "serial": 3142, "klima": 15 }, "geometry": { "type": "Point", "coordinates": [ 39.0, 48.0 ] } },
{ "type": "Feature", "properties": { "a_name": "Mursa*", "id": "2.15.08.01", "m_name": "Osijek", "a_category": "414", "the_breite": "", "the_laenge": "", "category": "41d", "id_map": "EU05", "laenge_x": "43° 30'", "breite_x": "45° 45'", "the_easting": "", "the_northing": "", "easting_x": "43.5", "northing_x": "45.75", "delta_easting": "43.5", "delta_northing": "45.75", "unique_id": 2047, "cat": "polis episemos, im Binnenland", "the_breite_min": "", "the_laenge_min": "", "breite_x_min": "45", "laenge_x_min": "30", "section": "2.15.08", "chapter": "2.15", "place": "01", "settlement": true, "river": null, "coastal": null, "physical": null, "point_cat": "settlement", "spat_seq2": 1319, "spat_seq3": 1188, "spat_seq_the": null, "spat_seq_x": 1188, "tribe": null, "pleiades": null, "serial": 3548, "klima": 15 }, "geometry": { "type": "Point", "coordinates": [ 43.5, 45.75 ] } },
{ "type": "Feature", "properties": { "a_name": "Auzakia*", "id": "6.15.04.01", "m_name": "", "a_category": "411", "the_breite": "49° 40'", "the_laenge": "144°", "category": "41a", "id_map": "AS08", "laenge_x": "", "breite_x": "", "the_easting": "144", "the_northing": "49.6666666666667", "easting_x": "", "northing_x": "", "delta_easting": "-144", "delta_northing": "-49.6666666666667", "unique_id": 10066, "cat": "polis episemos", "the_breite_min": "40", "the_laenge_min": "", "breite_x_min": "", "laenge_x_min": "", "section": "6.15.04", "chapter": "6.15", "place": "01", "settlement": true, "river": null, "coastal": null, "physical": null, "point_cat": "settlement", "spat_seq2": 6356, "spat_seq3": 5899, "spat_seq_the": 5928, "spat_seq_x": null, "tribe": null, "pleiades": null, "serial": 2420, "klima": 16 }, "geometry": { "type": "Point", "coordinates": [ 144.0, 49.6666666666667 ] } },
{ "type": "Feature", "properties": { "a_name": "Amisia*", "id": "2.11.28.07", "m_name": "", "a_category": "414", "the_breite": "51°", "the_laenge": "31° 30'", "category": "41d", "id_map": "EU04", "laenge_x": "31° 30'", "breite_x": "51° 30' ", "the_easting": "31.5", "the_northing": "51", "easting_x": "31.5", "northing_x": "51.5", "delta_easting": "0", "delta_northing": ".5", "unique_id": 1720, "cat": "polis episemos, im Binnenland", "the_breite_min": "", "the_laenge_min": "30", "breite_x_min": "30", "laenge_x_min": "30", "section": "2.11.28", "chapter": "2.11", "place": "07", "settlement": true, "river": null, "coastal": null, "physical": null, "point_cat": "settlement", "spat_seq2": 1099, "spat_seq3": 996, "spat_seq_the": 1008, "spat_seq_x": 996, "tribe": null, "pleiades": null, "serial": 3092, "klima": 16 }, "geometry": { "type": "Point", "coordinates": [ 31.5, 51.5 ] } },
{ "type": "Feature", "properties": { "a_name": "Tyrambe*", "id": "5.09.04.03", "m_name": "Stanitsa Peresyp", "a_category": "413", "the_breite": "49° 50'", "the_laenge": "69° 40'", "category": "41c", "id_map": "AS02", "laenge_x": "69° 40'", "breite_x": "49° 50'", "the_easting": "69.6666666666667", "the_northing": "49.8333333333333", "easting_x": "69.6666666666667", "northing_x": "49.8333333333333", "delta_easting": "0", "delta_northing": "0", "unique_id": 7393, "cat": "polis episemos, an Küste", "the_breite_min": "50", "the_laenge_min": "40", "breite_x_min": "50", "laenge_x_min": "40", "section": "5.09.04", "chapter": "5.09", "place": "03", "settlement": true, "river": null, "coastal": true, "physical": null, "point_cat": "boundary", "spat_seq2": 4918, "spat_seq3": 4478, "spat_seq_the": 4506, "spat_seq_x": 4478, "tribe": null, "pleiades": null, "serial": 6539, "klima": 16 }, "geometry": { "type": "Point", "coordinates": [ 69.6666666666667, 49.8333333333333 ] } },
{ "type": "Feature", "properties": { "a_name": "Borysthenis*", "id": "3.05.28.07", "m_name": "Parutino", "a_category": "414", "the_breite": "49°", "the_laenge": "57°", "category": "41d", "id_map": "EU08", "laenge_x": "57°", "breite_x": "49°", "the_easting": "57", "the_northing": "49", "easting_x": "57", "northing_x": "49", "delta_easting": "0", "delta_northing": "0", "unique_id": 3228, "cat": "polis episemos, im Binnenland", "the_breite_min": "", "the_laenge_min": "", "breite_x_min": "", "laenge_x_min": "", "section": "3.05.28", "chapter": "3.05", "place": "07", "settlement": true, "river": null, "coastal": null, "physical": null, "point_cat": "settlement", "spat_seq2": 2113, "spat_seq3": 1922, "spat_seq_the": 1942, "spat_seq_x": 1922, "tribe": null, "pleiades": null, "serial": 4020, "klima": 16 }, "geometry": { "type": "Point", "coordinates": [ 57.0, 49.0 ] } },
{ "type": "Feature", "properties": { "a_name": "Olbia*", "id": "3.05.28.07", "m_name": "Parutino", "a_category": "414", "the_breite": "49°", "the_laenge": "57°", "category": "41d", "id_map": "EU08", "laenge_x": "57°", "breite_x": "49°", "the_easting": "57", "the_northing": "49", "easting_x": "57", "northing_x": "49", "delta_easting": "0", "delta_northing": "0", "unique_id": 3229, "cat": "polis episemos, im Binnenland", "the_breite_min": "", "the_laenge_min": "", "breite_x_min": "", "laenge_x_min": "", "section": "3.05.28", "chapter": "3.05", "place": "07", "settlement": true, "river": null, "coastal": null, "physical": null, "point_cat": "settlement", "spat_seq2": 2114, "spat_seq3": 1923, "spat_seq_the": 1943, "spat_seq_x": 1923, "tribe": null, "pleiades": null, "serial": 4021, "klima": 16 }, "geometry": { "type": "Point", "coordinates": [ 57.0, 49.0 ] } },
{ "type": "Feature", "properties": { "a_name": "Gesoriacum*", "id": "2.09.03.02", "m_name": "Boulogne-sur-Mer", "a_category": "413", "the_breite": "53° 30'", "the_laenge": "22° 45'", "category": "41c", "id_map": "EU03", "laenge_x": "22° 30'", "breite_x": "53° 30'", "the_easting": "22.75", "the_northing": "53.5", "easting_x": "22.5", "northing_x": "53.5", "delta_easting": "-.25", "delta_northing": "0", "unique_id": 1256, "cat": "polis episemos, an Küste", "the_breite_min": "30", "the_laenge_min": "45", "breite_x_min": "30", "laenge_x_min": "30", "section": "2.09.03", "chapter": "2.09", "place": "02", "settlement": true, "river": null, "coastal": true, "physical": null, "point_cat": "boundary", "spat_seq2": 878, "spat_seq3": 792, "spat_seq_the": 802, "spat_seq_x": 792, "tribe": null, "pleiades": null, "serial": 2877, "klima": 17 }, "geometry": { "type": "Point", "coordinates": [ 22.5, 53.5 ] } },
{ "type": "Feature", "properties": { "a_name": "Gesoriacum*", "id": "2.09.03.02", "m_name": "Boulogne-sur-Mer", "a_category": "463", "the_breite": "53° 30'", "the_laenge": "22° 45'", "category": "46c", "id_map": "EU03", "laenge_x": "22° 30'", "breite_x": "53° 30'", "the_easting": "22.75", "the_northing": "53.5", "easting_x": "22.5", "northing_x": "53.5", "delta_easting": "-.25", "delta_northing": "0", "unique_id": 1257, "cat": "Hafen, Ankerplatz, an Küste", "the_breite_min": "30", "the_laenge_min": "45", "breite_x_min": "30", "laenge_x_min": "30", "section": "2.09.03", "chapter": "2.09", "place": "02", "settlement": true, "river": null, "coastal": true, "physical": null, "point_cat": "boundary", "spat_seq2": 879, "spat_seq3": 793, "spat_seq_the": 803, "spat_seq_x": 793, "tribe": null, "pleiades": null, "serial": 2878, "klima": 17 }, "geometry": { "type": "Point", "coordinates": [ 22.5, 53.5 ] } },
{ "type": "Feature", "properties": { "a_name": "Londinium*", "id": "2.03.27.02", "m_name": "London", "a_category": "411", "the_breite": "54°", "the_laenge": "20° ", "category": "41a", "id_map": "EU01", "laenge_x": "20° ", "breite_x": "54°", "the_easting": "20", "the_northing": "54", "easting_x": "20", "northing_x": "54", "delta_easting": "0", "delta_northing": "0", "unique_id": 276, "cat": "polis episemos", "the_breite_min": "", "the_laenge_min": "", "breite_x_min": "", "laenge_x_min": "", "section": "2.03.27", "chapter": "2.03", "place": "02", "settlement": true, "river": null, "coastal": null, "physical": null, "point_cat": "settlement", "spat_seq2": 179, "spat_seq3": 156, "spat_seq_the": 158, "spat_seq_x": 156, "tribe": "Kantier", "pleiades": null, "serial": 2741, "klima": 17 }, "geometry": { "type": "Point", "coordinates": [ 20.0, 54.0 ] } },
{ "type": "Feature", "properties": { "a_name": "Vectis*", "id": "2.03.33.05", "m_name": "Wight", "a_category": "350", "the_breite": "52° 20'", "the_laenge": "19° 20'", "category": "35", "id_map": "EU01", "laenge_x": "19° 20'", "breite_x": "52° 20'", "the_easting": "19.3333333333333", "the_northing": "52.3333333333333", "easting_x": "19.3333333333333", "northing_x": "52.3333333333333", "delta_easting": "0", "delta_northing": "0", "unique_id": 311, "cat": "Inselpunkt", "the_breite_min": "20", "the_laenge_min": "20", "breite_x_min": "20", "laenge_x_min": "20", "section": "2.03.33", "chapter": "2.03", "place": "05", "settlement": null, "river": null, "coastal": null, "physical": true, "point_cat": "offshore", "spat_seq2": 204, "spat_seq3": 178, "spat_seq_the": 181, "spat_seq_x": 178, "tribe": null, "pleiades": null, "serial": 1184, "klima": 17 }, "geometry": { "type": "Point", "coordinates": [ 19.3333333333333, 52.3333333333333 ] } },
{ "type": "Feature", "properties": { "a_name": "Navaris*", "id": "5.09.16.15", "m_name": "Rostov", "a_category": "412", "the_breite": "55°", "the_laenge": "70°", "category": "41b", "id_map": "AS02", "laenge_x": "70°", "breite_x": "55°", "the_easting": "70", "the_northing": "55", "easting_x": "70", "northing_x": "55", "delta_easting": "0", "delta_northing": "0", "unique_id": 7491, "cat": "polis episemos, am Fluss", "the_breite_min": "", "the_laenge_min": "", "breite_x_min": "", "laenge_x_min": "", "section": "5.09.16", "chapter": "5.09", "place": "15", "settlement": true, "river": true, "coastal": null, "physical": null, "point_cat": "settlement", "spat_seq2": 4976, "spat_seq3": 4536, "spat_seq_the": 4564, "spat_seq_x": 4536, "tribe": null, "pleiades": null, "serial": 6599, "klima": 18 }, "geometry": { "type": "Point", "coordinates": [ 70.0, 55.0 ] } },
{ "type": "Feature", "properties": { "a_name": "Tanaïs*", "id": "3.05.26.04", "m_name": "Nedvigovka", "a_category": "413", "the_breite": "54° 40'", "the_laenge": "67°", "category": "41c", "id_map": "EU08", "laenge_x": "67°", "breite_x": "54° 40'", "the_easting": "67", "the_northing": "54.6666666666667", "easting_x": "67", "northing_x": "54.6666666666667", "delta_easting": "0", "delta_northing": "0", "unique_id": 3209, "cat": "polis episemos, an Küste", "the_breite_min": "40", "the_laenge_min": "", "breite_x_min": "40", "laenge_x_min": "", "section": "3.05.26", "chapter": "3.05", "place": "04", "settlement": true, "river": null, "coastal": true, "physical": null, "point_cat": "settlement", "spat_seq2": 2096, "spat_seq3": 1910, "spat_seq_the": 1930, "spat_seq_x": 1910, "tribe": null, "pleiades": null, "serial": 4009, "klima": 18 }, "geometry": { "type": "Point", "coordinates": [ 67.0, 54.6666666666667 ] } },
{ "type": "Feature", "properties": { "a_name": "Tanaïs*", "id": "5.09.16.16", "m_name": "Nedvigovka", "a_category": "412", "the_breite": "54° 40'", "the_laenge": "67°", "category": "41b", "id_map": "AS02", "laenge_x": "67°", "breite_x": "54° 20'", "the_easting": "67", "the_northing": "54.6666666666667", "easting_x": "67", "northing_x": "54.3333333333333", "delta_easting": "0", "delta_northing": "-.3333333333334", "unique_id": 7492, "cat": "polis episemos, am Fluss", "the_breite_min": "40", "the_laenge_min": "", "breite_x_min": "20", "laenge_x_min": "", "section": "5.09.16", "chapter": "5.09", "place": "16", "settlement": true, "river": true, "coastal": null, "physical": null, "point_cat": "settlement", "spat_seq2": 4977, "spat_seq3": 4537, "spat_seq_the": 4565, "spat_seq_x": 4537, "tribe": null, "pleiades": null, "serial": 6600, "klima": 18 }, "geometry": { "type": "Point", "coordinates": [ 67.0, 54.3333333333333 ] } },
{ "type": "Feature", "properties": { "a_name": "Cataractonium*", "id": "2.03.16.06", "m_name": "Catterick", "a_category": "411", "the_breite": "58°", "the_laenge": "20°", "category": "41a", "id_map": "EU01", "laenge_x": "20°", "breite_x": "58°", "the_easting": "20", "the_northing": "58", "easting_x": "20", "northing_x": "58", "delta_easting": "0", "delta_northing": "0", "unique_id": 233, "cat": "polis episemos", "the_breite_min": "", "the_laenge_min": "", "breite_x_min": "", "laenge_x_min": "", "section": "2.03.16", "chapter": "2.03", "place": "06", "settlement": true, "river": null, "coastal": null, "physical": null, "point_cat": "settlement", "spat_seq2": 154, "spat_seq3": 133, "spat_seq_the": 135, "spat_seq_x": 133, "tribe": "Briganten", "pleiades": null, "serial": 7148, "klima": 19 }, "geometry": { "type": "Point", "coordinates": [ 20.0, 58.0 ] } },
{ "type": "Feature", "properties": { "a_name": "Pinnata Castra*", "id": "2.03.13.05", "m_name": "", "a_category": "411", "the_breite": "59° 20'", "the_laenge": "27° 15'", "category": "41a", "id_map": "EU01", "laenge_x": "27° 15'", "breite_x": "59° 20'", "the_easting": "27.25", "the_northing": "59.3333333333333", "easting_x": "27.25", "northing_x": "59.3333333333333", "delta_easting": "0", "delta_northing": "0", "unique_id": 220, "cat": "polis episemos", "the_breite_min": "20", "the_laenge_min": "15", "breite_x_min": "20", "laenge_x_min": "15", "section": "2.03.13", "chapter": "2.03", "place": "05", "settlement": true, "river": null, "coastal": null, "physical": null, "point_cat": "settlement", "spat_seq2": 148, "spat_seq3": 127, "spat_seq_the": 129, "spat_seq_x": 127, "tribe": "Vakomager", "pleiades": null, "serial": 7139, "klima": 20 }, "geometry": { "type": "Point", "coordinates": [ 27.25, 59.3333333333333 ] } },
{ "type": "Feature", "properties": { "a_name": "Reba*", "id": "2.02.10.02", "m_name": "", "a_category": "414", "the_breite": "", "the_laenge": "", "category": "41d", "id_map": "EU01", "laenge_x": "12°", "breite_x": "59° 45'", "the_easting": "", "the_northing": "", "easting_x": "12", "northing_x": "59.75", "delta_easting": "12", "delta_northing": "59.75", "unique_id": 63, "cat": "polis episemos, im Binnenland", "the_breite_min": "", "the_laenge_min": "", "breite_x_min": "45", "laenge_x_min": "", "section": "2.02.10", "chapter": "2.02", "place": "02", "settlement": true, "river": null, "coastal": null, "physical": null, "point_cat": "settlement", "spat_seq2": 34, "spat_seq3": 28, "spat_seq_the": null, "spat_seq_x": 28, "tribe": null, "pleiades": null, "serial": 6382, "klima": 20 }, "geometry": { "type": "Point", "coordinates": [ 12.0, 59.75 ] } },
{ "type": "Feature", "properties": { "a_name": "Iernis*", "id": "2.02.10.07", "m_name": "", "a_category": "414", "the_breite": "", "the_laenge": "", "category": "41d", "id_map": "EU01", "laenge_x": "11°", "breite_x": "58° 10'", "the_easting": "", "the_northing": "", "easting_x": "11", "northing_x": "58.1666666666667", "delta_easting": "11", "delta_northing": "58.1666666666667", "unique_id": 70, "cat": "polis episemos, im Binnenland", "the_breite_min": "", "the_laenge_min": "", "breite_x_min": "10", "laenge_x_min": "", "section": "2.02.10", "chapter": "2.02", "place": "07", "settlement": true, "river": null, "coastal": null, "physical": null, "point_cat": "settlement", "spat_seq2": 40, "spat_seq3": 33, "spat_seq_the": null, "spat_seq_x": 33, "tribe": null, "pleiades": null, "serial": 365, "klima": 20 }, "geometry": { "type": "Point", "coordinates": [ 11.0, 58.1666666666667 ] } },
{ "type": "Feature", "properties": { "a_name": "Dumna*", "id": "2.03.31.04", "m_name": "Lewis", "a_category": "350", "the_breite": "61°", "the_laenge": "30°", "category": "35", "id_map": "EU01", "laenge_x": "30°", "breite_x": "61° 20'", "the_easting": "30", "the_northing": "61", "easting_x": "30", "northing_x": "61.3333333333333", "delta_easting": "0", "delta_northing": ".3333333333333", "unique_id": 300, "cat": "Inselpunkt", "the_breite_min": "", "the_laenge_min": "", "breite_x_min": "20", "laenge_x_min": "", "section": "2.03.31", "chapter": "2.03", "place": "04", "settlement": null, "river": null, "coastal": null, "physical": true, "point_cat": "offshore", "spat_seq2": 194, "spat_seq3": 169, "spat_seq_the": 172, "spat_seq_x": 169, "tribe": null, "pleiades": null, "serial": 1105, "klima": 21 }, "geometry": { "type": "Point", "coordinates": [ 30.0, 61.3333333333333 ] } },
{ "type": "Feature", "properties": { "a_name": "Thule Mitte*", "id": "2.03.32.05", "m_name": "", "a_category": "350", "the_breite": "63°", "the_laenge": "30° 20'", "category": "35", "id_map": "EU01", "laenge_x": "30° 20'", "breite_x": "63°", "the_easting": "30.3333333333333", "the_northing": "63", "easting_x": "30.3333333333333", "northing_x": "63", "delta_easting": "0", "delta_northing": "0", "unique_id": 306, "cat": "Inselpunkt", "the_breite_min": "", "the_laenge_min": "20", "breite_x_min": "", "laenge_x_min": "20", "section": "2.03.32", "chapter": "2.03", "place": "05", "settlement": null, "river": null, "coastal": null, "physical": true, "point_cat": "offshore", "spat_seq2": 200, "spat_seq3": 175, "spat_seq_the": 178, "spat_seq_x": 175, "tribe": null, "pleiades": null, "serial": 1178, "klima": 21 }, "geometry": { "type": "Point", "coordinates": [ 30.3333333333333, 63.0 ] } }
]
}
