{"type": "FeatureCollection", "name": "antonine_itineraries", "crs": {"type": "name", "properties": {"name": "urn:ogc:def:crs:OGC:1.3:CRS84"}}, "features": [{"type": "Feature", "properties": {"OBJECTID": 2063, "STRETCHID": 2.0, "certainty": "solid", "Shape_Leng": 18.3760562961668}, "geometry": {"type": "MultiLineString", "coordinates": [[[-5.798230000000331, 35.797269999999116], [-5.798300000000381, 35.9676], [-5.227709999999206, 35.96785000000091], [-5.227709999999206, 35.89408], [-5.306259999999384, 35.89381999999932], [-5.350249999999505, 35.84530000000086], [-5.343759999999747, 35.79037000000062], [-5.273789999999281, 35.69038], [-5.196780000000217, 35.544299999999566], [-5.106359999999768, 35.510990000000675], [-5.081369999999879, 35.43246999999974], [-2.974659999999858, 35.438710000000356], [-2.940749999999753, 35.281670000000304], [-2.434289999999237, 35.18757], [-2.350049999999101, 35.124620000000505], [-2.107340000000477, 35.080009999999675], [-2.000270000000455, 35.07287], [-1.87356, 35.104989999999816], [-1.748219999999492, 35.18181999999979], [-1.628399999999601, 35.27162999999928], [-1.546979999999166, 35.26739000000089], [-1.470240000000558, 35.30307999999968], [-1.286430000000109, 35.36018999999942], [-1.235590000000229, 35.45226], [-1.196149999999761, 35.62591000000066], [-1.098299999999654, 35.67612], [-0.917110000000321, 35.772469999999885], [-0.88846999999987, 35.70639999999912], [-0.83849999999984, 35.79385], [-0.711789999999382, 35.78136000000086], [-0.656469999999899, 35.70639999999912], [-0.248509999999442, 35.807160000000295], [0.22077, 36.039740000000165], [0.875200000000405, 36.33509000000049], [1.314860000000408, 36.510949999999866], [1.578690000000279, 36.52972000000045], [1.704970000000685, 36.55203000000074], [1.864729999999327, 36.56305000000066], [2.198140000000421, 36.60763000000043], [2.452730000000884, 36.59296], [2.692080000000715, 36.64316999999937], [3.0571, 36.77247999999963], [3.237859999999273, 36.79992999999922], [3.563029999999344, 36.80676999999923], [3.726619999999457, 36.88054999999986], [3.914129999999204, 36.91991000000053], [4.129989999999452, 36.89847], [4.424090000000433, 36.9009700000006], [5.071389999999155, 36.76368], [5.255989999999656, 36.63653999999951], [5.44837, 36.66243000000031], [5.766690000000381, 36.82696000000033], [6.087639999999737, 36.87313], [6.562410000000455, 37.01202999999987], [6.912529999999606, 36.88578000000052], [7.154969999999594, 36.921290000000226], [7.255080000000817, 37.0028199999997], [7.31977999999981, 37.03529999999955], [7.382219999999506, 37.06609000000026], [7.552110000000539, 37.0062999999991], [7.753269999999247, 36.889320000000225], [8.18808, 36.87975], [8.424699999999575, 36.89725999999973], [8.749980000000505, 36.95361000000048], [9.8700000000008, 37.273590000000695], [10.12421, 37.21826999999939], [10.02194000000054, 37.105359999999564], [10.050830000000133, 37.05019], [10.102310000000216, 36.91077000000041], [10.319550000000163, 36.84867999999915]]]}}, {"type": "Feature", "properties": {"OBJECTID": 2064, "STRETCHID": 4.0, "certainty": "solid", "Shape_Leng": 10.0354641519929}, "geometry": {"type": "MultiLineString", "coordinates": [[[10.319550000000163, 36.84867999999915], [10.121549999999843, 36.7868899999994], [10.017630000000281, 36.7338], [9.87925, 36.69209000000046], [9.733480000000782, 36.613499999999476], [9.48501000000033, 36.505629999999655], [9.137080000000424, 36.34274], [8.84872, 36.07798], [8.79227, 35.88825], [8.45995000000039, 35.57406000000083], [8.142540000000736, 35.40971999999965], [7.401089999999385, 35.791300000000774], [7.105079999999361, 35.88162999999986], [6.787060000000565, 36.12279999999919], [6.596449999999095, 36.3705000000009], [6.260169999999562, 36.46368000000075], [6.003769999999349, 36.23204000000078], [5.727070000000822, 36.32361999999921], [5.394179999999324, 36.19362], [5.484679999999571, 35.89795000000049], [5.393260000000737, 35.67595000000074], [5.038500000000568, 35.51597000000038], [4.595579999999245, 35.68464999999924], [4.220129999999699, 35.83918000000085], [4.063420000000406, 35.9697699999997], [3.686439999999493, 36.14835999999923], [3.406119999999646, 36.137360000000626], [3.141680000000633, 36.11341999999968], [2.822609999999258, 36.12840999999935], [2.508309999999256, 36.19504000000052], [2.394309999999678, 36.37468000000081], [2.198140000000421, 36.60763000000043]]]}}, {"type": "Feature", "properties": {"OBJECTID": 2065, "STRETCHID": 5.0, "certainty": "solid", "Shape_Leng": 1.01507183627984}, "geometry": {"type": "MultiLineString", "coordinates": [[[5.394179999999324, 36.19362], [5.156030000000101, 36.34740000000056], [5.12119999999959, 36.467099999999846], [4.83389999999963, 36.669519999999466], [5.071389999999155, 36.76368]]]}}, {"type": "Feature", "properties": {"OBJECTID": 2066, "STRETCHID": 6.0, "certainty": "solid", "Shape_Leng": 1.41047426088122}, "geometry": {"type": "MultiLineString", "coordinates": [[[6.26289, 35.489480000000185], [6.333510000000388, 35.70314999999937], [6.27801, 35.95997999999963], [5.750210000000152, 36.162389999999505], [5.394179999999324, 36.19362]]]}}, {"type": "Feature", "properties": {"OBJECTID": 2067, "STRETCHID": 7.0, "certainty": "solid", "Shape_Leng": 3.10250554485462}, "geometry": {"type": "MultiLineString", "coordinates": [[[8.142540000000736, 35.40971999999965], [7.945209999999861, 35.37341000000015], [7.4348200000004, 35.41584999999941], [7.147520000000441, 35.43217999999979], [6.83302, 35.51489000000038], [6.470639999999548, 35.507400000000416], [6.26289, 35.489480000000185], [6.07003000000077, 35.775910000000295], [5.950450000000274, 35.892509999999675], [5.750210000000152, 36.162389999999505], [5.394179999999324, 36.19362]]]}}, {"type": "Feature", "properties": {"OBJECTID": 2073, "STRETCHID": 8.0, "certainty": "solid", "Shape_Leng": 0.470929385112671}, "geometry": {"type": "MultiLineString", "coordinates": [[[6.915800000000672, 36.030549999999494], [6.787060000000565, 36.12279999999919], [6.596449999999095, 36.3705000000009]]]}}, {"type": "Feature", "properties": {"OBJECTID": 2074, "STRETCHID": 9.0, "certainty": "solid", "Shape_Leng": 0.749642201380862}, "geometry": {"type": "MultiLineString", "coordinates": [[[6.470639999999548, 35.507400000000416], [6.333510000000388, 35.70314999999937], [6.07003000000077, 35.775910000000295], [5.909460000000763, 35.601189999999406]]]}}, {"type": "Feature", "properties": {"OBJECTID": 2075, "STRETCHID": 10.0, "certainty": "solid", "Shape_Leng": 0.831471643334158}, "geometry": {"type": "MultiLineString", "coordinates": [[[5.909460000000763, 35.601189999999406], [5.681360000000495, 35.799810000000434], [5.484679999999571, 35.89795000000049], [5.394179999999324, 36.19362]]]}}, {"type": "Feature", "properties": {"OBJECTID": 2076, "STRETCHID": 11.0, "certainty": "solid", "Shape_Leng": 5.90224205808125}, "geometry": {"type": "MultiLineString", "coordinates": [[[3.914129999999204, 36.91991000000053], [3.40618, 36.137329999999565], [3.163959999999861, 36.12860999999975], [2.90827, 36.13911], [2.783999999999651, 36.15622000000076], [2.508519999999407, 36.194439999999304], [2.228339999999662, 36.26046999999926], [1.973149999999805, 36.26582000000053], [1.65906, 36.226559999999154], [1.643, 36.2426200000009], [1.337830000000395, 36.16230999999971], [1.09512, 36.08021999999983], [0.842839999999342, 35.93937], [0.558520000000499, 35.71251999999913], [0.343769999999495, 35.71857000000091], [0.05341000000044, 35.59455999999955], [-0.200660000000425, 35.53708999999981], [-0.624110000000655, 35.46147000000019], [-0.99311999999918, 35.3737600000004], [-1.156450000000405, 35.29512000000068], [-1.334899999999834, 35.28302000000076]]]}}, {"type": "Feature", "properties": {"OBJECTID": 2077, "STRETCHID": 12.0, "certainty": "solid", "Shape_Leng": 1.27753939858426}, "geometry": {"type": "MultiLineString", "coordinates": [[[3.914129999999204, 36.91991000000053], [3.95347000000038, 36.80298000000039], [4.297599999999875, 36.69073000000026], [4.83389999999963, 36.669519999999466], [5.071389999999155, 36.76368]]]}}, {"type": "Feature", "properties": {"OBJECTID": 2078, "STRETCHID": 13.0, "certainty": "solid", "Shape_Leng": 1.54691080084391}, "geometry": {"type": "MultiLineString", "coordinates": [[[5.766690000000381, 36.82696000000033], [5.492120000000796, 36.377010000000155], [5.394179999999324, 36.19362], [5.043240000000878, 36.33458000000064], [5.027280000000246, 36.516750000000684], [5.071389999999155, 36.76368]]]}}, {"type": "Feature", "properties": {"OBJECTID": 2079, "STRETCHID": 14.0, "certainty": "solid", "Shape_Leng": 1.08074260321969}, "geometry": {"type": "MultiLineString", "coordinates": [[[6.26289, 35.489480000000185], [6.470639999999548, 35.507400000000416], [6.596449999999095, 36.3705000000009]]]}}, {"type": "Feature", "properties": {"OBJECTID": 2080, "STRETCHID": 15.0, "certainty": "solid", "Shape_Leng": 2.70972497743203}, "geometry": {"type": "MultiLineString", "coordinates": [[[9.137080000000424, 36.34274], [8.706780000000435, 36.17739000000074], [8.36707000000024, 36.23428000000058], [8.05127, 36.17166999999972], [7.670330000000831, 36.16352], [7.239929999999731, 36.09859999999935], [6.787060000000565, 36.12279999999919], [6.596449999999095, 36.3705000000009]]]}}, {"type": "Feature", "properties": {"OBJECTID": 2081, "STRETCHID": 16.0, "certainty": "solid", "Shape_Leng": 1.32789098191214}, "geometry": {"type": "MultiLineString", "coordinates": [[[7.753269999999247, 36.889320000000225], [7.48322, 36.59312999999929], [7.253080000000409, 36.46421], [6.596449999999095, 36.3705000000009]]]}}, {"type": "Feature", "properties": {"OBJECTID": 2082, "STRETCHID": 17.0, "certainty": "solid", "Shape_Leng": 2.74646269618049}, "geometry": {"type": "MultiLineString", "coordinates": [[[10.319550000000163, 36.84867999999915], [10.045570000000225, 36.907970000000205], [9.83676000000014, 36.83016999999927], [9.65099999999984, 36.72046000000046], [9.243249999999534, 36.63695999999982], [9.028589999999895, 36.64177000000018], [8.74265000000014, 36.56449000000066], [8.565909999999349, 36.49203999999918], [8.440319999999701, 36.53262], [8.180210000000443, 36.628930000000764], [7.753269999999247, 36.889320000000225]]]}}, {"type": "Feature", "properties": {"OBJECTID": 2083, "STRETCHID": 18.0, "certainty": "solid", "Shape_Leng": 3.13883365155027}, "geometry": {"type": "MultiLineString", "coordinates": [[[10.319550000000163, 36.84867999999915], [10.121549999999843, 36.7868899999994], [10.017630000000281, 36.7338], [9.87925, 36.69209000000046], [9.610060000000885, 36.6533500000005], [9.137080000000424, 36.34274], [8.706780000000435, 36.17739000000074], [8.36707000000024, 36.23428000000058], [7.983679999999367, 36.29324000000088], [7.753269999999247, 36.889320000000225]]]}}, {"type": "Feature", "properties": {"OBJECTID": 2084, "STRETCHID": 19.0, "certainty": "solid", "Shape_Leng": 2.71784186653378}, "geometry": {"type": "MultiLineString", "coordinates": [[[8.142540000000736, 35.40971999999965], [8.490390000000843, 35.420570000000225], [8.712330000000293, 35.447659999999814], [9.127819999999701, 35.25669000000016], [10.078810000000885, 35.011529999999766], [10.691720000000714, 34.6593699999994]]]}}, {"type": "Feature", "properties": {"OBJECTID": 2085, "STRETCHID": 20.0, "certainty": "solid", "Shape_Leng": 0.64597334735286}, "geometry": {"type": "MultiLineString", "coordinates": [[[9.728450000000521, 35.59883000000082], [9.49467, 35.58823999999913], [9.08382999999958, 35.55796999999984]]]}}, {"type": "Feature", "properties": {"OBJECTID": 2086, "STRETCHID": 21.0, "certainty": "solid", "Shape_Leng": 2.56974474497075}, "geometry": {"type": "MultiLineString", "coordinates": [[[10.691720000000714, 34.6593699999994], [10.430780000000595, 34.499869999999646], [10.111010000000533, 34.64871999999923], [9.327499999999418, 35.09764], [9.127819999999701, 35.25669000000016], [9.08382999999958, 35.55796999999984], [9.00804000000062, 35.85762000000068], [9.01611000000048, 35.9967400000005]]]}}, {"type": "Feature", "properties": {"OBJECTID": 2087, "STRETCHID": 22.0, "certainty": "solid", "Shape_Leng": 3.94638614909613}, "geometry": {"type": "MultiLineString", "coordinates": [[[10.098089999999502, 33.87844000000041], [10.070659999999407, 34.26368999999977], [10.111010000000533, 34.64871999999923], [9.91093, 34.759690000000774], [9.672179999999571, 34.88915000000088], [9.327499999999418, 35.09764], [9.127819999999701, 35.25669000000016], [9.08382999999958, 35.55796999999984], [9.00804000000062, 35.85762000000068], [9.01611000000048, 35.9967400000005], [9.137080000000424, 36.34274], [9.48501000000033, 36.505629999999655], [9.733480000000782, 36.613499999999476], [9.83676000000014, 36.83016999999927]]]}}, {"type": "Feature", "properties": {"OBJECTID": 2088, "STRETCHID": 23.0, "certainty": "solid", "Shape_Leng": 2.40610335324459}, "geometry": {"type": "MultiLineString", "coordinates": [[[10.319550000000163, 36.84867999999915], [10.017630000000281, 36.7338], [9.733480000000782, 36.613499999999476], [9.48501000000033, 36.505629999999655], [9.137080000000424, 36.34274], [9.01611000000048, 35.9967400000005], [9.00804000000062, 35.85762000000068], [9.08382999999958, 35.55796999999984], [9.127819999999701, 35.25669000000016]]]}}, {"type": "Feature", "properties": {"OBJECTID": 2089, "STRETCHID": 24.0, "certainty": "solid", "Shape_Leng": 2.80864578196132}, "geometry": {"type": "MultiLineString", "coordinates": [[[10.319550000000163, 36.84867999999915], [10.558859999999186, 36.51434999999947], [10.57791, 36.40042999999969], [10.51714, 36.02392999999938], [10.644500000000335, 35.839130000000296], [10.277470000000903, 35.665940000000774], [9.728450000000521, 35.59883000000082], [9.569610000000466, 35.4036500000002], [9.127819999999701, 35.25669000000016]]]}}, {"type": "Feature", "properties": {"OBJECTID": 2091, "STRETCHID": 25.0, "certainty": "solid", "Shape_Leng": 2.89445785264481}, "geometry": {"type": "MultiLineString", "coordinates": [[[10.715500000000247, 35.30467999999928], [10.277470000000903, 35.665940000000774], [9.728450000000521, 35.59883000000082], [9.569610000000466, 35.4036500000002], [9.127819999999701, 35.25669000000016], [8.802910000000338, 35.171619999999166], [8.486810000000332, 35.37170999999944], [8.142540000000736, 35.40971999999965]]]}}, {"type": "Feature", "properties": {"OBJECTID": 2092, "STRETCHID": 26.0, "certainty": "solid", "Shape_Leng": 2.81114982679983}, "geometry": {"type": "MultiLineString", "coordinates": [[[8.142540000000736, 35.40971999999965], [8.486810000000332, 35.37170999999944], [8.802910000000338, 35.171619999999166], [9.127819999999701, 35.25669000000016], [9.569610000000466, 35.4036500000002], [9.728450000000521, 35.59883000000082], [10.08914999999979, 35.486039999999775], [10.44117, 35.43585999999959], [10.715500000000247, 35.30467999999928]]]}}, {"type": "Feature", "properties": {"OBJECTID": 2093, "STRETCHID": 27.0, "certainty": "solid", "Shape_Leng": 1.60491938774516}, "geometry": {"type": "MultiLineString", "coordinates": [[[9.08382999999958, 35.55796999999984], [9.49467, 35.58823999999913], [9.728450000000521, 35.59883000000082], [10.277470000000903, 35.665940000000774], [10.644500000000335, 35.839130000000296]]]}}, {"type": "Feature", "properties": {"OBJECTID": 2094, "STRETCHID": 28.0, "certainty": "solid", "Shape_Leng": 2.97768995038897}, "geometry": {"type": "MultiLineString", "coordinates": [[[9.127819999999701, 35.25669000000016], [9.569610000000466, 35.4036500000002], [9.728450000000521, 35.59883000000082], [10.277470000000903, 35.665940000000774], [10.644500000000335, 35.839130000000296], [10.51714, 36.02392999999938], [10.57791, 36.40042999999969], [10.733070000000225, 36.444690000000264], [10.860899999999674, 36.575559999999314], [11.0925900000002, 36.8397700000005]]]}}, {"type": "Feature", "properties": {"OBJECTID": 2095, "STRETCHID": 29.0, "certainty": "solid", "Shape_Leng": 1.07296805286194}, "geometry": {"type": "MultiLineString", "coordinates": [[[10.319550000000163, 36.84867999999915], [10.27585, 36.775400000000445], [10.48291000000063, 36.6269599999996], [10.860899999999674, 36.575559999999314], [11.0925900000002, 36.8397700000005]]]}}, {"type": "Feature", "properties": {"OBJECTID": 2096, "STRETCHID": 30.0, "certainty": "solid", "Shape_Leng": 27.2506762786789}, "geometry": {"type": "MultiLineString", "coordinates": [[[10.319550000000163, 36.84867999999915], [10.27585, 36.775400000000445], [10.558859999999186, 36.51434999999947], [10.57791, 36.40042999999969], [10.51714, 36.02392999999938], [10.644500000000335, 35.839130000000296], [10.872660000000906, 35.68517000000065], [10.715500000000247, 35.30467999999928], [10.925600000000486, 34.96660999999949], [10.691720000000714, 34.6593699999994], [10.430780000000595, 34.499869999999646], [10.070659999999407, 34.26368999999977], [10.098089999999502, 33.87844000000041], [10.351450000000114, 33.666800000000876], [10.673129999999219, 33.54534000000058], [10.944970000000467, 33.62308999999914], [11.208940000000439, 33.18761000000086], [11.69865000000027, 33.08393000000069], [12.09166, 32.92699999999968], [12.487919999999576, 32.80889000000025], [12.821350000000166, 32.731229999999414], [13.18188, 32.90279999999984], [13.60657, 32.79081000000042], [13.88231000000087, 32.70506000000023], [14.293390000000727, 32.64350000000013], [14.571280000000115, 32.46354000000065], [14.831169999999474, 32.25677999999971], [15.047500000000582, 32.03756000000067], [15.104660000000877, 31.66765999999916], [15.25431000000026, 31.39528000000064], [15.60403000000042, 31.366700000000492], [15.862960000000385, 31.28599000000031], [16.313570000000254, 31.225459999999657], [16.584210000000894, 31.20930000000044], [17.13673000000017, 31.119660000000295], [17.52079000000049, 31.003520000000208], [17.884550000000672, 30.85425000000032], [18.1682, 30.699969999999666], [18.50920000000042, 30.50166], [18.7834899999998, 30.36460000000079], [19.20506000000023, 30.25619], [19.49471000000085, 30.346110000000408], [19.65444000000025, 30.43858], [19.886469999999463, 30.62688999999955], [20.214459999999235, 31.076160000000527], [20.141530000000785, 31.38861], [20.03946999999971, 31.664300000000367], [20.0674999999992, 32.1232], [20.30868, 32.357889999999315], [20.560569999999643, 32.535830000000715], [20.94672, 32.70737], [21.43836999999985, 32.50161999999909], [21.72588, 32.58568000000014], [21.869580000000497, 32.82532999999967], [22.156310000000303, 32.7824], [22.642219999999725, 32.77232], [22.93477999999959, 32.60081999999966], [23.639059999999517, 32.11506999999983], [24.21766000000025, 31.901369999999588], [24.713659999999436, 31.76853999999912], [25.156189999999697, 31.559559999999692], [29.914570000000822, 31.19924]]]}}, {"type": "Feature", "properties": {"OBJECTID": 2098, "STRETCHID": 31.0, "certainty": "solid", "Shape_Leng": 9.59832391670448}, "geometry": {"type": "MultiLineString", "coordinates": [[[20.94672, 32.70737], [21.43836999999985, 32.50161999999909], [21.72588, 32.58568000000014], [21.869580000000497, 32.82532999999967], [22.156310000000303, 32.7824], [22.642219999999725, 32.77232], [22.93477999999959, 32.60081999999966], [22.98436000000038, 32.50612999999976], [23.06848, 32.338770000000295], [23.639059999999517, 32.11506999999983], [24.207570000000487, 31.834109999999782], [24.708619999999428, 31.702970000000278], [25.156189999999697, 31.559559999999692], [27.224790000000212, 31.355180000000473], [27.83596000000034, 31.07582], [28.26133999999911, 31.06405000000086], [28.439790000000357, 31.0304500000002], [29.914570000000822, 31.19924]]]}}, {"type": "Feature", "properties": {"OBJECTID": 2099, "STRETCHID": 32.0, "certainty": "solid", "Shape_Leng": 8.433807585633582}, "geometry": {"type": "MultiLineString", "coordinates": [[[10.098089999999502, 33.87844000000041], [9.803939999999784, 33.8799199999994], [9.409949999999299, 33.76765999999952], [8.9037900000003, 33.70910999999978], [9.005769999999757, 33.59012000000075], [9.468500000000859, 33.491910000000644], [9.929340000000593, 33.5769], [10.351450000000114, 33.666800000000876], [10.544729999999618, 33.30248000000029], [10.465729999999894, 32.9385199999997], [10.495950000000448, 32.58722999999918], [10.38263, 32.30393], [10.696149999999761, 32.01496000000043], [10.992669999999634, 31.877080000000205], [11.29674999999952, 31.79775999999947], [11.80292, 31.74676], [12.267540000000736, 31.933740000000398], [12.486629999999423, 31.996069999999236], [12.91914, 32.056510000000344], [13.138220000000729, 32.14716000000044], [13.36297999999988, 32.22271], [13.69539000000077, 32.453129999999874], [14.293390000000727, 32.64350000000013]]]}}, {"type": "Feature", "properties": {"OBJECTID": 2100, "STRETCHID": 33.0, "certainty": "solid", "Shape_Leng": 2.08134278987966}, "geometry": {"type": "MultiLineString", "coordinates": [[[10.098089999999502, 33.87844000000041], [9.803939999999784, 33.8799199999994], [9.426439999999275, 34.15975000000071], [8.78852, 34.416590000000724], [8.773730000000796, 34.74626999999964], [8.59555999999975, 34.98711999999978]]]}}, {"type": "Feature", "properties": {"OBJECTID": 2101, "STRETCHID": 34.0, "certainty": "solid", "Shape_Leng": 2.70176015451317}, "geometry": {"type": "MultiLineString", "coordinates": [[[9.18296, 41.23913], [9.278309999999692, 41.17034000000058], [9.382100000000719, 41.07136999999966], [9.41482999999971, 41.034890000000814], [9.501580000000104, 40.93138], [9.674160000000484, 40.78172000000086], [9.77916, 40.58016999999927], [9.64639999999963, 40.42328000000089], [9.59451000000081, 40.30018000000018], [9.66813, 39.9320800000005], [9.582440000000133, 39.631569999999556], [9.63553999999931, 39.45415999999932], [9.372439999999187, 39.30088000000069], [9.098410000000513, 39.225000000000364]]]}}, {"type": "Feature", "properties": {"OBJECTID": 2102, "STRETCHID": 35.0, "certainty": "solid", "Shape_Leng": 1.77769163643096}, "geometry": {"type": "MultiLineString", "coordinates": [[[9.501580000000104, 40.93138], [9.286749999999302, 40.52103999999963], [9.254170000000158, 40.14449000000059], [9.139929999999367, 39.72725], [9.098410000000513, 39.225000000000364]]]}}, {"type": "Feature", "properties": {"OBJECTID": 2104, "STRETCHID": 36.0, "certainty": "solid", "Shape_Leng": 2.45949580919051}, "geometry": {"type": "MultiLineString", "coordinates": [[[9.18296, 41.23913], [9.104339999999866, 40.911260000000766], [9.080760000000737, 40.72739999999976], [8.847400000000562, 40.55061000000023], [8.802620000000388, 40.319610000000466], [8.819120000000112, 40.12396000000081], [8.833259999999427, 39.99431999999979], [8.60225999999966, 39.88588999999956], [8.776690000000599, 39.62896], [9.098410000000513, 39.225000000000364]]]}}, {"type": "Feature", "properties": {"OBJECTID": 2105, "STRETCHID": 37.0, "certainty": "solid", "Shape_Leng": 0.44297716295535}, "geometry": {"type": "MultiLineString", "coordinates": [[[9.18296, 41.23913], [9.501580000000104, 40.93138]]]}}, {"type": "Feature", "properties": {"OBJECTID": 2107, "STRETCHID": 38.0, "certainty": "solid", "Shape_Leng": 3.18242962111054}, "geometry": {"type": "MultiLineString", "coordinates": [[[9.18296, 41.23913], [9.052480000000287, 41.1187000000009], [8.991190000000643, 40.90418999999929], [8.654109999999491, 40.783980000000156], [8.395780000000741, 40.838369999999486], [8.210960000000341, 40.694400000000314], [8.314679999999498, 40.5883300000005], [8.491470000000845, 40.30546999999933], [8.50228000000061, 40.110389999999825], [8.430179999999382, 39.883529999999155], [8.60225999999966, 39.88588999999956], [8.550820000000385, 39.68406999999934], [8.519749999999476, 39.3720200000007], [8.454799999999523, 39.06243]]]}}, {"type": "Feature", "properties": {"OBJECTID": 2108, "STRETCHID": 39.0, "certainty": "solid", "Shape_Leng": 0.580250183261363}, "geometry": {"type": "MultiLineString", "coordinates": [[[8.454799999999523, 39.06243], [8.741330000000744, 38.95716], [9.01397999999972, 38.992990000000646]]]}}, {"type": "Feature", "properties": {"OBJECTID": 2109, "STRETCHID": 40.0, "certainty": "solid", "Shape_Leng": 0.246894846037748}, "geometry": {"type": "MultiLineString", "coordinates": [[[9.01397999999972, 38.992990000000646], [9.098410000000513, 39.225000000000364]]]}}, {"type": "Feature", "properties": {"OBJECTID": 2110, "STRETCHID": 41.0, "certainty": "solid", "Shape_Leng": 1.2885606833389}, "geometry": {"type": "MultiLineString", "coordinates": [[[9.51721, 42.54644], [9.514489999999569, 42.108720000000176], [9.358910000000833, 41.969639999999345], [9.39191000000028, 41.77635], [9.182119999999486, 41.38270000000011]]]}}, {"type": "Feature", "properties": {"OBJECTID": 2111, "STRETCHID": 42.0, "certainty": "solid", "Shape_Leng": 3.78935739271532}, "geometry": {"type": "MultiLineString", "coordinates": [[[15.649279999999635, 38.26811000000089], [15.561939999999595, 38.18952], [15.38191, 37.960870000000796], [15.291520000000673, 37.85289999999986], [15.271350000000893, 37.829390000000785], [15.179369999999835, 37.5841], [15.100959999999759, 37.50739000000067], [14.706120000000737, 37.35479999999916], [14.315510000000359, 37.31881000000067], [13.911589999999705, 37.2748100000008], [13.590829999999187, 37.30458], [13.37169, 37.382799999999406], [13.23704, 37.49611], [13.089490000000296, 37.51174], [12.79978999999912, 37.62809000000016], [12.593160000000353, 37.65741999999955], [12.435059999999794, 37.80379]]]}}, {"type": "Feature", "properties": {"OBJECTID": 2112, "STRETCHID": 43.0, "certainty": "solid", "Shape_Leng": 4.372927243735911}, "geometry": {"type": "MultiLineString", "coordinates": [[[15.561939999999595, 38.18952], [15.291520000000673, 37.85289999999986], [15.100959999999759, 37.50739000000067], [15.290779999999359, 37.07308000000012], [14.89624, 37.05831000000035], [14.75228000000061, 36.925569999999425], [14.29968, 37.04637999999977], [13.590829999999187, 37.30458], [13.089490000000296, 37.51174], [12.435059999999794, 37.80379]]]}}, {"type": "Feature", "properties": {"OBJECTID": 2113, "STRETCHID": 44.0, "certainty": "solid", "Shape_Leng": 0.515645002109531}, "geometry": {"type": "MultiLineString", "coordinates": [[[15.048349999999118, 38.14352999999937], [15.561939999999595, 38.18952]]]}}, {"type": "Feature", "properties": {"OBJECTID": 2114, "STRETCHID": 45.0, "certainty": "solid", "Shape_Leng": 2.90582986580577}, "geometry": {"type": "MultiLineString", "coordinates": [[[12.435059999999794, 37.80379], [12.496349999999438, 38.021059999999125], [12.887769999999364, 37.98536000000058], [13.121059999999488, 38.05335000000014], [13.17972, 38.137329999999565], [13.35160999999971, 38.13247000000047], [13.525209999999788, 38.104520000000775], [13.70075, 37.99044999999933], [14.0285700000004, 38.04124000000047], [14.260739999999714, 37.99517999999989], [14.44297, 38.04004999999961], [14.742389999999432, 38.158589999999094], [15.048349999999118, 38.14352999999937]]]}}, {"type": "Feature", "properties": {"OBJECTID": 2115, "STRETCHID": 46.0, "certainty": "solid", "Shape_Leng": 1.57490219182457}, "geometry": {"type": "MultiLineString", "coordinates": [[[15.100959999999759, 37.50739000000067], [14.9079899999997, 37.566430000000764], [14.747919999999795, 37.623789999999644], [14.530500000000757, 37.6556099999998], [14.280870000000505, 37.56676999999945], [13.70075, 37.99044999999933]]]}}, {"type": "Feature", "properties": {"OBJECTID": 2116, "STRETCHID": 47.0, "certainty": "solid", "Shape_Leng": 1.55566078860344}, "geometry": {"type": "MultiLineString", "coordinates": [[[13.590829999999187, 37.30458], [13.839599999999336, 37.35479999999916], [13.998240000000806, 37.38680000000022], [14.315510000000359, 37.31881000000067], [14.706120000000737, 37.35479999999916], [15.100959999999759, 37.50739000000067]]]}}, {"type": "Feature", "properties": {"OBJECTID": 2117, "STRETCHID": 48.0, "certainty": "solid", "Shape_Leng": 2.13788139884736}, "geometry": {"type": "MultiLineString", "coordinates": [[[15.290779999999359, 37.07308000000012], [15.139370000000781, 36.68159000000014], [14.794099999999162, 36.71091999999953], [14.40350000000035, 36.94420999999966], [14.29968, 37.04637999999977], [14.222200000000157, 37.08018000000084], [13.943579999999201, 37.10151000000042], [13.880929999999353, 37.137510000000475], [13.590829999999187, 37.30458]]]}}, {"type": "Feature", "properties": {"OBJECTID": 2118, "STRETCHID": 49.0, "certainty": "solid", "Shape_Leng": 1.99534638791708}, "geometry": {"type": "MultiLineString", "coordinates": [[[13.590829999999187, 37.30458], [13.642299999999523, 37.39746000000014], [13.499659999999494, 37.65342000000055], [13.422339999999167, 37.73872999999912], [13.32503, 37.964029999999184], [13.35160999999971, 38.13247000000047], [13.17972, 38.137329999999565], [13.093070000000807, 37.94002999999975], [12.817119999999704, 37.83871999999974], [12.435059999999794, 37.80379]]]}}, {"type": "Feature", "properties": {"OBJECTID": 2119, "STRETCHID": 50.0, "certainty": "solid", "Shape_Leng": 0.73847871721553}, "geometry": {"type": "MultiLineString", "coordinates": [[[12.496349999999438, 38.021059999999125], [12.887769999999364, 37.98536000000058], [13.121059999999488, 38.05335000000014], [13.17972, 38.137329999999565]]]}}, {"type": "Feature", "properties": {"OBJECTID": 2120, "STRETCHID": 51.0, "certainty": "solid", "Shape_Leng": 12.0957833633059}, "geometry": {"type": "MultiLineString", "coordinates": [[[9.177799999999479, 45.47617], [9.417299999999159, 45.312369999999646], [9.69916000000012, 45.060740000000806], [10.0567800000008, 44.87256999999954], [10.32748, 44.804729999999836], [10.636909999999261, 44.70593999999983], [10.938850000000457, 44.6492300000009], [11.338050000000294, 44.50012000000061], [11.705519999999524, 44.35982999999942], [11.885599999999613, 44.29113999999936], [12.249139999999898, 44.14178999999967], [12.570439999999508, 44.06472000000031], [12.908910000000105, 43.919850000000224], [13.224879999999757, 43.71702], [13.51008, 43.58020000000033], [13.66707999999926, 43.42696000000069], [13.804850000000442, 43.160799999999654], [13.909960000000865, 42.89106], [13.970890000000509, 42.74085000000014], [14.22149, 42.46588999999949], [13.929529999999431, 42.24001999999928], [13.919299999999566, 42.049150000000736], [14.09555999999975, 41.78975999999966], [14.21726999999919, 41.60316000000057], [14.460730000000694, 41.48891], [14.669009999999616, 41.39494000000013], [15.080130000000281, 41.2544999999991], [15.81568999999945, 40.96202000000085], [15.821780000000217, 40.88738999999987], [15.818230000000767, 40.81684999999925], [15.793630000000121, 40.64831000000049], [15.856920000000173, 40.4696299999996], [15.9116099999992, 40.2868899999994], [15.92864, 40.15586000000076], [15.966220000000249, 39.980209999999715], [16.14234000000033, 39.8394100000005], [16.243650000000343, 39.57346999999936], [16.25389, 39.29193999999916], [16.257410000000164, 39.10787999999957], [16.258449999999357, 38.93908999999985], [16.20940999999948, 38.769350000000486], [15.943020000000615, 38.55306000000019], [15.836170000000493, 38.31058999999914], [15.657170000000406, 38.188319999999294]]]}}, {"type": "Feature", "properties": {"OBJECTID": 2121, "STRETCHID": 52.0, "certainty": "solid", "Shape_Leng": 6.35191053295005}, "geometry": {"type": "MultiLineString", "coordinates": [[[12.493099999999686, 41.89552], [12.666359999999258, 41.72146000000066], [12.86671000000024, 41.57308000000012], [12.995129999999335, 41.47390000000087], [13.24778999999944, 41.29808000000048], [13.416240000000471, 41.36114000000089], [13.58074999999917, 41.262000000000626], [13.752490000000762, 41.2500799999998], [13.830480000000534, 41.162280000000464], [14.243179999999484, 41.08633], [14.53107000000091, 40.928719999999885], [14.64142, 40.75209], [14.769089999999778, 40.67798000000039], [15.3812999999991, 40.57473000000027], [15.52349999999933, 40.48359999999957], [15.62428, 40.36624999999913], [15.62428, 40.27237000000059], [15.966220000000249, 39.980209999999715], [16.14234000000033, 39.8394100000005], [16.243650000000343, 39.57346999999936], [16.25389, 39.29193999999916], [16.257410000000164, 39.10787999999957], [16.258449999999357, 38.93908999999985], [16.1004099999991, 38.67370999999912], [15.943020000000615, 38.55306000000019], [15.836170000000493, 38.31058999999914], [15.657170000000406, 38.188319999999294]]]}}, {"type": "Feature", "properties": {"OBJECTID": 2122, "STRETCHID": 53.0, "certainty": "solid", "Shape_Leng": 0.517212890887922}, "geometry": {"type": "MultiLineString", "coordinates": [[[14.243179999999484, 41.08633], [14.757700000000114, 41.13904]]]}}, {"type": "Feature", "properties": {"OBJECTID": 2123, "STRETCHID": 54.0, "certainty": "solid", "Shape_Leng": 0.875521510987959}, "geometry": {"type": "MultiLineString", "coordinates": [[[14.243179999999484, 41.08633], [14.626560000000609, 41.06784999999945], [14.757700000000114, 41.13904], [15.080130000000281, 41.2544999999991]]]}}, {"type": "Feature", "properties": {"OBJECTID": 2124, "STRETCHID": 55.0, "certainty": "solid", "Shape_Leng": 5.62208581275881}, "geometry": {"type": "MultiLineString", "coordinates": [[[15.080130000000281, 41.2544999999991], [15.400330000000395, 41.16545000000042], [15.676750000000538, 41.05517999999938], [15.81568999999945, 40.96202000000085], [16.676789999999528, 40.218049999999494], [16.605900000000474, 39.932740000000194], [16.485870000000432, 39.71738], [16.64041, 39.617959999999584], [17.01593999999932, 39.4633300000005], [17.11119999999937, 39.19412000000011], [16.902330000000802, 38.94028000000071], [16.59016999999949, 38.80768999999964], [16.57966999999917, 38.45962999999938], [16.46092999999928, 38.35194000000047], [16.333919999999125, 38.300859999999375], [16.183429999999134, 38.14761], [16.06884, 37.93914000000041], [15.78996, 37.92257000000063], [15.651439999999639, 38.100580000000264]]]}}, {"type": "Feature", "properties": {"OBJECTID": 2126, "STRETCHID": 56.0, "certainty": "solid", "Shape_Leng": 3.77824458947121}, "geometry": {"type": "MultiLineString", "coordinates": [[[15.080130000000281, 41.2544999999991], [15.30257999999958, 41.36431000000084], [15.619849999999133, 41.31601000000046], [16.054690000000846, 41.22754999999961], [16.47708000000057, 41.1198600000007], [16.68916, 41.108980000000884], [16.859710000000632, 41.1272399999998], [17.218619999999646, 40.991900000000896], [17.380010000000766, 40.88673000000017], [17.68347, 40.75144], [17.948490000000675, 40.64042999999947], [18.16983000000073, 40.35341999999946], [18.493720000000394, 40.14075000000048]]]}}, {"type": "Feature", "properties": {"OBJECTID": 2127, "STRETCHID": 57.0, "certainty": "solid", "Shape_Leng": 0.722581110257662}, "geometry": {"type": "MultiLineString", "coordinates": [[[17.24576999999954, 40.47218000000066], [17.948490000000675, 40.64042999999947]]]}}, {"type": "Feature", "properties": {"OBJECTID": 2128, "STRETCHID": 58.0, "certainty": "solid", "Shape_Leng": 0.760359077803394}, "geometry": {"type": "MultiLineString", "coordinates": [[[16.859710000000632, 41.1272399999998], [17.24576999999954, 40.47218000000066]]]}}, {"type": "Feature", "properties": {"OBJECTID": 2129, "STRETCHID": 59.0, "certainty": "solid", "Shape_Leng": 2.62087036313612}, "geometry": {"type": "MultiLineString", "coordinates": [[[14.757700000000114, 41.13904], [15.0002199999999, 41.06651000000056], [15.326460000000225, 41.0044999999991], [15.545210000000225, 41.06934999999976], [15.81568999999945, 40.96202000000085], [16.391540000000532, 40.825010000000475], [16.650079999999434, 40.73072999999931], [17.24576999999954, 40.47218000000066]]]}}, {"type": "Feature", "properties": {"OBJECTID": 2130, "STRETCHID": 60.0, "certainty": "solid", "Shape_Leng": 1.60607119247659}, "geometry": {"type": "MultiLineString", "coordinates": [[[13.24778999999944, 41.29808000000048], [13.416240000000471, 41.36114000000089], [13.58074999999917, 41.262000000000626], [13.752490000000762, 41.2500799999998], [14.053420000000187, 41.25681000000077], [14.31142, 41.33548999999948], [14.488439999999173, 41.22535000000062], [14.757700000000114, 41.13904]]]}}, {"type": "Feature", "properties": {"OBJECTID": 2131, "STRETCHID": 61.0, "certainty": "solid", "Shape_Leng": 1.17036968035634}, "geometry": {"type": "MultiLineString", "coordinates": [[[14.235280000000785, 40.84020000000055], [14.10729, 40.830690000000686], [14.045920000000478, 40.854520000000775], [14.01679999999942, 40.924549999999726], [13.830480000000534, 41.162280000000464], [13.24778999999944, 41.29808000000048]]]}}, {"type": "Feature", "properties": {"OBJECTID": 2132, "STRETCHID": 62.0, "certainty": "solid", "Shape_Leng": 0.415587622168187}, "geometry": {"type": "MultiLineString", "coordinates": [[[14.64142, 40.75209], [14.235280000000785, 40.84020000000055]]]}}, {"type": "Feature", "properties": {"OBJECTID": 2133, "STRETCHID": 62.0, "certainty": "solid", "Shape_Leng": 0.141780731399089}, "geometry": {"type": "MultiLineString", "coordinates": [[[14.072480000000724, 40.79423999999926], [14.057109999999739, 40.825479999999516], [14.045920000000478, 40.854520000000775], [14.01679999999942, 40.924549999999726]]]}}, {"type": "Feature", "properties": {"OBJECTID": 2134, "STRETCHID": 63.0, "certainty": "solid", "Shape_Leng": 0.141780731399089}, "geometry": {"type": "MultiLineString", "coordinates": [[[14.072480000000724, 40.79423999999926], [14.057109999999739, 40.825479999999516], [14.045920000000478, 40.854520000000775], [14.01679999999942, 40.924549999999726]]]}}, {"type": "Feature", "properties": {"OBJECTID": 2135, "STRETCHID": 64.0, "certainty": "solid", "Shape_Leng": 55.3638824782069}, "geometry": {"type": "MultiLineString", "coordinates": [[[12.493099999999686, 41.89552], [12.484780000000683, 42.1872800000001], [12.46407, 42.41508000000067], [12.515079999999216, 42.522430000000895], [12.64295999999922, 42.56035999999949], [12.73971999999958, 42.74496], [12.727989999999409, 42.98487000000023], [12.7459400000007, 43.30572000000029], [12.648419999999533, 43.54592000000048], [12.840739999999641, 43.70718999999917], [13.01822, 43.85267000000022], [12.908910000000105, 43.919850000000224], [12.570439999999508, 44.06472000000031], [12.213299999999435, 44.424010000000635], [12.407839999999851, 45.54290000000037], [12.836419999999634, 45.7502800000002], [13.375389999999243, 45.76586999999927], [13.913940000000366, 45.88760999999977], [14.219929999999295, 45.92309000000023], [14.505479999999807, 46.056249999999636], [14.883390000000873, 46.17721999999958], [15.26354, 46.23458000000028], [15.521430000000692, 46.39877999999953], [15.882180000000517, 46.417709999999715], [16.19679, 46.32883000000038], [16.63376000000062, 46.250019999999495], [16.809810000000653, 46.20320999999967], [17.049909999999727, 46.03936000000067], [17.670889999999417, 45.80662999999913], [18.16772999999921, 45.75185000000056], [18.252259999999296, 45.72169000000031], [18.67222000000038, 45.549479999999676], [18.79978999999912, 45.27505000000019], [19.194030000000566, 45.15577999999914], [19.611689999999726, 44.97171999999955], [19.982249999999112, 44.95651], [20.41983000000073, 44.8386900000005], [20.468849999999293, 44.81919000000016], [20.792929999999615, 44.644500000000335], [20.938249999999243, 44.67375], [21.063930000000255, 44.70489000000089], [21.23301, 44.736650000000736], [21.313679999999295, 44.51881999999932], [21.35685999999987, 44.14710000000014], [21.38596999999936, 43.935639999999694], [21.61804999999913, 43.602860000000874], [21.894200000000637, 43.33008999999947], [22.294369999999617, 43.22864999999911], [22.572179999999207, 43.1583499999997], [22.938609999999244, 42.93014000000039], [23.331990000000587, 42.72963999999956], [23.664950000000317, 42.595939999999246], [23.796109999999317, 42.433030000000144], [24.07825000000048, 42.28816], [24.409100000000763, 42.13342999999986], [24.73312000000078, 42.14732999999978], [25.247129999999743, 42.24112000000059], [25.5585200000005, 42.20574999999917], [25.85993000000053, 42.068600000000515], [25.95952000000034, 41.89321000000018], [26.206120000000737, 41.7789300000004], [26.5668399999995, 41.68241999999918], [26.95356, 41.519060000000536], [27.099089999999705, 41.4381400000002], [27.35938999999962, 41.42022], [27.55307999999968, 41.29898999999932], [27.80357, 41.174440000000686], [27.95727000000079, 40.97874000000047], [28.17475999999988, 41.2338], [28.755629999999655, 41.06716000000051], [28.983290000000125, 41.02210000000014], [29.030510000000504, 40.99359999999979], [29.249519999999393, 40.88811999999962], [29.53331000000071, 40.78609999999935], [29.924510000000737, 40.76985000000059], [29.696830000000773, 40.63685000000078], [29.721670000000813, 40.43750999999975], [29.974340000000666, 40.378679999999804], [30.375260000000708, 40.28461000000061], [30.759760000000824, 40.24691999999959], [30.79855999999927, 40.40629000000081], [31.139059999999517, 40.15660000000025], [31.669099999999162, 40.0908], [32.02472999999918, 39.9979600000006], [32.2856699999993, 40.02440000000024], [32.554700000000594, 40.03629], [32.8729000000003, 39.94908000000032], [32.856690000000526, 39.69489000000067], [32.9081299999998, 39.617959999999584], [33.333520000000135, 39.30833999999959], [33.60258000000067, 39.06295999999929], [33.70750000000044, 38.886239999999816], [33.86474000000089, 38.71609999999964], [34.046510000000126, 38.38472999999976], [34.38675999999941, 38.408550000000105], [34.71673, 38.22493000000031], [34.754259999999704, 38.0371099999993], [34.616149999999834, 37.82871999999952], [34.7484800000002, 37.65058999999928], [34.89731000000029, 37.426830000000336], [34.89069000000018, 37.08453999999983], [35.79291999999987, 36.779239999999845], [35.98452, 36.92245], [36.21330999999918, 36.7490600000001], [36.19539000000077, 36.58293000000049], [36.24311999999918, 36.43577], [36.17114000000038, 36.208660000000236], [35.78019999999924, 35.52121000000079], [35.92681000000084, 35.37882], [35.96256, 35.19621999999981], [35.88500000000022, 34.9103899999991], [36.044879999999466, 34.535939999999755], [35.82004000000052, 34.455330000000686], [35.65915999999925, 34.12644], [35.516820000000735, 33.90136999999959], [35.37845000000016, 33.5656799999997], [35.19843000000037, 33.27816999999959], [35.07577999999921, 32.927990000000136], [34.95972000000074, 32.82397999999921], [34.89749999999913, 32.50868000000082], [34.951429999999164, 32.24551000000065], [34.89553999999953, 31.962639999999737], [34.75079, 31.872160000000804], [34.55369000000064, 31.668390000000727], [34.46675999999934, 31.510039999999208], [34.23537000000033, 31.29656000000068], [33.79958000000079, 31.116589999999633], [33.42963000000054, 31.119150000000445], [33.07871999999952, 31.213309999999183], [32.85302000000047, 31.109959999999774], [32.570309999999154, 31.04577000000063], [32.19746999999916, 31.021679999999833], [31.976730000000316, 31.00695000000087], [31.612479999999778, 30.97113], [31.234800000000178, 30.911410000000615], [31.004909999999654, 30.766610000000583], [30.628710000000865, 30.774069999999483], [30.540639999999257, 30.902459999999337], [30.44844000000012, 31.01757], [30.200269999999364, 31.123390000000654], [29.914570000000822, 31.19924], [30.200269999999364, 31.123390000000654], [30.44844000000012, 31.01757], [30.628710000000865, 30.774069999999483], [30.856980000000476, 30.408980000000156], [31.13638, 30.141830000000482], [31.25869000000057, 29.86095000000023], [31.24014999999963, 29.572920000000522], [30.785459999999148, 28.87818999999945], [30.65259999999944, 28.55276000000049], [30.73171999999977, 28.398999999999432], [30.80487, 27.77052], [30.819799999999304, 27.4361200000003], [31.178900000000795, 27.178470000000743], [31.363180000000284, 26.92857], [31.594569999999294, 26.670309999999517], [31.806549999999334, 26.47176000000036], [31.903580000000147, 26.185139999999592], [32.3111200000003, 26.0015199999998], [32.65151999999944, 26.16151], [32.76642999999967, 26.011969999999565], [32.62702, 25.75894999999946], [32.54847999999947, 25.62533000000076], [32.54951000000074, 25.30105999999978], [32.87541000000056, 24.968489999999292], [32.903770000000804, 24.729639999999563], [32.89384000000064, 24.432059999999183], [32.870639999999185, 24.088379999999233], [32.86496000000079, 23.89813999999933], [32.87989000000016, 23.65481], [32.869440000000395, 23.627940000000308], [32.863470000000234, 23.538370000000214], [32.93362999999954, 23.374159999999392], [32.75251000000026, 23.175139999999374], [32.69477999999981, 23.10396000000037], [32.68341999999939, 23.046879999999874]]]}}, {"type": "Feature", "properties": {"OBJECTID": 2136, "STRETCHID": 64.0, "certainty": "solid", "Shape_Leng": 8.10856916952728}, "geometry": {"type": "MultiLineString", "coordinates": [[[12.570439999999508, 44.06472000000031], [12.249139999999898, 44.14178999999967], [11.885599999999613, 44.29113999999936], [11.705519999999524, 44.35982999999942], [11.338050000000294, 44.50012000000061], [10.938850000000457, 44.6492300000009], [10.636909999999261, 44.70593999999983], [10.32748, 44.804729999999836], [10.0567800000008, 44.87256999999954], [9.69916000000012, 45.060740000000806], [9.417299999999159, 45.312369999999646], [9.177799999999479, 45.47617], [9.670529999999417, 45.707469999999375], [10.236090000000331, 45.53817999999956], [10.60714999999982, 45.46346000000085], [10.993399999999383, 45.44104999999945], [11.552449999999226, 45.55531999999948], [11.88177, 45.408229999999094], [12.407839999999851, 45.54290000000037], [12.836419999999634, 45.7502800000002], [13.375389999999243, 45.76586999999927]]]}}, {"type": "Feature", "properties": {"OBJECTID": 2138, "STRETCHID": 65.0, "certainty": "solid", "Shape_Leng": 1.868958558169}, "geometry": {"type": "MultiLineString", "coordinates": [[[31.25869000000057, 29.86095000000023], [31.294850000000224, 30.1257999999998], [31.40976000000046, 30.33943999999974], [31.766639999999825, 30.557129999999233], [32.02722, 30.724640000000363], [32.16560000000027, 30.816899999999805], [32.570309999999154, 31.04577000000063]]]}}, {"type": "Feature", "properties": {"OBJECTID": 2139, "STRETCHID": 66.0, "certainty": "solid", "Shape_Leng": 10.2554492592644}, "geometry": {"type": "MultiLineString", "coordinates": [[[32.57049999999981, 29.958039999999528], [32.326639999999315, 30.443830000000162], [32.08801999999923, 30.538590000000113], [31.766639999999825, 30.557129999999233], [31.649750000000495, 30.447759999999107], [31.40976000000046, 30.33943999999974], [31.294850000000224, 30.1257999999998], [31.234370000000126, 30.034279999999853], [31.318209999999453, 29.73925000000054], [31.25235000000066, 29.407709999999497], [31.077499999999418, 29.03643000000011], [30.95372999999927, 28.8740600000001], [30.8770999999997, 28.65726], [30.785690000000614, 28.367659999999887], [30.913989999999103, 27.918030000000726], [30.881799999999203, 27.805560000000696], [30.902640000000247, 27.628500000000713], [31.150159999999232, 27.313990000000558], [31.26257000000078, 27.16979], [31.431749999999738, 27.008560000000216], [31.521450000000186, 26.90524], [31.553239999999278, 26.778070000000298], [31.745300000000498, 26.554799999999886], [31.81778999999915, 26.544169999999212], [32.307090000000244, 26.045179999999164], [32.76642999999967, 26.011969999999565], [32.747699999999895, 25.911739999999554], [32.6527100000003, 25.70231000000058], [32.5660399999997, 25.302019999999175], [32.89871999999923, 24.96251999999913], [32.93855000000076, 24.46738], [32.89773000000059, 24.07769], [32.88623, 24.01785000000018], [32.89530999999988, 23.62954], [32.897580000000744, 23.54891999999927], [32.77836000000025, 23.15947000000051], [32.68341999999939, 23.046879999999874]]]}}, {"type": "Feature", "properties": {"OBJECTID": 2140, "STRETCHID": 67.0, "certainty": "solid", "Shape_Leng": 0.692177197322654}, "geometry": {"type": "MultiLineString", "coordinates": [[[32.570309999999154, 31.04577000000063], [32.44478999999956, 30.973079999999754], [32.398660000000746, 30.835510000000795], [32.37033999999949, 30.545799999999872], [32.326639999999315, 30.443830000000162]]]}}, {"type": "Feature", "properties": {"OBJECTID": 2141, "STRETCHID": 68.0, "certainty": "solid", "Shape_Leng": 3.47008443558676}, "geometry": {"type": "MultiLineString", "coordinates": [[[32.80521000000044, 26.007439999999406], [33.11038, 25.88524999999936], [33.39563000000089, 25.753389999999854], [33.6248599999999, 25.60646000000088], [33.81797999999981, 25.395339999999123], [34.0336499999994, 25.213700000000244], [34.22918000000027, 24.92616000000089], [34.42843, 24.730719999999565], [34.734119999999166, 24.53327], [35.04616999999962, 24.38832], [35.23939000000064, 24.17225999999937], [35.48034, 23.902]]]}}, {"type": "Feature", "properties": {"OBJECTID": 2142, "STRETCHID": 69.0, "certainty": "solid", "Shape_Leng": 0.811626399275336}, "geometry": {"type": "MultiLineString", "coordinates": [[[26.5668399999995, 41.68241999999918], [26.524859999999535, 42.492959999999584]]]}}, {"type": "Feature", "properties": {"OBJECTID": 2143, "STRETCHID": 70.0, "certainty": "solid", "Shape_Leng": 2.60385073012985}, "geometry": {"type": "MultiLineString", "coordinates": [[[26.493459999999686, 41.36413999999968], [26.037169999999605, 40.86341999999968], [27.0665599999993, 40.97621000000072], [27.512590000000273, 40.98562999999922], [27.95727000000079, 40.97874000000047]]]}}, {"type": "Feature", "properties": {"OBJECTID": 2144, "STRETCHID": 71.0, "certainty": "solid", "Shape_Leng": 4.01179820175565}, "geometry": {"type": "MultiLineString", "coordinates": [[[36.504549999999654, 38.031230000000505], [36.92149000000063, 38.42992000000049], [37.33280999999988, 38.24460999999974], [37.662710000000516, 38.304980000000796], [37.973299999999654, 38.349239999999554], [38.37104, 38.4309200000007], [37.392729999999574, 39.23891999999978], [37.149310000000696, 39.40339999999924], [37.03172000000086, 39.75000999999975]]]}}, {"type": "Feature", "properties": {"OBJECTID": 2145, "STRETCHID": 72.0, "certainty": "solid", "Shape_Leng": 4.3188346411359}, "geometry": {"type": "MultiLineString", "coordinates": [[[36.504549999999654, 38.031230000000505], [36.92149000000063, 38.42992000000049], [36.330229999999574, 38.33859999999913], [36.51506999999947, 38.49039000000084], [35.88399000000027, 38.62387999999919], [35.501179999999295, 38.72139000000061], [35.87422999999944, 39.029350000000704], [36.07299000000057, 39.187879999999495], [36.41892, 39.35363999999936], [36.73478000000068, 39.4757699999991], [37.03172000000086, 39.75000999999975]]]}}, {"type": "Feature", "properties": {"OBJECTID": 2146, "STRETCHID": 73.0, "certainty": "solid", "Shape_Leng": 2.87719147592846}, "geometry": {"type": "MultiLineString", "coordinates": [[[36.504549999999654, 38.031230000000505], [36.92149000000063, 38.42992000000049], [36.330229999999574, 38.33859999999913], [36.51506999999947, 38.49039000000084], [36.403480000000854, 38.73454999999922], [36.75583999999981, 39.277830000000904], [37.03172000000086, 39.75000999999975]]]}}, {"type": "Feature", "properties": {"OBJECTID": 2147, "STRETCHID": 74.0, "certainty": "solid", "Shape_Leng": 4.32859200370313}, "geometry": {"type": "MultiLineString", "coordinates": [[[36.9218, 38.25580000000082], [36.75583999999981, 39.277830000000904], [37.0982299999996, 39.4113099999995], [37.31492000000071, 39.57251999999971], [37.55652999999984, 39.87145000000055], [37.76388000000043, 39.89842999999928], [37.98479000000043, 40.18737999999939], [38.14696999999978, 40.152029999999286], [38.5993899999994, 40.06775000000016], [38.94561000000067, 40.01642999999967], [39.33569999999963, 39.96356999999989], [39.65951999999925, 40.01927000000069]]]}}, {"type": "Feature", "properties": {"OBJECTID": 2149, "STRETCHID": 74.0, "certainty": "solid", "Shape_Leng": 2.11417896299039}, "geometry": {"type": "MultiLineString", "coordinates": [[[36.93086000000039, 37.58970000000045], [37.314329999999245, 37.402249999999185], [37.36570000000029, 37.16855000000032], [37.87499000000025, 37.0596800000003], [38.17699999999968, 37.13318000000072], [38.79294999999911, 37.15786999999909]]]}}, {"type": "Feature", "properties": {"OBJECTID": 2150, "STRETCHID": 76.0, "certainty": "solid", "Shape_Leng": 2.08148862721443}, "geometry": {"type": "MultiLineString", "coordinates": [[[36.93086000000039, 37.58970000000045], [37.338840000000346, 37.469639999999345], [37.85492999999951, 37.56869999999981], [38.22678000000087, 37.510120000000825], [38.51768000000084, 37.529780000000756], [38.79294999999911, 37.15786999999909]]]}}, {"type": "Feature", "properties": {"OBJECTID": 2151, "STRETCHID": 77.0, "certainty": "solid", "Shape_Leng": 1.67472577252865}, "geometry": {"type": "MultiLineString", "coordinates": [[[36.17114000000038, 36.208660000000236], [36.4051, 35.41829999999936], [36.57753000000048, 35.26143000000047], [36.7474000000002, 35.14521000000059], [36.72779000000082, 34.94204], [36.7176500000005, 34.73487000000023]]]}}, {"type": "Feature", "properties": {"OBJECTID": 2152, "STRETCHID": 78.0, "certainty": "solid", "Shape_Leng": 2.0544175403983}, "geometry": {"type": "MultiLineString", "coordinates": [[[36.93086000000039, 37.58970000000045], [37.36570000000029, 37.16855000000032], [37.87499000000025, 37.0596800000003], [38.17699999999968, 37.13318000000072], [38.4036500000002, 37.1592099999998], [38.79294999999911, 37.15786999999909]]]}}, {"type": "Feature", "properties": {"OBJECTID": 2154, "STRETCHID": 79.0, "certainty": "solid", "Shape_Leng": 2.05665850297202}, "geometry": {"type": "MultiLineString", "coordinates": [[[36.91367, 36.78231000000051], [37.1203000000005, 36.722750000000815], [37.41740000000027, 36.81617], [37.87499000000025, 37.0596800000003], [38.17699999999968, 37.13318000000072], [38.42362999999932, 36.97921999999926], [38.79294999999911, 37.15786999999909]]]}}, {"type": "Feature", "properties": {"OBJECTID": 2155, "STRETCHID": 80.0, "certainty": "solid", "Shape_Leng": 2.26538781692037}, "geometry": {"type": "MultiLineString", "coordinates": [[[36.634830000000875, 37.03975999999966], [36.70987000000059, 37.18065000000024], [36.88904999999977, 37.19137000000046], [37.36570000000029, 37.16855000000032], [37.87499000000025, 37.0596800000003], [38.17699999999968, 37.13318000000072], [38.4036500000002, 37.1592099999998], [38.79294999999911, 37.15786999999909]]]}}, {"type": "Feature", "properties": {"OBJECTID": 2156, "STRETCHID": 81.0, "certainty": "solid", "Shape_Leng": 1.90363255028942}, "geometry": {"type": "MultiLineString", "coordinates": [[[37.164709999999104, 36.22809000000052], [37.54249999999956, 36.40889000000061], [37.94883999999911, 36.545790000000125], [38.19691000000057, 36.73193999999967], [38.4236, 36.97964999999931], [38.79294999999911, 37.15786999999909]]]}}, {"type": "Feature", "properties": {"OBJECTID": 2157, "STRETCHID": 82.0, "certainty": "solid", "Shape_Leng": 1.25181168117042}, "geometry": {"type": "MultiLineString", "coordinates": [[[39.021090000000186, 36.876759999999194], [38.42362999999932, 36.97921999999926], [38.19691000000057, 36.73193999999967], [37.94883999999911, 36.545790000000125]]]}}, {"type": "Feature", "properties": {"OBJECTID": 2158, "STRETCHID": 83.0, "certainty": "solid", "Shape_Leng": 2.18429146853149}, "geometry": {"type": "MultiLineString", "coordinates": [[[36.7176500000005, 34.73487000000023], [36.72779000000082, 34.94204], [36.7474000000002, 35.14521000000059], [36.993759999999384, 35.994329999999536], [37.14948999999979, 36.219310000000405], [37.05751000000055, 36.53591000000051], [36.91367, 36.78231000000051]]]}}, {"type": "Feature", "properties": {"OBJECTID": 2159, "STRETCHID": 84.0, "certainty": "solid", "Shape_Leng": 2.59867974512364}, "geometry": {"type": "MultiLineString", "coordinates": [[[37.36570000000029, 37.16855000000032], [37.271090000000186, 36.885949999999866], [36.91367, 36.78231000000051], [37.05751000000055, 36.53591000000051], [37.14948999999979, 36.219310000000405], [36.99351000000024, 35.99390999999923], [37.35308000000077, 35.543540000000576], [37.77881999999954, 35.361290000000736]]]}}, {"type": "Feature", "properties": {"OBJECTID": 2160, "STRETCHID": 85.0, "certainty": "solid", "Shape_Leng": 1.35607692003531}, "geometry": {"type": "MultiLineString", "coordinates": [[[37.164709999999104, 36.22809000000052], [36.99351000000024, 35.99390999999923], [36.72809000000052, 35.64552999999978], [36.4051, 35.41829999999936], [36.57753000000048, 35.26143000000047]]]}}, {"type": "Feature", "properties": {"OBJECTID": 2161, "STRETCHID": 86.0, "certainty": "solid", "Shape_Leng": 2.4564472002978}, "geometry": {"type": "MultiLineString", "coordinates": [[[36.799119999999675, 33.84469], [36.74727999999959, 33.80256999999983], [36.69867999999951, 33.64704999999958], [36.312159999999494, 33.51353000000017], [36.1867000000002, 33.07986999999957], [36.049880000000485, 32.89783999999963], [35.85560000000078, 32.61032999999952], [35.6797600000009, 32.6601699999992], [35.5036999999993, 32.50797000000057], [35.39552999999978, 32.33509000000049], [35.264359999999215, 32.22351999999955]]]}}, {"type": "Feature", "properties": {"OBJECTID": 2163, "STRETCHID": 87.0, "certainty": "solid", "Shape_Leng": 4.19365025525139}, "geometry": {"type": "MultiLineString", "coordinates": [[[35.5036999999993, 32.50797000000057], [35.6797600000009, 32.6601699999992], [35.85560000000078, 32.61032999999952], [36.049880000000485, 32.89783999999963], [36.1867000000002, 33.07986999999957], [36.312159999999494, 33.51353000000017], [36.12687, 33.62946000000011], [36.20336999999927, 34.01548999999977], [36.364229999999225, 34.199360000000524], [36.539629999999306, 34.55953000000045], [36.7176500000005, 34.73487000000023], [37.04212, 35.025079999999434], [37.77881999999954, 35.361290000000736]]]}}, {"type": "Feature", "properties": {"OBJECTID": 2164, "STRETCHID": 88.0, "certainty": "solid", "Shape_Leng": 0.900799105060772}, "geometry": {"type": "MultiLineString", "coordinates": [[[34.89749999999913, 32.50868000000082], [34.951429999999164, 32.24551000000065], [34.89553999999953, 31.962639999999737], [34.894500000000335, 31.618819999999687]]]}}, {"type": "Feature", "properties": {"OBJECTID": 2165, "STRETCHID": 89.0, "certainty": "solid", "Shape_Leng": 1.51145882772412}, "geometry": {"type": "MultiLineString", "coordinates": [[[36.312159999999494, 33.51353000000017], [36.12687, 33.62946000000011], [36.20336999999927, 34.01548999999977], [36.42319999999927, 34.26368], [36.539629999999306, 34.55953000000045], [36.7176500000005, 34.73487000000023]]]}}, {"type": "Feature", "properties": {"OBJECTID": 2166, "STRETCHID": 88.0, "certainty": "solid", "Shape_Leng": 1.16066600800256}, "geometry": {"type": "MultiLineString", "coordinates": [[[34.55369000000064, 31.668390000000727], [34.894500000000335, 31.618819999999687], [35.236950000000434, 31.79176], [35.264359999999215, 32.22351999999955]]]}}, {"type": "Feature", "properties": {"OBJECTID": 2167, "STRETCHID": 90.0, "certainty": "solid", "Shape_Leng": 1.76477521820871}, "geometry": {"type": "MultiLineString", "coordinates": [[[32.8729000000003, 39.94908000000032], [32.61319, 40.14281999999912], [32.45355000000018, 40.33520999999928], [32.2447800000009, 40.46414999999979], [32.19565999999941, 40.80595], [31.598980000000665, 40.74221000000034]]]}}, {"type": "Feature", "properties": {"OBJECTID": 2168, "STRETCHID": 91.0, "certainty": "solid", "Shape_Leng": 1.50354452383479}, "geometry": {"type": "MultiLineString", "coordinates": [[[31.575709999999162, 39.34865], [31.617260000000897, 39.51427999999942], [32.001539999999295, 39.667750000000524], [32.471480000000156, 39.77839999999924], [32.8729000000003, 39.94908000000032]]]}}, {"type": "Feature", "properties": {"OBJECTID": 2169, "STRETCHID": 93.0, "certainty": "solid", "Shape_Leng": 1.66182400108227}, "geometry": {"type": "MultiLineString", "coordinates": [[[35.501179999999295, 38.72139000000061], [35.11554000000069, 38.9118899999994], [34.929949999999735, 39.06774000000041], [34.62299999999959, 39.29498000000058], [34.4678899999999, 39.63141999999971], [34.53477000000021, 39.85874999999942]]]}}, {"type": "Feature", "properties": {"OBJECTID": 2170, "STRETCHID": 94.0, "certainty": "solid", "Shape_Leng": 2.4647563084207}, "geometry": {"type": "MultiLineString", "coordinates": [[[32.8729000000003, 39.94908000000032], [32.471480000000156, 39.77839999999924], [32.001539999999295, 39.667750000000524], [31.617260000000897, 39.51427999999942], [31.134729999999763, 39.68671], [30.52853999999934, 39.81473]]]}}, {"type": "Feature", "properties": {"OBJECTID": 2171, "STRETCHID": 95.0, "certainty": "solid", "Shape_Leng": 1.71076514577608}, "geometry": {"type": "MultiLineString", "coordinates": [[[32.8729000000003, 39.94908000000032], [33.29512000000068, 39.989589999999225], [33.54091999999946, 39.88376000000062], [33.79889, 39.97157999999945], [34.14316999999937, 39.94636], [34.53477000000021, 39.85874999999942]]]}}, {"type": "Feature", "properties": {"OBJECTID": 2172, "STRETCHID": 96.0, "certainty": "solid", "Shape_Leng": 2.53171471649197}, "geometry": {"type": "MultiLineString", "coordinates": [[[37.03172000000086, 39.75000999999975], [36.44096, 39.82402], [35.85208000000057, 39.742089999999735], [35.43289999999979, 39.6856800000005], [35.18637999999919, 39.75744999999915], [34.894500000000335, 39.83256000000074], [34.53477000000021, 39.85874999999942]]]}}, {"type": "Feature", "properties": {"OBJECTID": 2173, "STRETCHID": 97.0, "certainty": "solid", "Shape_Leng": 2.67193363921743}, "geometry": {"type": "MultiLineString", "coordinates": [[[37.03172000000086, 39.75000999999975], [36.603549999999814, 39.864120000000185], [36.49728999999934, 40.09029999999984], [36.094460000000254, 39.99983000000066], [34.53477000000021, 39.85874999999942]]]}}, {"type": "Feature", "properties": {"OBJECTID": 2174, "STRETCHID": 98.0, "certainty": "solid", "Shape_Leng": 3.18911983224595}, "geometry": {"type": "MultiLineString", "coordinates": [[[32.8729000000003, 39.94908000000032], [32.856690000000526, 39.69489000000067], [32.9081299999998, 39.617959999999584], [33.333520000000135, 39.30833999999959], [33.60258000000067, 39.06295999999929], [33.957399999999325, 38.94837], [34.85353000000032, 38.71794000000045], [35.24954000000071, 38.76231999999982], [35.501179999999295, 38.72139000000061]]]}}, {"type": "Feature", "properties": {"OBJECTID": 2176, "STRETCHID": 99.0, "certainty": "solid", "Shape_Leng": 4.6746912025446}, "geometry": {"type": "MultiLineString", "coordinates": [[[35.501179999999295, 38.72139000000061], [35.87422999999944, 39.029350000000704], [36.07299000000057, 39.187879999999495], [36.41892, 39.35363999999936], [36.73478000000068, 39.4757699999991], [37.03172000000086, 39.75000999999975], [37.40860000000066, 39.84690000000046], [37.76388000000043, 39.89842999999928], [37.98479000000043, 40.18737999999939], [38.14696999999978, 40.152029999999286], [38.5993899999994, 40.06775000000016], [39.33569999999963, 39.96356999999989], [39.65951999999925, 40.01927000000069]]]}}, {"type": "Feature", "properties": {"OBJECTID": 2178, "STRETCHID": 100.0, "certainty": "solid", "Shape_Leng": 4.335593379102631}, "geometry": {"type": "MultiLineString", "coordinates": [[[39.65951999999925, 40.01927000000069], [39.4690300000002, 40.05444999999963], [39.13788000000022, 40.126140000000305], [38.9317800000008, 39.91071000000011], [38.76411, 39.725899999999456], [38.591780000000654, 39.53197], [38.39150999999947, 39.41106000000036], [38.32956000000013, 39.17483], [38.61385999999948, 39.02938], [38.763090000000375, 38.94054999999935], [38.388020000000324, 38.69080000000031], [38.37104, 38.4309200000007], [38.699210000000676, 38.15294999999969], [38.60702999999921, 37.98908999999912], [38.30761999999959, 37.79708000000028], [38.51768000000084, 37.529780000000756]]]}}, {"type": "Feature", "properties": {"OBJECTID": 2179, "STRETCHID": 100.0, "certainty": "solid", "Shape_Leng": 3.61109495860118}, "geometry": {"type": "MultiLineString", "coordinates": [[[35.501179999999295, 38.72139000000061], [35.88399000000027, 38.62387999999919], [36.51506999999947, 38.49039000000084], [36.330229999999574, 38.33859999999913], [36.468769999999495, 38.21083], [36.92149000000063, 38.42992000000049], [36.9218, 38.25580000000082], [37.33280999999988, 38.24460999999974], [37.662710000000516, 38.304980000000796], [37.973299999999654, 38.349239999999554], [38.37104, 38.4309200000007]]]}}, {"type": "Feature", "properties": {"OBJECTID": 2180, "STRETCHID": 101.0, "certainty": "solid", "Shape_Leng": 2.64902623721823}, "geometry": {"type": "MultiLineString", "coordinates": [[[35.501179999999295, 38.72139000000061], [35.88399000000027, 38.62387999999919], [36.51506999999947, 38.49039000000084], [36.330229999999574, 38.33859999999913], [36.468769999999495, 38.21083], [36.504549999999654, 38.031230000000505], [36.101150000000416, 37.37206999999944], [35.9126899999992, 37.24847000000045]]]}}, {"type": "Feature", "properties": {"OBJECTID": 2182, "STRETCHID": 102.0, "certainty": "solid", "Shape_Leng": 2.94556441157749}, "geometry": {"type": "MultiLineString", "coordinates": [[[36.504549999999654, 38.031230000000505], [36.92149000000063, 38.42992000000049], [36.330229999999574, 38.33859999999913], [36.51506999999947, 38.49039000000084], [36.403480000000854, 38.73454999999922], [36.676830000000336, 38.93999000000076], [36.75583999999981, 39.277830000000904], [36.962359999999535, 39.45901000000049], [37.03172000000086, 39.75000999999975]]]}}, {"type": "Feature", "properties": {"OBJECTID": 2183, "STRETCHID": 103.0, "certainty": "solid", "Shape_Leng": 3.78405101010933}, "geometry": {"type": "MultiLineString", "coordinates": [[[36.9218, 38.25580000000082], [36.92149000000063, 38.42992000000049], [36.330229999999574, 38.33859999999913], [36.51506999999947, 38.49039000000084], [36.403480000000854, 38.73454999999922], [36.676830000000336, 38.93999000000076], [37.03172000000086, 39.75000999999975], [37.40860000000066, 39.84690000000046], [37.76346000000012, 39.89834999999948], [37.98479000000043, 40.18737999999939], [38.14696999999978, 40.152029999999286]]]}}, {"type": "Feature", "properties": {"OBJECTID": 2184, "STRETCHID": 104.0, "certainty": "solid", "Shape_Leng": 2.97030274258417}, "geometry": {"type": "MultiLineString", "coordinates": [[[36.094460000000254, 39.99983000000066], [36.49728999999934, 40.09029999999984], [36.603549999999814, 39.864120000000185], [37.03172000000086, 39.75000999999975], [36.73478000000068, 39.4757699999991], [36.41892, 39.35363999999936], [36.07299000000057, 39.187879999999495], [35.87422999999944, 39.029350000000704], [35.501179999999295, 38.72139000000061]]]}}, {"type": "Feature", "properties": {"OBJECTID": 2185, "STRETCHID": 105.0, "certainty": "solid", "Shape_Leng": 0.751002135355101}, "geometry": {"type": "MultiLineString", "coordinates": [[[36.504549999999654, 38.031230000000505], [36.92149000000063, 38.42992000000049], [36.9218, 38.25580000000082]]]}}, {"type": "Feature", "properties": {"OBJECTID": 2186, "STRETCHID": 106.0, "certainty": "solid", "Shape_Leng": 2.21731069640366}, "geometry": {"type": "MultiLineString", "coordinates": [[[36.504549999999654, 38.031230000000505], [36.92149000000063, 38.42992000000049], [36.9218, 38.25580000000082], [37.33280999999988, 38.24460999999974], [37.662710000000516, 38.304980000000796], [37.973299999999654, 38.349239999999554], [38.37104, 38.4309200000007]]]}}, {"type": "Feature", "properties": {"OBJECTID": 2187, "STRETCHID": 107.0, "certainty": "solid", "Shape_Leng": 1.31373256560655}, "geometry": {"type": "MultiLineString", "coordinates": [[[38.37104, 38.4309200000007], [38.699210000000676, 38.15294999999969], [38.60702999999921, 37.98908999999912], [38.30761999999959, 37.79708000000028], [38.51768000000084, 37.529780000000756]]]}}, {"type": "Feature", "properties": {"OBJECTID": 2189, "STRETCHID": 108.0, "certainty": "solid", "Shape_Leng": 1.82031648743454}, "geometry": {"type": "MultiLineString", "coordinates": [[[37.98479000000043, 40.18737999999939], [38.5993899999994, 40.06775000000016], [38.9317800000008, 39.91071000000011], [39.13788000000022, 40.126140000000305], [39.4690300000002, 40.05444999999963], [39.65634999999929, 40.02513]]]}}, {"type": "Feature", "properties": {"OBJECTID": 2190, "STRETCHID": 109.0, "certainty": "solid", "Shape_Leng": 1.24358193039175}, "geometry": {"type": "MultiLineString", "coordinates": [[[39.65634999999929, 40.02513], [39.65425999999934, 40.208269999999175], [39.58666000000085, 40.425170000000435], [39.413769999999204, 40.525260000000344], [39.36916000000019, 40.594859999999244], [39.61678000000029, 40.8083800000004], [39.73472000000038, 40.9986200000003]]]}}, {"type": "Feature", "properties": {"OBJECTID": 2191, "STRETCHID": 110.0, "certainty": "solid", "Shape_Leng": 18.1125076463702}, "geometry": {"type": "MultiLineString", "coordinates": [[[21.23301, 44.736650000000736], [21.63076, 44.6603099999993], [21.890590000000884, 44.640260000000126], [22.14574999999968, 44.46277999999984], [22.440839999999298, 44.45965000000069], [22.504010000000562, 44.242920000000595], [22.73559000000023, 44.18980999999985], [22.89379, 44.00800999999956], [22.91070000000036, 43.82214000000022], [23.258459999999104, 43.834059999999226], [23.529130000000805, 43.80311000000074], [23.81977, 43.75623000000087], [23.999869999999646, 43.725689999999304], [24.298650000000634, 43.69064000000071], [24.481610000000728, 43.70074000000022], [24.728510000000824, 43.66961000000083], [24.882379999999102, 43.706099999999424], [25.086349999999584, 43.618899999999485], [25.383190000000468, 43.61692000000039], [25.7453600000008, 43.65971], [25.826489999999467, 43.72991], [25.968539999999848, 43.851049999999304], [26.100829999999405, 43.927960000000894], [26.249519999999393, 43.988939999999275], [26.645619999999326, 44.0553], [26.883169999999154, 44.11665], [27.11708, 44.133560000000216], [27.25980999999956, 44.11974], [27.560919999999896, 44.17598999999973], [28.02925999999934, 44.32324999999946], [28.05793000000085, 44.54191], [27.95223000000078, 44.70612000000074], [28.0915100000002, 44.79709], [28.16990000000078, 44.926110000000335], [28.194149999999354, 45.16212000000087], [28.135519999999815, 45.264939999999115], [28.12482000000091, 45.40148000000045], [28.511200000000827, 45.26448999999957], [28.812480000000505, 45.18018999999913], [29.106260000000475, 45.07817000000068], [29.148080000000846, 45.00897000000077], [28.769599999999627, 44.55405000000064], [28.642830000000686, 44.19118999999955], [28.567940000000817, 43.82560999999987], [28.384179999999105, 43.64068000000043], [28.162959999999657, 43.41747000000032], [27.908069999999498, 43.2133900000008], [27.435960000000705, 43.313490000000456], [27.673800000000483, 42.90802000000076], [27.63463000000047, 42.573739999999816], [27.303910000000542, 42.40336000000025], [27.30934999999954, 42.14468999999917], [27.330400000000736, 41.87189000000035], [26.95356, 41.519060000000536], [27.099089999999705, 41.4381400000002], [27.35938999999962, 41.42022], [27.55307999999968, 41.29898999999932], [27.80357, 41.174440000000686], [27.95727000000079, 40.97874000000047], [28.17475999999988, 41.2338], [28.755629999999655, 41.06716000000051], [28.983290000000125, 41.02210000000014], [29.249519999999393, 40.88811999999962], [29.53331000000071, 40.78609999999935], [29.924510000000737, 40.76985000000059]]]}}, {"type": "Feature", "properties": {"OBJECTID": 2192, "STRETCHID": 111.0, "certainty": "solid", "Shape_Leng": 1.25643424246936}, "geometry": {"type": "MultiLineString", "coordinates": [[[25.64405000000079, 42.43644999999924], [26.179739999999583, 41.90367999999944], [26.206120000000737, 41.7789300000004], [26.5668399999995, 41.68241999999918]]]}}, {"type": "Feature", "properties": {"OBJECTID": 2194, "STRETCHID": 112.0, "certainty": "solid", "Shape_Leng": 18.4170515528273}, "geometry": {"type": "MultiLineString", "coordinates": [[[19.611689999999726, 44.97171999999955], [19.194030000000566, 45.15577999999914], [18.79978999999912, 45.27505000000019], [18.67222000000038, 45.549479999999676], [18.654829999999492, 45.82891000000018], [18.282030000000304, 46.09066999999959], [17.82018000000062, 46.066070000000764], [17.410260000000562, 46.32568999999967], [17.25448999999935, 46.689150000000154], [17.30913999999939, 47.14006999999947], [16.62162999999964, 47.233179999999265], [16.600070000000414, 47.69226999999955], [16.483829999999216, 47.92985000000044], [16.377780000000712, 48.21473999999944], [16.054019999999582, 48.33005000000048], [15.62846, 48.2086], [15.20405000000028, 48.20968999999968], [14.800409999999829, 48.102020000000266], [14.46443999999974, 48.2236699999994], [14.031699999999546, 48.16193000000021], [13.218919999999343, 47.92713], [13.061139999999796, 47.80481999999938], [12.476539999999659, 47.94475000000057], [12.118169999999736, 47.883270000000266], [11.741640000000189, 47.934839999999895], [11.23409, 48.14300999999978], [10.88923000000068, 48.372300000000905], [10.627399999999398, 48.06922999999915], [10.33093, 47.74035], [10.068639999999505, 47.692660000000615], [9.717510000000402, 47.5027599999994], [9.422560000000885, 47.51584999999977], [8.960559999999532, 47.5982299999996], [8.21349999999984, 47.504150000000664], [7.572229999999763, 47.55256], [7.593969999999899, 48.04190000000017], [7.765250000000378, 48.593590000000404], [7.393439999999828, 48.74988999999914], [6.9363400000002, 48.800709999999526], [6.18608999999924, 49.121940000000905], [6.672590000000127, 49.7556399999994]]]}}, {"type": "Feature", "properties": {"OBJECTID": 2195, "STRETCHID": 113.0, "certainty": "solid", "Shape_Leng": 23.7575203386051}, "geometry": {"type": "MultiLineString", "coordinates": [[[20.41983000000073, 44.8386900000005], [20.32143, 45.07289999999921], [20.260420000000522, 45.13508], [19.883169999999154, 45.251720000000205], [19.605059999999867, 45.20550999999978], [19.405940000000555, 45.22509], [19.08036, 45.296879999999874], [18.981079999999565, 45.49207000000024], [18.67222000000038, 45.549479999999676], [18.82020999999986, 45.8111200000003], [18.654829999999492, 45.82891000000018], [18.73511999999937, 45.93267999999989], [18.711339999999836, 46.06690999999955], [18.69256999999925, 46.25482000000011], [18.68952999999965, 46.34903999999915], [18.78187000000071, 46.45154999999977], [18.87837000000036, 46.66444000000047], [18.914930000000822, 46.898769999999786], [18.926589999999123, 46.97818999999981], [18.853220000000874, 47.131100000000515], [18.9113899999993, 47.330659999999625], [18.981289999999717, 47.39752000000044], [19.044659999999567, 47.568999999999505], [18.811100000000806, 47.68622999999934], [18.53149999999914, 47.747009999999136], [18.27925999999934, 47.72573999999986], [18.144930000000386, 47.738320000000385], [17.911529999999402, 47.72877999999946], [17.6289799999995, 47.686509999999544], [17.422239999999874, 47.77436999999918], [17.286630000000514, 47.867449999999735], [17.13676999999916, 48.10119999999915], [16.915709999999308, 48.120569999999134], [16.608039999999164, 48.11521999999968], [16.482270000000426, 48.1520500000006], [16.377780000000712, 48.21473999999944], [16.054019999999582, 48.33005000000048], [15.62846, 48.2086], [15.20405000000028, 48.20968999999968], [14.800409999999829, 48.102020000000266], [14.46443999999974, 48.2236699999994], [14.031699999999546, 48.16193000000021], [13.8817, 48.42168999999922], [13.769259999999122, 48.464239999999336], [13.487259999999878, 48.56837000000087], [13.08993, 48.67207000000053], [12.544509999999718, 48.87147], [12.102070000000822, 49.01343000000088], [11.768239999999423, 48.84783000000061], [11.520339999999123, 48.71647999999914], [10.790960000000268, 48.64049999999952], [10.88923000000068, 48.372300000000905], [10.274310000000696, 48.452079999999114], [10.14667, 48.117780000000494], [10.33093, 47.74035], [10.068639999999505, 47.692660000000615], [9.717510000000402, 47.5027599999994], [9.422560000000885, 47.51584999999977], [8.960559999999532, 47.5982299999996], [8.773010000000795, 47.500850000000355], [8.21349999999984, 47.504150000000664], [7.728320000000167, 47.54407], [7.572570000000269, 47.55256], [7.32726, 47.958339999999225], [7.593969999999899, 48.04190000000017], [7.628249999999753, 48.375819999999294], [7.765250000000378, 48.593590000000404], [7.720369999999093, 48.73888000000079], [7.990190000000439, 49.05696999999964], [8.445009999999456, 49.31603], [7.918449999999211, 49.95770000000084], [7.58064000000013, 50.231369999999515], [7.373470000000452, 50.44699000000037], [7.083940000000439, 50.7428], [6.946200000000317, 50.9429], [6.95608, 50.97019], [6.84015, 51.1052], [6.696079999999711, 51.18461000000025], [6.669959999999264, 51.32704999999987], [6.56662999999935, 51.58538000000044], [6.456469999999172, 51.63933999999972], [6.333070000000589, 51.744880000000194], [6.200639999999112, 51.819439999999304]]]}}, {"type": "Feature", "properties": {"OBJECTID": 2196, "STRETCHID": 114.0, "certainty": "solid", "Shape_Leng": 4.413480839434971}, "geometry": {"type": "MultiLineString", "coordinates": [[[14.46443999999974, 48.2236699999994], [14.031699999999546, 48.16193000000021], [13.218919999999343, 47.92713], [13.061139999999796, 47.80481999999938], [12.476539999999659, 47.94475000000057], [12.118169999999736, 47.883270000000266], [11.741640000000189, 47.934839999999895], [11.23409, 48.14300999999978], [11.166030000000319, 47.75359000000026], [11.096589999999196, 47.496610000000146], [11.392180000000735, 47.26447999999982]]]}}, {"type": "Feature", "properties": {"OBJECTID": 2197, "STRETCHID": 115.0, "certainty": "solid", "Shape_Leng": 5.29931974453257}, "geometry": {"type": "MultiLineString", "coordinates": [[[9.717510000000402, 47.5027599999994], [10.068639999999505, 47.692660000000615], [10.33093, 47.74035], [10.627399999999398, 48.06922999999915], [10.88923000000068, 48.372300000000905], [11.23409, 48.14300999999978], [11.741640000000189, 47.934839999999895], [12.118169999999736, 47.883270000000266], [12.476539999999659, 47.94475000000057], [13.061139999999796, 47.80481999999938], [13.218919999999343, 47.92713], [14.031699999999546, 48.16193000000021], [14.46443999999974, 48.2236699999994]]]}}, {"type": "Feature", "properties": {"OBJECTID": 2198, "STRETCHID": 116.0, "certainty": "solid", "Shape_Leng": 1.16069551958414}, "geometry": {"type": "MultiLineString", "coordinates": [[[12.118169999999736, 47.883270000000266], [12.190230000000156, 48.170790000000125], [12.23051999999916, 48.60632000000078], [12.102070000000822, 49.01343000000088]]]}}, {"type": "Feature", "properties": {"OBJECTID": 2199, "STRETCHID": 117.0, "certainty": "solid", "Shape_Leng": 1.17156601924416}, "geometry": {"type": "MultiLineString", "coordinates": [[[11.392180000000735, 47.26447999999982], [11.88466999999946, 47.43528999999944], [12.210380000000441, 47.62700000000041], [12.118169999999736, 47.883270000000266]]]}}, {"type": "Feature", "properties": {"OBJECTID": 2200, "STRETCHID": 118.0, "certainty": "solid", "Shape_Leng": 5.31540694786197}, "geometry": {"type": "MultiLineString", "coordinates": [[[14.505479999999807, 46.056249999999636], [14.9987, 45.91309], [15.487349999999424, 45.92988999999943], [15.9699, 45.7175299999999], [16.373649999999543, 45.47401], [16.81521000000066, 45.485420000000886], [17.311390000000756, 45.43225999999959], [17.715539999999237, 45.40395999999964], [18.0517, 45.35715999999957], [18.3395, 45.305679999999484], [18.487189999999828, 45.25806999999986], [18.79978999999912, 45.27505000000019], [19.194030000000566, 45.15577999999914], [19.611689999999726, 44.97171999999955]]]}}, {"type": "Feature", "properties": {"OBJECTID": 2201, "STRETCHID": 119.0, "certainty": "solid", "Shape_Leng": 2.47257466039416}, "geometry": {"type": "MultiLineString", "coordinates": [[[16.377780000000712, 48.21473999999944], [16.23934999999983, 48.02108000000044], [16.600070000000414, 47.69226999999955], [16.62162999999964, 47.233179999999265], [16.545089999999618, 46.98737000000074], [16.414670000000115, 46.517509999999675], [15.882180000000517, 46.417709999999715]]]}}, {"type": "Feature", "properties": {"OBJECTID": 2202, "STRETCHID": 120.0, "certainty": "solid", "Shape_Leng": 2.28894417046394}, "geometry": {"type": "MultiLineString", "coordinates": [[[15.882180000000517, 46.417709999999715], [16.414670000000115, 46.517509999999675], [16.57647999999972, 46.85064000000057], [16.62162999999964, 47.233179999999265], [16.600070000000414, 47.69226999999955], [16.915709999999308, 48.120569999999134]]]}}, {"type": "Feature", "properties": {"OBJECTID": 2203, "STRETCHID": 121.0, "certainty": "solid", "Shape_Leng": 1.64997062896194}, "geometry": {"type": "MultiLineString", "coordinates": [[[16.62162999999964, 47.233179999999265], [16.976230000000214, 47.27180000000044], [17.39263000000028, 47.50974999999926], [17.6289799999995, 47.686509999999544], [18.144930000000386, 47.738320000000385]]]}}, {"type": "Feature", "properties": {"OBJECTID": 2204, "STRETCHID": 122.0, "certainty": "solid", "Shape_Leng": 2.66735941224881}, "geometry": {"type": "MultiLineString", "coordinates": [[[16.62162999999964, 47.233179999999265], [17.200059999999212, 46.95933999999943], [17.30913999999939, 47.14006999999947], [17.92800999999963, 47.13854999999967], [18.23985, 47.27281000000039], [18.477670000000217, 47.3717400000005], [19.044659999999567, 47.568999999999505]]]}}, {"type": "Feature", "properties": {"OBJECTID": 2205, "STRETCHID": 123.0, "certainty": "solid", "Shape_Leng": 1.81267159071898}, "geometry": {"type": "MultiLineString", "coordinates": [[[19.044659999999567, 47.568999999999505], [18.747009999999136, 47.288870000000315], [18.394389999999476, 47.076680000000124], [18.282030000000304, 46.09066999999959]]]}}, {"type": "Feature", "properties": {"OBJECTID": 2206, "STRETCHID": 124.0, "certainty": "solid", "Shape_Leng": 1.96428898127555}, "geometry": {"type": "MultiLineString", "coordinates": [[[18.282030000000304, 46.09066999999959], [18.0350899999994, 46.42232999999942], [18.2755300000008, 46.79623], [18.394389999999476, 47.076680000000124], [18.477670000000217, 47.3717400000005], [18.144930000000386, 47.738320000000385]]]}}, {"type": "Feature", "properties": {"OBJECTID": 2207, "STRETCHID": 125.0, "certainty": "solid", "Shape_Leng": 2.3705116217742}, "geometry": {"type": "MultiLineString", "coordinates": [[[16.373649999999543, 45.47401], [16.81521000000066, 45.485420000000886], [17.228049999999712, 45.60122000000047], [17.715539999999237, 45.40395999999964], [18.04587, 45.400620000000345], [18.67222000000038, 45.549479999999676]]]}}, {"type": "Feature", "properties": {"OBJECTID": 2208, "STRETCHID": 126.0, "certainty": "solid", "Shape_Leng": 1.31537447600262}, "geometry": {"type": "MultiLineString", "coordinates": [[[15.882180000000517, 46.417709999999715], [16.19679, 46.32883000000038], [16.251749999999447, 46.02404000000024], [16.116120000000592, 45.7837099999997], [16.373649999999543, 45.47401]]]}}, {"type": "Feature", "properties": {"OBJECTID": 2209, "STRETCHID": 127.0, "certainty": "solid", "Shape_Leng": 1.02807627725982}, "geometry": {"type": "MultiLineString", "coordinates": [[[16.62162999999964, 47.233179999999265], [16.600070000000414, 47.69226999999955], [16.483829999999216, 47.92985000000044], [16.377780000000712, 48.21473999999944]]]}}, {"type": "Feature", "properties": {"OBJECTID": 2210, "STRETCHID": 128.0, "certainty": "solid", "Shape_Leng": 0.498037549217979}, "geometry": {"type": "MultiLineString", "coordinates": [[[19.044659999999567, 47.568999999999505], [19.059520000000703, 47.67063000000053], [19.042859999999564, 47.758669999999256], [18.8763, 47.76579999999922], [18.738289999999324, 47.782460000000356]]]}}, {"type": "Feature", "properties": {"OBJECTID": 2211, "STRETCHID": 129.0, "certainty": "solid", "Shape_Leng": 4.49313548475806}, "geometry": {"type": "MultiLineString", "coordinates": [[[19.611689999999726, 44.97171999999955], [19.194030000000566, 45.15577999999914], [18.79978999999912, 45.27505000000019], [18.67222000000038, 45.549479999999676], [18.654829999999492, 45.82891000000018], [18.282030000000304, 46.09066999999959], [18.211820000000444, 46.41650999999911], [18.127889999999752, 46.84588000000076], [17.999120000000403, 47.07409], [17.796379999999772, 47.35786999999982], [17.6289799999995, 47.686509999999544], [17.286630000000514, 47.867449999999735], [16.915709999999308, 48.120569999999134]]]}}, {"type": "Feature", "properties": {"OBJECTID": 2212, "STRETCHID": 130.0, "certainty": "solid", "Shape_Leng": 4.28562639899856}, "geometry": {"type": "MultiLineString", "coordinates": [[[19.611689999999726, 44.97171999999955], [19.47606000000087, 45.004430000000866], [19.34519, 45.09008999999969], [19.194030000000566, 45.15577999999914], [18.79978999999912, 45.27505000000019], [18.487189999999828, 45.25806999999986], [17.505670000000464, 45.10261999999966], [17.261560000000827, 45.13618999999926], [17.22271, 44.86404000000039], [17.124359999999797, 44.617669999999634], [17.06876000000011, 44.41693999999916], [16.894350000000486, 44.31438999999955], [16.774460000000545, 44.07186999999976], [16.78012999999919, 43.88608000000022], [16.66378000000077, 43.74517999999989], [16.49791, 43.5323499999995]]]}}, {"type": "Feature", "properties": {"OBJECTID": 2213, "STRETCHID": 131.0, "certainty": "solid", "Shape_Leng": 4.353646433401521}, "geometry": {"type": "MultiLineString", "coordinates": [[[13.375389999999243, 45.76586999999927], [13.602699999999459, 45.783190000000104], [13.776529999999184, 45.64461999999912], [13.713069999999789, 45.3696400000008], [13.598210000000108, 45.22002000000066], [13.845590000000811, 44.86449999999968], [15.232930000000124, 44.118280000000595], [15.482630000000427, 43.995349999999235], [15.770549999999275, 43.81927], [16.05370000000039, 43.643190000000686], [16.258420000000115, 43.52712000000065], [16.49791, 43.5323499999995]]]}}, {"type": "Feature", "properties": {"OBJECTID": 2214, "STRETCHID": 132.0, "certainty": "solid", "Shape_Leng": 3.45705090088319}, "geometry": {"type": "MultiLineString", "coordinates": [[[13.375389999999243, 45.76586999999927], [13.602699999999459, 45.783190000000104], [13.79507999999987, 45.723840000000564], [14.005600000000413, 45.57676], [14.24064, 45.483039999999164], [14.4429, 45.331309999999576], [14.805720000000292, 45.13328999999976], [14.916929999999411, 44.99244], [15.160190000000512, 44.9089299999996], [15.292100000000573, 44.828740000000835], [16.163619999999355, 45.3743400000003], [16.373649999999543, 45.47401]]]}}, {"type": "Feature", "properties": {"OBJECTID": 2215, "STRETCHID": 133.0, "certainty": "solid", "Shape_Leng": 3.3389592335626}, "geometry": {"type": "MultiLineString", "coordinates": [[[10.88923000000068, 48.372300000000905], [10.9064699999999, 47.90408000000025], [11.096589999999196, 47.496610000000146], [11.392180000000735, 47.26447999999982], [11.431259999999384, 46.89781000000039], [11.577799999999115, 46.6523300000008], [11.28226, 46.318859999999404], [11.122079999999187, 46.070449999999255], [11.01096999999936, 45.759470000000874], [10.993399999999383, 45.44104999999945]]]}}, {"type": "Feature", "properties": {"OBJECTID": 2216, "STRETCHID": 134.0, "certainty": "solid", "Shape_Leng": 3.95208669892745}, "geometry": {"type": "MultiLineString", "coordinates": [[[13.375389999999243, 45.76586999999927], [13.2146900000007, 46.15504999999939], [13.29752, 46.41251000000011], [13.876259999999093, 46.6358], [14.39169000000038, 46.679040000000896], [14.3912, 46.96846], [14.558569999999236, 47.2253], [14.477779999999257, 47.38314999999966], [14.311110000000554, 47.71030000000064], [14.131869999999253, 47.882369999999355], [14.031699999999546, 48.16193000000021], [14.46443999999974, 48.2236699999994]]]}}, {"type": "Feature", "properties": {"OBJECTID": 2217, "STRETCHID": 135.0, "certainty": "solid", "Shape_Leng": 2.29669828154091}, "geometry": {"type": "MultiLineString", "coordinates": [[[9.717510000000402, 47.5027599999994], [9.511210000000574, 46.84885000000031], [9.612220000000889, 46.564000000000306], [9.57049, 46.3430900000003], [9.41584999999941, 46.25963000000047], [9.081659999999829, 45.81391000000076], [9.177799999999479, 45.47617]]]}}, {"type": "Feature", "properties": {"OBJECTID": 2218, "STRETCHID": 136.0, "certainty": "solid", "Shape_Leng": 1.8913058383517}, "geometry": {"type": "MultiLineString", "coordinates": [[[9.717510000000402, 47.5027599999994], [9.511210000000574, 46.84885000000031], [9.34903999999915, 46.41947000000073], [9.395660000000134, 46.32431], [9.42566000000079, 46.220359999999346], [9.081659999999829, 45.81391000000076]]]}}, {"type": "Feature", "properties": {"OBJECTID": 2219, "STRETCHID": 137.0, "certainty": "solid", "Shape_Leng": 3.03051109468151}, "geometry": {"type": "MultiLineString", "coordinates": [[[13.375389999999243, 45.76586999999927], [13.2146900000007, 46.15504999999939], [13.009949999999662, 46.45600999999988], [13.001759999999194, 46.662790000000314], [12.8174999999992, 46.840910000000804], [12.281100000000151, 46.73240000000078], [11.90438, 46.79177999999956], [11.431259999999384, 46.89781000000039], [11.392180000000735, 47.26447999999982]]]}}, {"type": "Feature", "properties": {"OBJECTID": 2220, "STRETCHID": 138.0, "certainty": "solid", "Shape_Leng": 1.48712543526756}, "geometry": {"type": "MultiLineString", "coordinates": [[[12.520399999999427, 45.75623000000087], [12.024129999999786, 45.86764000000039], [11.890880000000834, 46.02706000000035], [11.46494999999959, 46.067510000000766], [11.122079999999187, 46.070449999999255]]]}}, {"type": "Feature", "properties": {"OBJECTID": 2221, "STRETCHID": 139.0, "certainty": "solid", "Shape_Leng": 3.27782438161797}, "geometry": {"type": "MultiLineString", "coordinates": [[[13.375389999999243, 45.76586999999927], [12.836419999999634, 45.7502800000002], [12.407839999999851, 45.54290000000037], [11.88177, 45.408229999999094], [11.659770000000208, 45.23202999999921], [11.60088, 45.06249000000025], [11.504510000000664, 44.85548000000017], [11.138670000000275, 44.72342000000026], [10.938850000000457, 44.6492300000009], [11.338050000000294, 44.50012000000061]]]}}, {"type": "Feature", "properties": {"OBJECTID": 2222, "STRETCHID": 140.0, "certainty": "solid", "Shape_Leng": 1.27711383979731}, "geometry": {"type": "MultiLineString", "coordinates": [[[10.993399999999383, 45.44104999999945], [11.118599999999788, 45.07935], [11.061929999999847, 44.8876], [10.938850000000457, 44.6492300000009], [11.338050000000294, 44.50012000000061]]]}}, {"type": "Feature", "properties": {"OBJECTID": 2223, "STRETCHID": 141.0, "certainty": "solid", "Shape_Leng": 1.08564304170863}, "geometry": {"type": "MultiLineString", "coordinates": [[[8.417229999999108, 45.331239999999525], [8.797280000000683, 45.12250999999924], [9.143330000000788, 45.1927799999994], [9.417299999999159, 45.312369999999646]]]}}, {"type": "Feature", "properties": {"OBJECTID": 2224, "STRETCHID": 142.0, "certainty": "solid", "Shape_Leng": 1.50796099104734}, "geometry": {"type": "MultiLineString", "coordinates": [[[10.026149999999689, 45.14226000000053], [10.510490000000573, 44.90366], [10.636909999999261, 44.70593999999983], [10.938850000000457, 44.6492300000009], [11.338050000000294, 44.50012000000061]]]}}, {"type": "Feature", "properties": {"OBJECTID": 2225, "STRETCHID": 143.0, "certainty": "solid", "Shape_Leng": 1.6422491818181}, "geometry": {"type": "MultiLineString", "coordinates": [[[11.885599999999613, 44.29113999999936], [11.609739999999874, 44.08361999999943], [11.390079999999216, 43.98598999999922], [11.24913000000015, 43.77130000000034], [10.894490000000587, 43.93543999999929], [10.494539999999688, 43.84958]]]}}, {"type": "Feature", "properties": {"OBJECTID": 2226, "STRETCHID": 144.0, "certainty": "solid", "Shape_Leng": 0.969649713092049}, "geometry": {"type": "MultiLineString", "coordinates": [[[10.32748, 44.804729999999836], [10.494539999999688, 43.84958]]]}}, {"type": "Feature", "properties": {"OBJECTID": 2227, "STRETCHID": 145.0, "certainty": "solid", "Shape_Leng": 3.2786173014625}, "geometry": {"type": "MultiLineString", "coordinates": [[[10.494539999999688, 43.84958], [10.894490000000587, 43.93543999999929], [11.24913000000015, 43.77130000000034], [11.567800000000716, 43.610899999999674], [11.878059999999095, 43.46824000000015], [11.894379999999728, 43.15940000000046], [11.94204, 43.01528999999937], [11.986370000000534, 42.64661999999953], [12.066720000000714, 42.332179999999425], [12.231019999999262, 42.23831000000064], [12.351140000000669, 42.12117000000035], [12.493099999999686, 41.89552]]]}}, {"type": "Feature", "properties": {"OBJECTID": 2228, "STRETCHID": 146.0, "certainty": "solid", "Shape_Leng": 0.39925180074664}, "geometry": {"type": "MultiLineString", "coordinates": [[[12.493099999999686, 41.89552], [12.171580000000176, 42.132219999999506]]]}}, {"type": "Feature", "properties": {"OBJECTID": 2229, "STRETCHID": 147.0, "certainty": "solid", "Shape_Leng": 3.92846781038139}, "geometry": {"type": "MultiLineString", "coordinates": [[[12.570439999999508, 44.06472000000031], [12.249139999999898, 44.14178999999967], [12.034139999999752, 44.22866000000067], [11.885599999999613, 44.29113999999936], [11.705519999999524, 44.35982999999942], [11.50390999999945, 44.43817999999919], [11.338050000000294, 44.50012000000061], [10.938850000000457, 44.6492300000009], [10.636909999999261, 44.70593999999983], [10.447490000000471, 44.77887], [10.32748, 44.804729999999836], [10.0567800000008, 44.87256999999954], [9.911949999999706, 44.9330000000009], [9.69916000000012, 45.060740000000806], [9.214669999999387, 45.049479999999676], [9.002819999999701, 44.99959999999919], [8.86024, 44.90093999999954]]]}}, {"type": "Feature", "properties": {"OBJECTID": 2230, "STRETCHID": 148.0, "certainty": "solid", "Shape_Leng": 0.160680765806006}, "geometry": {"type": "MultiLineString", "coordinates": [[[10.494539999999688, 43.84958], [10.39665000000059, 43.72215999999935]]]}}, {"type": "Feature", "properties": {"OBJECTID": 2231, "STRETCHID": 149.0, "certainty": "solid", "Shape_Leng": 0.51492814119974}, "geometry": {"type": "MultiLineString", "coordinates": [[[10.025690000000395, 44.06249000000025], [10.494539999999688, 43.84958]]]}}, {"type": "Feature", "properties": {"OBJECTID": 2232, "STRETCHID": 150.0, "certainty": "solid", "Shape_Leng": 10.7635701505995}, "geometry": {"type": "MultiLineString", "coordinates": [[[12.493099999999686, 41.89552], [12.282929999999396, 41.9070499999998], [12.158380000000761, 41.942730000000665], [11.9633900000008, 42.01793], [11.835520000000542, 42.03972000000067], [11.800820000000385, 42.0957099999996], [11.679599999999482, 42.25072], [11.608060000000478, 42.3449899999996], [11.292779999999766, 42.412860000000364], [11.024059999999736, 42.73374999999942], [10.894000000000233, 42.76910999999927], [10.786770000000615, 42.915069999999105], [10.491389999999228, 42.99040000000059], [10.455180000000837, 43.35557999999946], [10.436330000000453, 43.57846000000063], [10.39665000000059, 43.72215999999935], [10.337750000000597, 43.862269999999626], [10.025690000000395, 44.06249000000025], [9.918910000000324, 44.16619999999966], [9.58447999999953, 44.28515999999945], [9.350099999999657, 44.31729000000087], [9.15737000000081, 44.35893000000033], [8.93095, 44.41415000000052], [8.86659999999938, 44.70936000000074], [8.86024, 44.90093999999954], [8.47323999999935, 44.68217999999979], [8.300880000000689, 44.50185000000056], [8.275079999999434, 44.401920000000246], [8.4344, 44.2779900000005], [8.345970000000307, 44.17690000000039], [8.218419999999242, 44.04997999999978], [8.097200000000157, 43.92189999999937], [7.852199999999357, 43.835189999999784], [7.628909999999451, 43.79595999999947], [7.481040000000576, 43.76405999999952], [7.406709999999293, 43.75094999999965], [7.269749999999476, 43.727530000000115], [7.195809999999256, 43.68239999999969], [7.12169, 43.58503000000019], [6.950349999999162, 43.54798999999912], [6.730939999999464, 43.441609999999855], [6.383649999999761, 43.40905000000021], [6.21673, 43.41626], [5.924629999999524, 43.421220000000176], [5.700140000000829, 43.495740000000296], [5.444859999999608, 43.53534000000036], [5.363419999999678, 43.30544999999984], [5.23301, 43.464029999999184], [4.932860000000801, 43.441179999999804], [4.628740000000107, 43.688389999999345]]]}}, {"type": "Feature", "properties": {"OBJECTID": 2233, "STRETCHID": 151.0, "certainty": "solid", "Shape_Leng": 1.31849543155497}, "geometry": {"type": "MultiLineString", "coordinates": [[[12.493099999999686, 41.89552], [12.307000000000698, 42.03327], [12.043760000000475, 42.12104], [11.784530000000814, 42.262150000000474], [11.292779999999766, 42.412860000000364]]]}}, {"type": "Feature", "properties": {"OBJECTID": 2234, "STRETCHID": 152.0, "certainty": "solid", "Shape_Leng": 0.942978440565781}, "geometry": {"type": "MultiLineString", "coordinates": [[[12.493099999999686, 41.89552], [12.26368999999977, 41.78247999999985], [12.192020000000412, 41.86492], [12.10102, 41.936390000000756], [12.158380000000761, 41.942730000000665], [11.9633900000008, 42.01793], [11.835520000000542, 42.03972000000067], [11.800820000000385, 42.0957099999996]]]}}, {"type": "Feature", "properties": {"OBJECTID": 2235, "STRETCHID": 153.0, "certainty": "solid", "Shape_Leng": 0.464162232343432}, "geometry": {"type": "MultiLineString", "coordinates": [[[12.493099999999686, 41.89552], [12.285949999999502, 41.75517000000036], [12.372750000000451, 41.691969999999856], [12.475560000000769, 41.66389999999956]]]}}, {"type": "Feature", "properties": {"OBJECTID": 2236, "STRETCHID": 154.0, "certainty": "solid", "Shape_Leng": 2.61327474897832}, "geometry": {"type": "MultiLineString", "coordinates": [[[12.493099999999686, 41.89552], [12.71121999999923, 41.90064999999959], [12.879049999999552, 41.84584], [13.143210000000181, 41.736000000000786], [13.241729999999734, 41.698850000000675], [13.347239999999147, 41.64601000000039], [13.505479999999807, 41.55321], [13.544799999999668, 41.52836000000025], [13.681469999999536, 41.504109999999855], [13.814969999999448, 41.49856], [14.023010000000795, 41.49253999999928], [14.053420000000187, 41.25681000000077], [14.31142, 41.33548999999948], [14.488439999999173, 41.22535000000062], [14.757700000000114, 41.13904]]]}}, {"type": "Feature", "properties": {"OBJECTID": 2237, "STRETCHID": 155.0, "certainty": "solid", "Shape_Leng": 2.61252357252468}, "geometry": {"type": "MultiLineString", "coordinates": [[[12.493099999999686, 41.89552], [12.743019999999888, 41.83198000000084], [12.865610000000743, 41.75105000000076], [13.139219999999113, 41.72470000000067], [13.241729999999734, 41.698850000000675], [13.347239999999147, 41.64601000000039], [13.505479999999807, 41.55321], [13.544799999999668, 41.52836000000025], [13.681469999999536, 41.504109999999855], [13.814969999999448, 41.49856], [14.023010000000795, 41.49253999999928], [14.053420000000187, 41.25681000000077], [14.31142, 41.33548999999948], [14.488439999999173, 41.22535000000062], [14.757700000000114, 41.13904]]]}}, {"type": "Feature", "properties": {"OBJECTID": 2238, "STRETCHID": 156.0, "certainty": "solid", "Shape_Leng": 0.677674140430807}, "geometry": {"type": "MultiLineString", "coordinates": [[[12.493099999999686, 41.89552], [12.62133, 41.82020000000011], [12.678869999999733, 41.79938000000038], [12.865610000000743, 41.75105000000076], [13.139219999999113, 41.72470000000067]]]}}, {"type": "Feature", "properties": {"OBJECTID": 2239, "STRETCHID": 157.0, "certainty": "solid", "Shape_Leng": 2.24857378598929}, "geometry": {"type": "MultiLineString", "coordinates": [[[12.493099999999686, 41.89552], [12.630460000000312, 42.105390000000625], [12.820690000000468, 42.21523999999954], [12.862970000000132, 42.4057499999999], [13.014499999999316, 42.38177], [13.08511, 42.41675000000032], [13.170640000000276, 42.59442999999919], [13.265149999999267, 42.67988999999943], [13.328209999999672, 42.764359999999215], [13.579390000000785, 42.85620000000017], [13.909960000000865, 42.89106], [13.970890000000509, 42.74085000000014], [13.97055999999975, 42.58209999999963]]]}}, {"type": "Feature", "properties": {"OBJECTID": 2240, "STRETCHID": 158.0, "certainty": "solid", "Shape_Leng": 2.10909483891406}, "geometry": {"type": "MultiLineString", "coordinates": [[[13.97055999999975, 42.58209999999963], [14.169340000000375, 42.349560000000565], [13.929529999999431, 42.24001999999928], [13.8383900000008, 42.12039], [13.647300000000541, 42.068890000000465], [13.411439999999857, 42.086230000000796], [13.037829999999303, 42.0869500000008], [12.79536999999982, 41.96696999999949], [12.493099999999686, 41.89552]]]}}, {"type": "Feature", "properties": {"OBJECTID": 2241, "STRETCHID": 159.0, "certainty": "solid", "Shape_Leng": 8.18658432694459}, "geometry": {"type": "MultiLineString", "coordinates": [[[12.493099999999686, 41.89552], [12.46407, 42.41508000000067], [12.515079999999216, 42.522430000000895], [12.532670000000508, 42.75094999999965], [12.60988, 42.93439000000035], [12.79255000000012, 43.11418000000049], [12.88981000000058, 43.18791000000056], [12.990939999999682, 43.1772], [13.199140000000625, 43.235500000000684], [13.28599000000031, 43.32115999999951], [13.48472000000038, 43.488540000000285], [13.511220000000321, 43.626689999999144], [13.62349, 43.50962000000072], [13.66707999999926, 43.42696000000069], [13.804850000000442, 43.160799999999654], [13.909960000000865, 42.89106], [13.970890000000509, 42.74085000000014], [13.97055999999975, 42.58209999999963], [14.22149, 42.46588999999949], [14.297259999999369, 42.40505999999914], [14.399629999999888, 42.357379999999466], [14.388450000000375, 42.23452999999972], [14.71457, 42.11278999999922], [14.945669999999154, 41.96843000000081], [14.916950000000725, 41.8076], [15.322809999999663, 41.750710000000254], [15.64285000000018, 41.63054999999986], [15.891760000000431, 41.61594999999943], [15.992819999999483, 41.40186], [16.200010000000475, 41.333370000000286], [16.592249999999694, 41.20225000000028], [16.859710000000632, 41.1272399999998], [17.131199999999808, 41.01664999999957], [17.380010000000766, 40.88673000000017], [17.68347, 40.75144], [17.948490000000675, 40.64042999999947]]]}}, {"type": "Feature", "properties": {"OBJECTID": 2242, "STRETCHID": 160.0, "certainty": "solid", "Shape_Leng": 1.16688179144912}, "geometry": {"type": "MultiLineString", "coordinates": [[[12.7459400000007, 43.30572000000029], [12.648419999999533, 43.54592000000048], [12.949060000000827, 43.654309999999896], [13.224879999999757, 43.71702], [13.377109999999448, 43.64049999999952], [13.511220000000321, 43.626689999999144]]]}}, {"type": "Feature", "properties": {"OBJECTID": 2243, "STRETCHID": 161.0, "certainty": "solid", "Shape_Leng": 1.18436902453052}, "geometry": {"type": "MultiLineString", "coordinates": [[[13.909960000000865, 42.89106], [13.579390000000785, 42.85620000000017], [13.713159999999334, 43.1603899999991], [13.381569999999556, 43.20216000000073], [13.199140000000625, 43.235500000000684]]]}}, {"type": "Feature", "properties": {"OBJECTID": 2244, "STRETCHID": 162.0, "certainty": "solid", "Shape_Leng": 12.5394632731091}, "geometry": {"type": "MultiLineString", "coordinates": [[[17.948490000000675, 40.64042999999947], [19.452069999999367, 41.32637000000068], [19.795029999999315, 41.055459999999584], [20.119199999999182, 41.13731], [20.421990000000733, 41.11023000000023], [20.806249999999636, 41.126360000000204], [21.263160000000425, 41.08095999999932], [21.36642000000029, 41.02140999999938], [21.662570000000414, 40.73771999999917], [22.06264999999985, 40.80125000000044], [22.511500000000524, 40.76949000000059], [22.95925999999963, 40.63191999999981], [23.22860000000037, 40.64020999999957], [23.48207999999977, 40.64819999999963], [23.842329999999492, 40.82118000000082], [24.29120999999941, 41.018850000000384], [24.422679999999673, 40.93619000000035], [24.54709, 40.97089000000051], [24.782429999999295, 41.08225999999922], [24.961810000000696, 41.125780000000304], [25.338270000000193, 41.14150999999947], [25.56927, 41.042999999999665], [26.037169999999605, 40.86341999999968], [26.26853999999912, 40.94556999999986], [26.30861999999979, 41.16652000000067], [26.493459999999686, 41.36413999999968], [26.5668399999995, 41.68241999999918], [26.95356, 41.519060000000536], [27.099089999999705, 41.4381400000002], [27.35938999999962, 41.42022], [27.55307999999968, 41.29898999999932], [27.80357, 41.174440000000686], [27.95727000000079, 40.97874000000047], [28.17475999999988, 41.2338], [28.755629999999655, 41.06716000000051], [28.983290000000125, 41.02210000000014]]]}}, {"type": "Feature", "properties": {"OBJECTID": 2245, "STRETCHID": 163.0, "certainty": "solid", "Shape_Leng": 12.2434091159699}, "geometry": {"type": "MultiLineString", "coordinates": [[[17.948490000000675, 40.64042999999947], [19.43073, 40.51145], [19.591259999999238, 40.215910000000804], [20.0589, 39.913399999999456], [20.015299999999115, 39.758060000000114], [20.475969999999506, 39.24865999999929], [20.733389999999417, 39.007299999999304], [22.498419999999896, 38.48769999999968], [22.754070000000866, 38.488900000000285], [23.14709000000039, 38.29060000000027], [23.34495000000061, 37.991579999999885], [23.54468000000088, 38.04620000000068], [23.7238899999993, 37.976150000000416], [23.781419999999343, 38.32882000000063], [23.314329999999245, 38.32882000000063], [23.62133999999969, 38.46262000000024], [23.00151, 38.656269999999495], [22.937620000000607, 39.34742], [22.41762000000017, 39.63985999999932], [22.492089999999735, 40.17518000000018], [22.60960999999952, 40.424080000000686], [22.20284999999967, 40.523409999999785], [22.95925999999963, 40.63191999999981], [23.22860000000037, 40.64020999999957]]]}}, {"type": "Feature", "properties": {"OBJECTID": 2246, "STRETCHID": 164.0, "certainty": "solid", "Shape_Leng": 11.390934727022}, "geometry": {"type": "MultiLineString", "coordinates": [[[18.493720000000394, 40.14075000000048], [19.43073, 40.51145], [19.48276000000078, 40.74659000000065], [19.640869999999268, 40.928320000000895], [19.795029999999315, 41.055459999999584], [20.119199999999182, 41.13731], [20.421990000000733, 41.11023000000023], [20.806249999999636, 41.126360000000204], [21.073309999999765, 41.08059999999932], [21.173249999999825, 41.09488000000056], [21.36642000000029, 41.02140999999938], [21.662570000000414, 40.73771999999917], [22.06264999999985, 40.80125000000044], [22.511500000000524, 40.76949000000059], [22.95925999999963, 40.63191999999981], [23.48207999999977, 40.64819999999963], [23.842329999999492, 40.82118000000082], [24.29120999999941, 41.018850000000384], [24.54709, 40.97089000000051], [24.782429999999295, 41.08225999999922], [25.098229999999603, 41.11375000000044], [25.338270000000193, 41.14150999999947], [25.56927, 41.042999999999665], [26.037169999999605, 40.86341999999968], [26.38318000000072, 40.92538000000059], [26.918690000000424, 40.890629999999874], [27.0665599999993, 40.97621000000072], [27.512590000000273, 40.98562999999922], [27.95727000000079, 40.97874000000047], [28.17475999999988, 41.2338], [28.755629999999655, 41.06716000000051], [28.983290000000125, 41.02210000000014]]]}}, {"type": "Feature", "properties": {"OBJECTID": 2247, "STRETCHID": 165.0, "certainty": "solid", "Shape_Leng": 1.45245432057247}, "geometry": {"type": "MultiLineString", "coordinates": [[[26.037169999999605, 40.86341999999968], [26.26853999999912, 40.94556999999986], [26.918690000000424, 40.890629999999874], [26.886630000000878, 40.72969000000012], [26.829330000000482, 40.54432000000088], [26.68102, 40.41566000000057]]]}}, {"type": "Feature", "properties": {"OBJECTID": 2248, "STRETCHID": 166.0, "certainty": "solid", "Shape_Leng": 5.02949951746028}, "geometry": {"type": "MultiLineString", "coordinates": [[[26.68102, 40.41566000000057], [26.694949999999153, 40.35261999999966], [26.420210000000225, 40.199759999999515], [26.37408999999934, 40.08496000000014], [26.26503000000048, 39.94735000000037], [26.15198000000055, 39.7608], [26.792649999999412, 39.57962000000043], [26.937050000000454, 39.50504], [27.181609999999637, 39.14151999999922], [27.675610000000233, 39.39473999999973], [27.832570000000487, 38.928320000000895], [28.06710000000021, 38.47767000000022], [28.505279999999402, 38.35122000000047], [28.950769999999466, 38.04702999999972], [29.14936999999918, 37.908949999999095], [29.115130000000136, 37.84333999999944]]]}}, {"type": "Feature", "properties": {"OBJECTID": 2249, "STRETCHID": 167.0, "certainty": "solid", "Shape_Leng": 4.421593719852171}, "geometry": {"type": "MultiLineString", "coordinates": [[[16.49791, 43.5323499999995], [16.72797, 43.62538999999924], [16.88141, 43.560820000000604], [17.024129999999786, 43.47971999999936], [17.414020000000164, 43.30402999999933], [17.632040000000416, 43.05582999999933], [17.97255000000041, 43.09815999999955], [18.492239999999583, 42.76925999999912], [18.98504999999932, 42.757149999999456], [19.0994699999992, 42.558209999999235], [19.219460000000254, 42.51274999999987], [19.51169999999911, 42.0660399999997], [19.452069999999367, 41.32637000000068]]]}}, {"type": "Feature", "properties": {"OBJECTID": 2250, "STRETCHID": 168.0, "certainty": "solid", "Shape_Leng": 5.69305848672334}, "geometry": {"type": "MultiLineString", "coordinates": [[[9.177799999999479, 45.47617], [9.143330000000788, 45.1927799999994], [8.797280000000683, 45.12250999999924], [8.609259999999267, 45.200259999999616], [8.465910000000804, 45.19678000000022], [8.29241, 45.20050000000083], [7.963990000000194, 45.198019999999815], [7.68702999999914, 45.073560000000725], [7.42735, 45.101730000000316], [7.010350000000471, 45.1223800000007], [6.785970000000816, 45.03327999999965], [6.597050000000309, 44.88246000000072], [6.52664999999979, 44.720760000000155], [6.440409999999247, 44.53987000000052], [6.226930000000721, 44.5309500000003], [6.03276, 44.54695999999967], [5.88753, 44.367599999999584], [5.87948999999935, 44.18089999999938], [5.872750000000451, 43.95451999999932], [5.5640199999998, 43.86175999999978], [5.395500000000538, 43.879800000000614], [5.226300000000265, 43.860350000000835], [5.034050000000207, 43.84051], [4.827359999999317, 43.781409999999596], [4.69839999999931, 43.77508999999918], [4.628740000000107, 43.688389999999345]]]}}, {"type": "Feature", "properties": {"OBJECTID": 2251, "STRETCHID": 169.0, "certainty": "solid", "Shape_Leng": 4.73601975835074}, "geometry": {"type": "MultiLineString", "coordinates": [[[9.177799999999479, 45.47617], [8.620450000000346, 45.449319999999716], [8.417229999999108, 45.331239999999525], [7.879349999999249, 45.476259999999456], [7.68966, 45.66851999999926], [7.315730000000258, 45.7440600000009], [6.992860000000292, 45.76759999999922], [6.762870000000476, 45.613499999999476], [6.520490000000791, 45.48250999999982], [6.439920000000711, 45.60973000000013], [6.374299999999494, 45.67199000000073], [6.142739999999321, 45.56348000000071], [5.913249999999607, 45.5612799999999], [5.73891999999978, 45.4419199999993], [5.600430000000415, 45.58162000000084], [5.312280000000101, 45.58078000000023], [4.879580000000715, 45.528519999999844]]]}}, {"type": "Feature", "properties": {"OBJECTID": 2252, "STRETCHID": 170.0, "certainty": "solid", "Shape_Leng": 8.144611180474532}, "geometry": {"type": "MultiLineString", "coordinates": [[[9.177799999999479, 45.47617], [9.143330000000788, 45.1927799999994], [8.797280000000683, 45.12250999999924], [8.417229999999108, 45.331239999999525], [7.879349999999249, 45.476259999999456], [7.68966, 45.66851999999926], [7.315730000000258, 45.7440600000009], [6.992860000000292, 45.76759999999922], [6.762870000000476, 45.613499999999476], [6.520490000000791, 45.48250999999982], [6.291890000000421, 45.7534799999994], [6.29903000000013, 45.758239999999205], [6.127710000000661, 45.91527999999926], [6.151449999999386, 46.20709999999963], [6.265820000000531, 46.40458000000035], [6.631649999999354, 46.517980000000534], [6.54025, 46.75374000000011], [6.355960000000778, 46.90397999999914], [6.003619999999501, 47.2249699999993], [6.520619999999326, 47.396199999999226], [6.79882, 47.44499999999971], [6.986399999999776, 47.5050599999995], [7.180060000000594, 47.562299999999595], [7.32726, 47.958339999999225], [7.593969999999899, 48.04190000000017], [7.628249999999753, 48.375819999999294], [7.765250000000378, 48.593590000000404]]]}}, {"type": "Feature", "properties": {"OBJECTID": 2254, "STRETCHID": 171.0, "certainty": "solid", "Shape_Leng": 7.36251686477071}, "geometry": {"type": "MultiLineString", "coordinates": [[[9.177799999999479, 45.47617], [8.620450000000346, 45.449319999999716], [8.417229999999108, 45.331239999999525], [7.879349999999249, 45.476259999999456], [7.68966, 45.66851999999926], [7.315730000000258, 45.7440600000009], [7.167880000000878, 45.880779999999504], [7.080770000000484, 46.111220000000685], [6.96443999999974, 46.24829999999929], [6.917890000000625, 46.398409999999785], [6.839459999999235, 46.47055], [6.82906, 46.583080000000336], [6.800680000000284, 46.66500000000087], [7.024439999999231, 46.881429999999455], [7.304480000000694, 47.111479999999574], [7.515129999999772, 47.212719999999536], [7.728320000000167, 47.54407], [7.495629999999437, 47.667240000000675], [7.488489999999729, 47.75358000000051], [7.543770000000222, 48.03820000000087], [7.628249999999753, 48.375819999999294], [7.765250000000378, 48.593590000000404], [8.097149999999601, 48.89135999999962], [8.293659999999363, 49.120310000000245], [8.445009999999456, 49.31603], [8.366540000000896, 49.63618999999926], [8.34806000000026, 49.8496899999991], [8.253940000000512, 50.00815999999941]]]}}, {"type": "Feature", "properties": {"OBJECTID": 2255, "STRETCHID": 172.0, "certainty": "solid", "Shape_Leng": 13.3613278687833}, "geometry": {"type": "MultiLineString", "coordinates": [[[9.143330000000788, 45.1927799999994], [8.797280000000683, 45.12250999999924], [8.29241, 45.20050000000083], [7.963990000000194, 45.198019999999815], [7.68702999999914, 45.073560000000725], [7.42735, 45.101730000000316], [7.010350000000471, 45.1223800000007], [6.785970000000816, 45.03327999999965], [6.597050000000309, 44.88246000000072], [6.52664999999979, 44.720760000000155], [6.440409999999247, 44.53987000000052], [6.226930000000721, 44.5309500000003], [6.03276, 44.54695999999967], [5.717210000000705, 44.445089999999254], [5.418359999999666, 44.60858], [5.344880000000558, 44.75191000000086], [5.030759999999646, 44.7149900000004], [4.885640000000421, 44.93097999999918], [4.818970000000263, 45.1827200000007], [4.879580000000715, 45.528519999999844], [4.81681000000026, 45.76955000000089], [4.720219999999244, 45.94652999999926], [4.738069999999425, 46.10594999999921], [4.830519999999524, 46.32623000000058], [4.900030000000697, 46.60047999999915], [4.835810000000492, 46.77794999999969], [4.287819999999556, 46.96617999999944], [4.214200000000346, 47.26929000000018], [3.92909999999938, 47.5040599999993], [3.565210000000661, 47.812809999999445], [3.745339999999487, 48.03156999999919], [4.064829999999347, 48.30685000000085], [4.13962999999967, 48.54133], [4.368060000000696, 48.97082000000046], [4.033499999999549, 49.26116], [3.323130000000674, 49.38047999999981], [2.996300000000701, 49.58352999999988], [2.287870000000112, 49.89342000000033], [1.896989999999278, 50.3080800000007], [1.609549999999217, 50.727530000000115]]]}}, {"type": "Feature", "properties": {"OBJECTID": 2256, "STRETCHID": 173.0, "certainty": "solid", "Shape_Leng": 2.16175211305081}, "geometry": {"type": "MultiLineString", "coordinates": [[[4.033499999999549, 49.26116], [4.442590000000564, 49.191249999999854], [4.853150000000824, 49.168980000000374], [5.384860000000117, 49.165069999999105], [5.74892, 49.13176000000021], [5.946410000000469, 49.11271999999917], [6.18608999999924, 49.121940000000905]]]}}, {"type": "Feature", "properties": {"OBJECTID": 2257, "STRETCHID": 174.0, "certainty": "solid", "Shape_Leng": 2.52736913220025}, "geometry": {"type": "MultiLineString", "coordinates": [[[4.033499999999549, 49.26116], [5.167139999999563, 48.78691000000072], [5.39862, 48.647109999999884], [5.880629999999655, 48.67107000000033], [6.05472, 48.90013], [6.18608999999924, 49.121940000000905]]]}}, {"type": "Feature", "properties": {"OBJECTID": 2258, "STRETCHID": 175.0, "certainty": "solid", "Shape_Leng": 2.71061271842955}, "geometry": {"type": "MultiLineString", "coordinates": [[[4.033499999999549, 49.26116], [4.671019999999771, 49.469639999999345], [5.168330000000424, 49.65048000000024], [5.810779999999795, 49.68855000000076], [6.308090000000448, 49.693310000000565], [6.672590000000127, 49.7556399999994]]]}}, {"type": "Feature", "properties": {"OBJECTID": 2259, "STRETCHID": 176.0, "certainty": "solid", "Shape_Leng": 3.85563010416031}, "geometry": {"type": "MultiLineString", "coordinates": [[[4.287819999999556, 46.96617999999944], [3.828779999999824, 46.92391999999927], [3.460279999999329, 46.851730000000316], [3.145580000000336, 47.00821], [2.940979999999399, 47.42811000000074], [2.737020000000484, 47.64458999999988], [2.492039999999179, 47.7207899999994], [1.911089999999604, 47.9074099999998], [2.126430000000255, 48.37104], [2.340399999999136, 48.85070000000087]]]}}, {"type": "Feature", "properties": {"OBJECTID": 2260, "STRETCHID": 177.0, "certainty": "solid", "Shape_Leng": 8.204502889884052}, "geometry": {"type": "MultiLineString", "coordinates": [[[4.401009999999587, 52.20209000000068], [4.651980000000549, 52.13150999999925], [5.062990000000354, 52.0675599999995], [5.423730000000432, 51.95118999999977], [5.632470000000467, 51.9356200000002], [6.200639999999112, 51.819439999999304], [6.333070000000589, 51.744880000000194], [6.450870000000577, 51.66870000000017], [6.456469999999172, 51.63933999999972], [6.56662999999935, 51.58538000000044], [6.696079999999711, 51.18461000000025], [6.946200000000317, 50.9429], [7.083940000000439, 50.7428], [7.373470000000452, 50.44699000000037], [7.588929999999891, 50.35628], [7.918449999999211, 49.95770000000084], [6.910169999999198, 49.84993000000031], [6.672590000000127, 49.7556399999994], [6.18608999999924, 49.121940000000905], [7.08411999999953, 48.75970000000052], [7.765250000000378, 48.593590000000404]]]}}, {"type": "Feature", "properties": {"OBJECTID": 2261, "STRETCHID": 178.0, "certainty": "solid", "Shape_Leng": 1.64836031984003}, "geometry": {"type": "MultiLineString", "coordinates": [[[6.672590000000127, 49.7556399999994], [6.46501999999964, 49.963770000000295], [6.47429000000011, 50.15899], [6.52248999999938, 50.282320000000254], [6.607159999999567, 50.364079999999376], [6.789150000000518, 50.640880000000834], [6.62903, 50.67804000000069], [6.946200000000317, 50.9429]]]}}, {"type": "Feature", "properties": {"OBJECTID": 2262, "STRETCHID": 179.0, "certainty": "solid", "Shape_Leng": 3.50943269616634}, "geometry": {"type": "MultiLineString", "coordinates": [[[6.672590000000127, 49.7556399999994], [7.58064000000013, 50.231369999999515], [7.619510000000446, 50.20266000000083], [7.918449999999211, 49.95770000000084], [8.253940000000512, 50.00815999999941], [8.366540000000896, 49.63618999999926], [8.445009999999456, 49.31603], [7.765250000000378, 48.593590000000404]]]}}, {"type": "Feature", "properties": {"OBJECTID": 2263, "STRETCHID": 180.0, "certainty": "solid", "Shape_Leng": 1.99315968451356}, "geometry": {"type": "MultiLineString", "coordinates": [[[6.450870000000577, 51.66870000000017], [6.31452999999965, 51.54149999999936], [6.18015000000014, 51.381390000000465], [6.0229, 51.158369999999195], [5.885669999999664, 51.046870000000126], [5.983449999999721, 50.89212000000043], [6.365990000000238, 50.92120000000068], [6.683360000000903, 50.94679999999971], [6.946200000000317, 50.9429]]]}}, {"type": "Feature", "properties": {"OBJECTID": 2265, "STRETCHID": 181.0, "certainty": "solid", "Shape_Leng": 2.41066076836488}, "geometry": {"type": "MultiLineString", "coordinates": [[[1.609549999999217, 50.727530000000115], [2.258149999999659, 50.63844000000063], [2.481439999999566, 50.800750000000335], [3.029759999999442, 50.7806], [3.394840000000841, 50.61217000000033], [3.530640000000858, 50.43914000000041], [3.80861, 50.30369000000064]]]}}, {"type": "Feature", "properties": {"OBJECTID": 2266, "STRETCHID": 182.0, "certainty": "solid", "Shape_Leng": 0.959594908419442}, "geometry": {"type": "MultiLineString", "coordinates": [[[2.481439999999566, 50.800750000000335], [2.719230000000607, 50.64716000000044], [3.394840000000841, 50.61217000000033]]]}}, {"type": "Feature", "properties": {"OBJECTID": 2267, "STRETCHID": 183.0, "certainty": "solid", "Shape_Leng": 4.93027108668777}, "geometry": {"type": "MultiLineString", "coordinates": [[[2.481439999999566, 50.800750000000335], [2.719230000000607, 50.64716000000044], [2.765579999999318, 50.29844000000048], [3.2379, 50.18152999999984], [3.80861, 50.30369000000064], [4.154130000000805, 50.41906000000017], [4.426509999999325, 50.50792999999976], [5.141219999999521, 50.638269999999466], [5.46688, 50.77940999999919], [5.983449999999721, 50.89212000000043], [6.365990000000238, 50.92120000000068], [6.946200000000317, 50.9429]]]}}, {"type": "Feature", "properties": {"OBJECTID": 2268, "STRETCHID": 184.0, "certainty": "solid", "Shape_Leng": 1.313939047496}, "geometry": {"type": "MultiLineString", "coordinates": [[[2.258149999999659, 50.63844000000063], [2.765579999999318, 50.29844000000048], [3.394840000000841, 50.61217000000033]]]}}, {"type": "Feature", "properties": {"OBJECTID": 2269, "STRETCHID": 185.0, "certainty": "solid", "Shape_Leng": 2.62697095204624}, "geometry": {"type": "MultiLineString", "coordinates": [[[2.258149999999659, 50.63844000000063], [2.765579999999318, 50.29844000000048], [3.2379, 50.18152999999984], [3.28965000000062, 49.852349999999205], [3.279399999999441, 49.64401], [3.323130000000674, 49.38047999999981], [3.670819999999367, 49.31119000000035], [4.033499999999549, 49.26116]]]}}, {"type": "Feature", "properties": {"OBJECTID": 2270, "STRETCHID": 186.0, "certainty": "solid", "Shape_Leng": 0.62629708964625}, "geometry": {"type": "MultiLineString", "coordinates": [[[2.287870000000112, 49.89342000000033], [2.765579999999318, 50.29844000000048]]]}}, {"type": "Feature", "properties": {"OBJECTID": 2271, "STRETCHID": 187.0, "certainty": "solid", "Shape_Leng": 1.80080383531346}, "geometry": {"type": "MultiLineString", "coordinates": [[[2.287870000000112, 49.89342000000033], [2.191870000000563, 49.63228999999956], [2.090690000000905, 49.43390999999974], [2.498910000000251, 49.23384000000078], [2.58338, 49.21342], [3.323130000000674, 49.38047999999981]]]}}, {"type": "Feature", "properties": {"OBJECTID": 2272, "STRETCHID": 188.0, "certainty": "solid", "Shape_Leng": 1.11887274940139}, "geometry": {"type": "MultiLineString", "coordinates": [[[4.033499999999549, 49.26116], [4.032800000000861, 49.445770000000266], [4.058150000000751, 49.573340000000826], [3.984889999999723, 49.74010000000089], [3.897580000000744, 49.83791000000019], [3.91993, 50.057880000000296], [3.80861, 50.30369000000064]]]}}, {"type": "Feature", "properties": {"OBJECTID": 2273, "STRETCHID": 189.0, "certainty": "solid", "Shape_Leng": 4.237367598073291}, "geometry": {"type": "MultiLineString", "coordinates": [[[0.19729, 49.52212999999938], [0.541440000000875, 49.52737999999954], [0.719960000000356, 49.53853999999956], [1.097649999999703, 49.44909], [1.369689999999537, 49.35777000000053], [1.737069999999221, 49.197659999999814], [2.340399999999136, 48.85070000000087], [2.66172, 48.54702], [2.947920000000522, 48.40015999999923], [3.290950000000521, 48.20032], [3.66378000000077, 48.26584999999977], [4.064829999999347, 48.30685000000085]]]}}, {"type": "Feature", "properties": {"OBJECTID": 2274, "STRETCHID": 190.0, "certainty": "solid", "Shape_Leng": 1.78889974253891}, "geometry": {"type": "MultiLineString", "coordinates": [[[1.097649999999703, 49.44909], [1.034030000000712, 49.29478000000017], [1.15063, 49.02779999999984], [1.366120000000592, 48.7506599999997], [1.89890000000014, 48.79555000000073], [2.340399999999136, 48.85070000000087]]]}}, {"type": "Feature", "properties": {"OBJECTID": 2275, "STRETCHID": 191.0, "certainty": "solid", "Shape_Leng": 1.13088694518387}, "geometry": {"type": "MultiLineString", "coordinates": [[[2.090690000000905, 49.43390999999974], [1.737069999999221, 49.197659999999814], [2.09755000000041, 49.05703999999969], [2.340399999999136, 48.85070000000087]]]}}, {"type": "Feature", "properties": {"OBJECTID": 2276, "STRETCHID": 192.0, "certainty": "solid", "Shape_Leng": 0.787840486709551}, "geometry": {"type": "MultiLineString", "coordinates": [[[0.541440000000875, 49.52737999999954], [1.15063, 49.02779999999984]]]}}, {"type": "Feature", "properties": {"OBJECTID": 2277, "STRETCHID": 193.0, "certainty": "solid", "Shape_Leng": 1.69579900683686}, "geometry": {"type": "MultiLineString", "coordinates": [[[0.541440000000875, 49.52737999999954], [0.373569999999745, 49.34458000000086], [0.232449999999517, 49.149460000000545], [0.970110000000204, 48.83484999999928], [1.366120000000592, 48.7506599999997]]]}}, {"type": "Feature", "properties": {"OBJECTID": 2278, "STRETCHID": 194.0, "certainty": "solid", "Shape_Leng": 0.996190480487874}, "geometry": {"type": "MultiLineString", "coordinates": [[[5.31689, 47.87055999999939], [5.570170000000871, 48.08375999999953], [5.718940000000657, 48.4001700000008], [5.880629999999655, 48.67107000000033]]]}}, {"type": "Feature", "properties": {"OBJECTID": 2279, "STRETCHID": 195.0, "certainty": "solid", "Shape_Leng": 2.49837739852916}, "geometry": {"type": "MultiLineString", "coordinates": [[[5.31689, 47.87055999999939], [5.56243, 47.60324000000037], [6.003619999999501, 47.2249699999993], [6.79882, 47.44499999999971], [7.493220000000292, 47.667489999999816]]]}}, {"type": "Feature", "properties": {"OBJECTID": 2283, "STRETCHID": 197.0, "certainty": "solid", "Shape_Leng": 18.2533944583228}, "geometry": {"type": "MultiLineString", "coordinates": [[[9.177799999999479, 45.47617], [9.143330000000788, 45.1927799999994], [8.797280000000683, 45.12250999999924], [8.609259999999267, 45.200259999999616], [8.465910000000804, 45.19678000000022], [8.29241, 45.20050000000083], [7.963990000000194, 45.198019999999815], [7.68702999999914, 45.073560000000725], [7.42735, 45.101730000000316], [7.010350000000471, 45.1223800000007], [6.785970000000816, 45.03327999999965], [6.597050000000309, 44.88246000000072], [6.52664999999979, 44.720760000000155], [6.440409999999247, 44.53987000000052], [6.226930000000721, 44.5309500000003], [6.03276, 44.54695999999967], [5.88753, 44.367599999999584], [5.87948999999935, 44.18089999999938], [5.872750000000451, 43.95451999999932], [5.395500000000538, 43.879800000000614], [5.034050000000207, 43.84051], [4.628740000000107, 43.688389999999345], [4.357309999999416, 43.845359999999346], [4.148849999999584, 43.72157999999945], [3.888890000000174, 43.64984999999979], [3.701870000000781, 43.5251700000008], [3.415859999999157, 43.40511999999944], [3.216280000000552, 43.34447], [2.999480000000403, 43.19821000000047], [2.933049999999639, 42.8395], [2.84755000000041, 42.61341999999968], [2.868990000000849, 42.4723099999992], [2.9501, 42.26418999999987], [2.82013999999981, 41.982389999999214], [2.15483999999924, 41.362779999999475], [1.654870000000301, 41.26423000000068], [1.249100000000908, 41.11931], [0.633780000000115, 41.60819000000083], [0.17967999999928, 41.87910000000011], [-0.125120000000607, 42.01671999999962], [-0.415409999999611, 42.133309999999256], [-0.87702999999965, 41.65027999999984], [-1.678009999999631, 42.01046999999926], [-1.96176000000014, 42.29601], [-2.445390000000771, 42.45125999999982], [-2.73538, 42.40288999999939], [-3.04500999999982, 42.497660000000906], [-3.144949999999881, 42.497660000000906], [-3.318059999999605, 42.54941999999937], [-4.047959999999875, 42.41914], [-4.604750000000422, 42.34776000000056], [-5.000930000000153, 42.385229999999865], [-5.411389999999301, 42.53693000000021], [-5.570219999999608, 42.604740000000675]]]}}, {"type": "Feature", "properties": {"OBJECTID": 2284, "STRETCHID": 198.0, "certainty": "solid", "Shape_Leng": 13.3128839392901}, "geometry": {"type": "MultiLineString", "coordinates": [[[4.628740000000107, 43.688389999999345], [4.357309999999416, 43.845359999999346], [4.148849999999584, 43.72157999999945], [3.888890000000174, 43.64984999999979], [3.701870000000781, 43.5251700000008], [3.415859999999157, 43.40511999999944], [3.216280000000552, 43.34447], [2.999480000000403, 43.19821000000047], [2.976909999999407, 42.94728000000032], [2.875780000000304, 42.76643999999942], [2.928799999999683, 42.70795], [2.840620000000854, 42.53888], [2.868990000000849, 42.4723099999992], [2.9501, 42.26418999999987], [2.92627, 42.10463999999956], [2.760039999999208, 41.84568000000036], [2.647349999999278, 41.74327000000085], [2.330889999999272, 41.58266], [2.15483999999924, 41.362779999999475], [1.941839999999502, 41.485099999999875], [1.65273999999954, 41.30069], [1.517110000000685, 41.212649999999485], [1.532579999999143, 41.20075999999972], [1.249100000000908, 41.11931], [0.919869999999719, 41.0056399999994], [0.702139999999417, 40.80933999999979], [0.522499999999127, 40.80458], [0.465089999999691, 40.4771], [0.090330000000904, 40.262950000000274], [-0.130960000000414, 39.97385000000031], [-0.268379999999524, 39.66690000000017], [-0.3701, 39.46702], [-0.43434999999954, 39.197550000000774], [-0.727020000000266, 38.89060000000063], [-0.917970000000423, 38.79958000000079], [-0.798399999999674, 38.49085000000014], [-0.778770000000804, 38.33023999999932], [-0.693110000000161, 38.26241999999911], [-0.766279999999824, 37.88408999999956], [-0.99471000000085, 37.61461000000054], [-1.692489999999452, 37.68243000000075], [-2.04584000000068, 37.680640000000494], [-2.772170000000187, 37.48790999999983], [-3.130870000000868, 37.29695], [-3.16121000000021, 37.57892], [-3.569879999999102, 37.611039999999775], [-3.669819999999163, 37.748460000000705], [-3.625200000000405, 38.04112999999961]]]}}, {"type": "Feature", "properties": {"OBJECTID": 2285, "STRETCHID": 199.0, "certainty": "solid", "Shape_Leng": 1.17821722468133}, "geometry": {"type": "MultiLineString", "coordinates": [[[-4.77596000000085, 37.882410000000164], [-4.30464000000029, 37.87001000000055], [-4.068989999999758, 37.94194000000061], [-3.768830000000889, 37.97419000000082], [-3.625200000000405, 38.04112999999961]]]}}, {"type": "Feature", "properties": {"OBJECTID": 2287, "STRETCHID": 200.0, "certainty": "solid", "Shape_Leng": 1.17620518009386}, "geometry": {"type": "MultiLineString", "coordinates": [[[-4.77596000000085, 37.882410000000164], [-4.374100000000908, 38.02131999999983], [-4.155810000000201, 38.05109000000084], [-3.625200000000405, 38.04112999999961]]]}}, {"type": "Feature", "properties": {"OBJECTID": 2288, "STRETCHID": 201.0, "certainty": "solid", "Shape_Leng": 3.91344747587924}, "geometry": {"type": "MultiLineString", "coordinates": [[[-3.625200000000405, 38.04112999999961], [-3.143710000000283, 37.88984999999957], [-3.034569999999803, 37.7186899999997], [-3.113950000000841, 37.5252], [-3.130870000000868, 37.29695], [-2.78154, 37.14813999999933], [-2.451619999999821, 36.92240999999922], [-2.575650000000678, 36.83310999999958], [-2.818750000000364, 36.776050000000396], [-3.686970000000656, 36.74380000000019], [-3.962320000000545, 36.75869000000057], [-4.078910000000178, 36.76613], [-4.401390000000902, 36.731400000000576]]]}}, {"type": "Feature", "properties": {"OBJECTID": 2289, "STRETCHID": 202.0, "certainty": "solid", "Shape_Leng": 2.29332258311395}, "geometry": {"type": "MultiLineString", "coordinates": [[[-4.401390000000902, 36.731400000000576], [-4.639530000000377, 36.525509999999485], [-4.924800000000687, 36.51310999999987], [-5.2770500000006, 36.294809999999416], [-5.411, 36.19807000000037], [-5.443250000000262, 36.11621000000014], [-5.678910000000542, 36.07155000000057], [-5.768210000000181, 36.098840000000564], [-5.91705, 36.195589999999356], [-6.085730000000694, 36.279930000000604], [-6.209759999999733, 36.43869000000086], [-6.299059999999372, 36.525509999999485]]]}}, {"type": "Feature", "properties": {"OBJECTID": 2291, "STRETCHID": 203.0, "certainty": "solid", "Shape_Leng": 3.82011328662509}, "geometry": {"type": "MultiLineString", "coordinates": [[[-6.299059999999372, 36.525509999999485], [-6.189920000000711, 36.4684500000003], [-6.172169999999824, 36.627339999999094], [-6.14775, 36.76860999999917], [-5.817820000000211, 36.991869999999835], [-5.96666, 37.336670000000595], [-5.998910000000251, 37.386280000000625], [-5.619370000000345, 37.277140000000145], [-5.237359999999171, 37.20024000000012], [-5.043869999999515, 37.125819999999294], [-4.845419999999649, 37.27961999999934], [-4.627130000000761, 37.04891999999927], [-4.55271, 37.01418999999987], [-4.527899999999136, 37.23992999999973], [-4.661850000000413, 37.512800000000425], [-4.699060000000827, 37.63931000000048], [-4.77596000000085, 37.882410000000164]]]}}, {"type": "Feature", "properties": {"OBJECTID": 2292, "STRETCHID": 204.0, "certainty": "solid", "Shape_Leng": 1.39304058933865}, "geometry": {"type": "MultiLineString", "coordinates": [[[-5.998910000000251, 37.386280000000625], [-5.314259999999194, 37.5252], [-5.078600000000733, 37.54255999999987], [-4.94713000000047, 37.65171], [-4.77596000000085, 37.882410000000164]]]}}, {"type": "Feature", "properties": {"OBJECTID": 2293, "STRETCHID": 205.0, "certainty": "solid", "Shape_Leng": 0.064692729884871}, "geometry": {"type": "MultiLineString", "coordinates": [[[-5.998910000000251, 37.386280000000625], [-6.03363999999965, 37.44086000000061]]]}}, {"type": "Feature", "properties": {"OBJECTID": 2294, "STRETCHID": 206.0, "certainty": "solid", "Shape_Leng": 2.85336098171787}, "geometry": {"type": "MultiLineString", "coordinates": [[[-5.998910000000251, 37.386280000000625], [-5.63674, 37.48302999999942], [-5.314259999999194, 37.5252], [-5.078600000000733, 37.54255999999987], [-5.346509999999398, 37.70875999999953], [-5.964180000000852, 38.22473], [-6.34123, 38.92675000000054]]]}}, {"type": "Feature", "properties": {"OBJECTID": 2295, "STRETCHID": 207.0, "certainty": "solid", "Shape_Leng": 2.03308172505799}, "geometry": {"type": "MultiLineString", "coordinates": [[[-4.77596000000085, 37.882410000000164], [-5.326660000000629, 38.30659000000014], [-5.542470000000321, 38.72581999999966], [-5.93937, 38.96395999999913], [-6.34123, 38.92675000000054]]]}}, {"type": "Feature", "properties": {"OBJECTID": 2296, "STRETCHID": 208.0, "certainty": "solid", "Shape_Leng": 3.06402830735277}, "geometry": {"type": "MultiLineString", "coordinates": [[[-9.143120000000636, 38.73011000000042], [-9.052700000000186, 38.599239999999554], [-8.895660000000134, 38.527860000000146], [-8.83379000000059, 38.52548000000024], [-8.688640000000305, 38.56593000000066], [-8.517320000000836, 38.36367000000064], [-7.924839999999676, 38.56355000000076], [-6.418639999999868, 38.88002000000051], [-6.34123, 38.92675000000054]]]}}, {"type": "Feature", "properties": {"OBJECTID": 2297, "STRETCHID": 209.0, "certainty": "solid", "Shape_Leng": 1.92963353155641}, "geometry": {"type": "MultiLineString", "coordinates": [[[-6.925509999999122, 37.27297], [-8.517320000000836, 38.36367000000064]]]}}, {"type": "Feature", "properties": {"OBJECTID": 2299, "STRETCHID": 210.0, "certainty": "solid", "Shape_Leng": 3.09853277879522}, "geometry": {"type": "MultiLineString", "coordinates": [[[-9.143120000000636, 38.73011000000042], [-8.172469999999521, 39.3460699999996], [-7.689689999999246, 39.131789999999455], [-7.294700000000375, 39.10081], [-7.13463000000047, 39.04142999999931], [-6.881620000000112, 39.02335999999923], [-6.835150000000795, 38.92783000000054], [-6.34123, 38.92675000000054]]]}}, {"type": "Feature", "properties": {"OBJECTID": 2300, "STRETCHID": 211.0, "certainty": "solid", "Shape_Leng": 3.24789283354204}, "geometry": {"type": "MultiLineString", "coordinates": [[[-9.143120000000636, 38.73011000000042], [-9.063159999999698, 39.06724000000031], [-8.70946, 39.21955999999955], [-8.26541, 39.44933999999921], [-7.13463000000047, 39.04142999999931], [-6.835150000000795, 38.92783000000054], [-6.34123, 38.92675000000054]]]}}, {"type": "Feature", "properties": {"OBJECTID": 2301, "STRETCHID": 211.0, "certainty": "solid", "Shape_Leng": 1.73154061548728}, "geometry": {"type": "MultiLineString", "coordinates": [[[-9.143120000000636, 38.73011000000042], [-9.063159999999698, 39.06724000000031], [-8.70946, 39.21955999999955], [-8.397080000000642, 39.55260000000089], [-8.495179999999891, 40.08700999999928]]]}}, {"type": "Feature", "properties": {"OBJECTID": 2302, "STRETCHID": 212.0, "certainty": "solid", "Shape_Leng": 1.5492997626292}, "geometry": {"type": "MultiLineString", "coordinates": [[[-8.495179999999891, 40.08700999999928], [-8.420309999999517, 40.21609999999964], [-8.466780000000654, 40.639499999999316], [-8.523579999999129, 40.99576999999954], [-8.608780000000479, 41.155829999999696], [-8.428060000000187, 41.548249999999825]]]}}, {"type": "Feature", "properties": {"OBJECTID": 2303, "STRETCHID": 213.0, "certainty": "solid", "Shape_Leng": 2.95678465184173}, "geometry": {"type": "MultiLineString", "coordinates": [[[-8.428060000000187, 41.548249999999825], [-8.145839999999225, 41.679980000000796], [-7.810439999999289, 41.78924999999981], [-7.627940000000308, 41.85829999999987], [-6.699720000000525, 41.79257999999936], [-6.43920000000071, 41.87868999999955], [-6.002049999999144, 42.08180999999968], [-5.957889999999679, 42.3070000000007], [-6.048409999999421, 42.46376000000055]]]}}, {"type": "Feature", "properties": {"OBJECTID": 2304, "STRETCHID": 214.0, "certainty": "solid", "Shape_Leng": 2.77017124382264}, "geometry": {"type": "MultiLineString", "coordinates": [[[-8.428060000000187, 41.548249999999825], [-8.26948000000084, 41.72635000000082], [-8.10167999999976, 41.88973000000078], [-7.986880000000383, 41.99128000000019], [-7.746230000000651, 42.11933999999928], [-7.673370000000432, 42.24077000000034], [-7.399600000000646, 42.348949999999604], [-7.24726, 42.35337000000072], [-7.11037000000033, 42.40193999999974], [-6.90063, 42.499079999999594], [-6.726210000000719, 42.607270000000426], [-6.512049999999363, 42.61389000000054], [-6.048409999999421, 42.46376000000055]]]}}, {"type": "Feature", "properties": {"OBJECTID": 2305, "STRETCHID": 215.0, "certainty": "solid", "Shape_Leng": 4.152612504102861}, "geometry": {"type": "MultiLineString", "coordinates": [[[-6.048409999999421, 42.46376000000055], [-6.512049999999363, 42.61389000000054], [-6.726210000000719, 42.607270000000426], [-6.91388, 42.67792], [-7.090500000000247, 42.87661999999909], [-7.258299999999508, 42.900910000000295], [-7.567390000000159, 43.02013000000079], [-7.726350000000821, 42.94727000000057], [-8.002329999999347, 42.92078000000038], [-8.543250000000626, 42.88104000000021], [-8.651429999999891, 42.7529799999993], [-8.64259999999922, 42.61168], [-8.52117, 42.40855999999985], [-8.525579999999536, 42.29155], [-8.64480999999978, 42.048689999999624], [-8.580780000000232, 41.76608999999917], [-8.428060000000187, 41.548249999999825]]]}}, {"type": "Feature", "properties": {"OBJECTID": 2307, "STRETCHID": 216.0, "certainty": "solid", "Shape_Leng": 5.2280715328854}, "geometry": {"type": "MultiLineString", "coordinates": [[[-8.428060000000187, 41.548249999999825], [-8.64259999999922, 42.61168], [-8.71766000000025, 42.23634999999922], [-8.649219999999332, 42.437260000000606], [-8.651429999999891, 42.72428000000036], [-8.49026000000049, 42.98612999999932], [-8.4041500000003, 43.36366000000089], [-7.88753, 43.18261999999959], [-7.567390000000159, 43.02013000000079], [-7.258299999999508, 42.900910000000295], [-7.090500000000247, 42.87661999999909], [-6.91388, 42.67792], [-6.726210000000719, 42.607270000000426], [-6.048409999999421, 42.46376000000055]]]}}, {"type": "Feature", "properties": {"OBJECTID": 2309, "STRETCHID": 217.0, "certainty": "solid", "Shape_Leng": 3.18878659035708}, "geometry": {"type": "MultiLineString", "coordinates": [[[-7.448169999999664, 37.2215099999994], [-7.728559999999561, 37.08021], [-7.918429999999717, 37.01176999999916], [-8.242980000000898, 37.64321000000018], [-8.517320000000836, 38.36367000000064], [-7.924839999999676, 38.56355000000076], [-7.856620000000476, 38.00086999999985]]]}}, {"type": "Feature", "properties": {"OBJECTID": 2310, "STRETCHID": 218.0, "certainty": "solid", "Shape_Leng": 0.880090713587201}, "geometry": {"type": "MultiLineString", "coordinates": [[[-7.448169999999664, 37.2215099999994], [-7.668949999999313, 37.62334], [-7.856620000000476, 38.00086999999985]]]}}, {"type": "Feature", "properties": {"OBJECTID": 2311, "STRETCHID": 219.0, "certainty": "solid", "Shape_Leng": 2.97593346250956}, "geometry": {"type": "MultiLineString", "coordinates": [[[-7.406220000000758, 37.23255000000063], [-7.152319999999236, 37.28996], [-7.002189999999246, 37.25684], [-6.925509999999122, 37.27297], [-6.679850000000442, 37.369440000000395], [-6.36413, 37.46658000000025], [-6.03363999999965, 37.44086000000061], [-6.113900000000285, 37.804690000000846], [-6.225039999999353, 38.07151999999951], [-6.379590000000462, 38.354129999999714], [-6.35750999999982, 38.58814999999959], [-6.34123, 38.92675000000054]]]}}, {"type": "Feature", "properties": {"OBJECTID": 2312, "STRETCHID": 220.0, "certainty": "solid", "Shape_Leng": 9.10122423095289}, "geometry": {"type": "MultiLineString", "coordinates": [[[-0.87702999999965, 41.65027999999984], [-1.180169999999634, 41.641569999999774], [-1.418620000000374, 41.50689000000057], [-1.608490000000529, 41.38104000000021], [-1.904339999999138, 41.2861099999991], [-2.100829999999405, 41.27506999999969], [-2.657199999999648, 41.07194999999956], [-3.089939999999842, 40.893120000000636], [-3.187079999999696, 40.659089999999196], [-3.372540000000299, 40.484669999999824], [-3.58007, 40.13141999999971], [-3.77657, 40.44714000000022], [-4.107739999999467, 40.939479999999094], [-4.520599999999831, 41.21545999999944], [-4.74800999999934, 41.427410000000236], [-4.834109999999782, 41.59298999999919], [-5.295550000000731, 41.64597999999933], [-5.60023, 41.500270000000455], [-5.745940000000701, 41.51793], [-5.741529999999329, 41.27065000000039], [-5.657629999999699, 40.961559999999736], [-5.706200000000536, 40.716490000000704], [-5.768019999999524, 40.47583999999915], [-5.787889999999607, 40.38531999999941], [-6.08374, 40.1623299999992], [-6.282440000000861, 39.968039999999746], [-6.4105, 39.77375000000029], [-6.344259999999849, 39.488939999999275], [-6.295690000000832, 39.2460800000008], [-6.34123, 38.92675000000054]]]}}, {"type": "Feature", "properties": {"OBJECTID": 2313, "STRETCHID": 221.0, "certainty": "solid", "Shape_Leng": 6.6494645157362}, "geometry": {"type": "MultiLineString", "coordinates": [[[-0.87702999999965, 41.65027999999984], [-1.180169999999634, 41.641569999999774], [-1.418620000000374, 41.50689000000057], [-1.608490000000529, 41.38104000000021], [-1.904339999999138, 41.2861099999991], [-2.100829999999405, 41.27506999999969], [-2.657199999999648, 41.07194999999956], [-3.089939999999842, 40.893120000000636], [-3.187079999999696, 40.659089999999196], [-3.372540000000299, 40.484669999999824], [-3.58007, 40.13141999999971], [-4.026050000000396, 39.85765], [-5.673080000000482, 39.809080000000904], [-5.764489999999569, 39.598550000000614], [-5.907110000000102, 39.15114999999969], [-6.34123, 38.92675000000054]]]}}, {"type": "Feature", "properties": {"OBJECTID": 2314, "STRETCHID": 222.0, "certainty": "solid", "Shape_Leng": 7.09345369305106}, "geometry": {"type": "MultiLineString", "coordinates": [[[-6.048409999999421, 42.46376000000055], [-5.838669999999183, 42.27079000000049], [-5.575940000000628, 42.03896999999961], [-5.796720000000278, 41.716630000000805], [-5.745940000000701, 41.51793], [-3.58007, 40.13141999999971], [-3.372540000000299, 40.484669999999824], [-3.187079999999696, 40.659089999999196], [-3.089939999999842, 40.893120000000636], [-2.657199999999648, 41.07194999999956], [-2.100829999999405, 41.27506999999969], [-1.904339999999138, 41.2861099999991], [-1.608490000000529, 41.38104000000021], [-1.418620000000374, 41.50689000000057], [-1.180169999999634, 41.641569999999774], [-0.87702999999965, 41.65027999999984]]]}}, {"type": "Feature", "properties": {"OBJECTID": 2315, "STRETCHID": 223.0, "certainty": "solid", "Shape_Leng": 5.47025670737282}, "geometry": {"type": "MultiLineString", "coordinates": [[[-6.048409999999421, 42.46376000000055], [-5.575940000000628, 42.03896999999961], [-5.167489999999816, 41.98378000000048], [-4.902560000000449, 41.89767000000029], [-4.639820000000327, 41.732089999999516], [-3.922280000000683, 41.705589999999575], [-3.403449999999793, 41.76741000000038], [-3.06804000000011, 41.7246099999993], [-2.805130000000645, 41.69234999999935], [-2.427589999999327, 41.8159799999994], [-1.917589999999109, 41.84689000000071], [-1.723299999999654, 41.89546999999948], [-1.47602, 41.83806], [-0.87702999999965, 41.65027999999984]]]}}, {"type": "Feature", "properties": {"OBJECTID": 2348, "STRETCHID": 163.1, "certainty": "solid", "Shape_Leng": 1.00767367242523}, "geometry": {"type": "MultiLineString", "coordinates": [[[18.493720000000394, 40.14075000000048], [19.43073, 40.51145]]]}}, {"type": "Feature", "properties": {"OBJECTID": 2349, "STRETCHID": 196.0, "certainty": "solid", "Shape_Leng": 2.02951402295065}, "geometry": {"type": "MultiLineString", "coordinates": [[[-1.684069999999338, 48.12887000000046], [-2.038790000000517, 48.36482000000069], [-2.196889999999257, 48.487049999999726], [-1.440609999999651, 49.07861000000048], [-1.456930000000284, 49.52180000000044]]]}}, {"type": "Feature", "properties": {"OBJECTID": 2351, "STRETCHID": 248.0, "certainty": "solid", "Shape_Leng": 2.43829832569001}, "geometry": {"type": "MultiLineString", "coordinates": [[[-4.066740000000209, 51.669700000000375], [-3.822190000000774, 51.67377999999917], [-3.439060000000609, 51.45980000000054], [-2.968310000000201, 51.618749999999636], [-2.927550000000338, 51.74307000000044], [-3.02129000000059, 51.82661999999982], [-2.811390000000756, 52.087470000000394], [-2.880680000000211, 52.37277999999969], [-2.646249999999782, 52.66316]]]}}, {"type": "Feature", "properties": {"OBJECTID": 2316, "STRETCHID": 224.0, "certainty": "solid", "Shape_Leng": 0.899520517545988}, "geometry": {"type": "MultiLineString", "coordinates": [[[-0.87702999999965, 41.65027999999984], [-1.12277, 41.76741000000038], [-1.405370000000403, 41.89326000000074], [-1.723299999999654, 41.89546999999948]]]}}, {"type": "Feature", "properties": {"OBJECTID": 2317, "STRETCHID": 225.0, "certainty": "solid", "Shape_Leng": 8.56504405572378}, "geometry": {"type": "MultiLineString", "coordinates": [[[-6.34123, 38.92675000000054], [-5.728279999999359, 38.899460000000545], [-5.010739999999714, 38.81997000000047], [-4.542680000000473, 38.654389999999694], [-4.054749999999331, 38.81997000000047], [-3.323969999999463, 38.63010000000031], [-2.928770000000441, 38.56165999999939], [-3.045780000000377, 38.895039999999426], [-3.11643, 39.54192999999941], [-3.390199999999822, 39.76051], [-3.58007, 40.13141999999971], [-3.372540000000299, 40.484669999999824], [-3.187079999999696, 40.659089999999196], [-3.089939999999842, 40.893120000000636], [-2.657199999999648, 41.07194999999956], [-2.100829999999405, 41.27506999999969], [-1.904339999999138, 41.2861099999991], [-1.608490000000529, 41.38104000000021], [-1.418620000000374, 41.50689000000057], [-1.180169999999634, 41.641569999999774], [-0.87702999999965, 41.65027999999984]]]}}, {"type": "Feature", "properties": {"OBJECTID": 2318, "STRETCHID": 226.0, "certainty": "solid", "Shape_Leng": 1.37698232227735}, "geometry": {"type": "MultiLineString", "coordinates": [[[-4.026050000000396, 39.85765], [-3.59994, 39.44919999999911], [-3.323969999999463, 39.12464999999975], [-3.045780000000377, 38.895039999999426]]]}}, {"type": "Feature", "properties": {"OBJECTID": 2320, "STRETCHID": 227.0, "certainty": "solid", "Shape_Leng": 4.27921608315182}, "geometry": {"type": "MultiLineString", "coordinates": [[[-0.87702999999965, 41.65027999999984], [-1.213289999999688, 41.27065000000039], [-1.310439999999289, 41.105069999999614], [-1.283939999999347, 40.92403000000013], [-1.729919999999765, 39.349850000000515], [-1.727709999999206, 38.91490999999951], [-1.997069999999439, 38.91712], [-2.350319999999556, 38.93699000000015], [-2.74771999999939, 38.95907000000079], [-3.045780000000377, 38.895039999999426]]]}}, {"type": "Feature", "properties": {"OBJECTID": 2321, "STRETCHID": 228.0, "certainty": "solid", "Shape_Leng": 8.185664030752832}, "geometry": {"type": "MultiLineString", "coordinates": [[[1.249100000000908, 41.11931], [1.168939999999566, 41.36117000000013], [0.97686000000067, 41.429620000000796], [0.619500000000698, 41.61533000000054], [0.332179999999425, 41.82040000000052], [-0.014450000000579, 41.955079999999725], [-0.415409999999611, 42.133309999999256], [-0.575230000000374, 42.04339000000073], [-0.751860000000306, 41.85352000000057], [-0.87702999999965, 41.65027999999984], [-1.405370000000403, 41.89326000000074], [-1.727709999999206, 42.15378000000055], [-2.28629, 42.43196999999964], [-2.818380000000616, 42.4982], [-3.318059999999605, 42.54941999999937], [-3.464389999999185, 42.44947999999931], [-3.807479999999487, 42.36131000000023], [-4.047959999999875, 42.41914], [-4.330729999999676, 42.41650999999911], [-4.604750000000422, 42.34776000000056], [-4.800999999999476, 42.337030000000595], [-5.38386, 42.44742000000042], [-5.549450000000434, 42.44520999999986], [-5.756980000000112, 42.52690000000075], [-6.048409999999421, 42.46376000000055]]]}}, {"type": "Feature", "properties": {"OBJECTID": 2322, "STRETCHID": 229.0, "certainty": "solid", "Shape_Leng": 1.92079731670129}, "geometry": {"type": "MultiLineString", "coordinates": [[[-0.440559999999095, 43.34159], [-0.608350000000428, 43.19145000000026], [-0.608350000000428, 42.98833999999988], [-0.575230000000374, 42.88457000000017], [-0.727569999999105, 42.847030000000814], [-0.69887000000017, 42.330410000000484], [-0.687830000000758, 42.27299999999923], [-0.87702999999965, 41.65027999999984]]]}}, {"type": "Feature", "properties": {"OBJECTID": 2323, "STRETCHID": 230.0, "certainty": "solid", "Shape_Leng": 7.26418450194599}, "geometry": {"type": "MultiLineString", "coordinates": [[[-6.048409999999421, 42.46376000000055], [-5.756980000000112, 42.52690000000075], [-5.549450000000434, 42.44520999999986], [-5.38386, 42.44742000000042], [-4.800999999999476, 42.337030000000595], [-4.604750000000422, 42.34776000000056], [-4.047959999999875, 42.41914], [-3.807479999999487, 42.36131000000023], [-3.464389999999185, 42.44947999999931], [-3.318059999999605, 42.54941999999937], [-3.176040000000285, 42.64833], [-2.911099999999351, 42.712359999999535], [-2.7963, 42.82936999999947], [-2.621880000000601, 42.866910000000644], [-2.403309999999692, 42.85366000000067], [-2.290709999999308, 42.860280000000785], [-1.957329999999274, 42.919889999999214], [-1.844730000000709, 42.88015000000087], [-1.65265, 42.79846], [-1.38771000000088, 42.97509], [-1.361220000000685, 43.010410000000775], [-1.204460000000836, 43.16055000000051], [-1.080819999999221, 43.3371700000007], [-1.058740000000398, 43.72795000000042], [-1.257449999999153, 43.99951999999939], [-1.162510000000111, 44.20925999999963], [-1.058740000000398, 44.49186], [-0.948350000000573, 44.62212], [-0.582220000000234, 44.85844]]]}}, {"type": "Feature", "properties": {"OBJECTID": 2324, "STRETCHID": 231.0, "certainty": "solid", "Shape_Leng": 1.23453698499854}, "geometry": {"type": "MultiLineString", "coordinates": [[[-1.058740000000398, 43.72795000000042], [-0.983679999999367, 44.03484000000026], [-0.873289999999542, 44.32626999999957], [-0.723159999999552, 44.57796000000053], [-0.582220000000234, 44.85844]]]}}, {"type": "Feature", "properties": {"OBJECTID": 2325, "STRETCHID": 232.0, "certainty": "solid", "Shape_Leng": 2.91222687074791}, "geometry": {"type": "MultiLineString", "coordinates": [[[1.434950000000754, 43.61663000000044], [1.274919999999838, 43.394570000000385], [1.085049999999683, 43.22678000000087], [0.91504999999961, 43.14950999999928], [0.55825, 43.037640000000465], [0.300919999999678, 43.14650000000074], [-0.043149999999514, 43.094310000000405], [-0.440559999999095, 43.34159], [-1.058740000000398, 43.72795000000042]]]}}, {"type": "Feature", "properties": {"OBJECTID": 2326, "STRETCHID": 233.0, "certainty": "solid", "Shape_Leng": 6.55943908570431}, "geometry": {"type": "MultiLineString", "coordinates": [[[4.287819999999556, 46.96617999999944], [3.828779999999824, 46.92391999999927], [3.460279999999329, 46.851730000000316], [2.91320000000087, 46.83648], [2.407610000000204, 47.08059999999932], [2.135969999999361, 46.920459999999366], [1.510480000000825, 46.59977000000072], [0.954649999999674, 46.592210000000705], [0.353240000000369, 46.57078999999976], [0.118099999999686, 46.2866699999995], [-0.314220000000205, 46.06819], [-0.630750000000262, 45.751790000000256], [-0.877699999999095, 45.54056999999921], [-0.676789999999528, 45.4346000000005], [-0.649830000000293, 45.137070000000676], [-0.582220000000234, 44.85844]]]}}, {"type": "Feature", "properties": {"OBJECTID": 2328, "STRETCHID": 234.0, "certainty": "solid", "Shape_Leng": 4.180708267493111}, "geometry": {"type": "MultiLineString", "coordinates": [[[1.510480000000825, 46.59977000000072], [1.248960000000807, 45.83454999999958], [0.985880000000179, 45.626399999999194], [0.715029999999388, 45.18875999999909], [0.499980000000505, 44.86498000000029], [0.708060000000842, 44.42153999999937], [0.628870000000461, 44.20295000000078], [0.345359999999346, 44.28623999999945], [0.173720000000685, 44.41201999999976], [-0.36931, 44.61635000000024], [-0.582220000000234, 44.85844]]]}}, {"type": "Feature", "properties": {"OBJECTID": 2329, "STRETCHID": 235.0, "certainty": "solid", "Shape_Leng": 1.17213681660789}, "geometry": {"type": "MultiLineString", "coordinates": [[[0.55825, 43.037640000000465], [0.552960000000894, 43.38133000000016], [0.59627, 43.64142], [0.639170000000377, 43.94688999999926], [0.628870000000461, 44.20295000000078]]]}}, {"type": "Feature", "properties": {"OBJECTID": 2330, "STRETCHID": 236.0, "certainty": "solid", "Shape_Leng": 0.695773875214497}, "geometry": {"type": "MultiLineString", "coordinates": [[[1.609549999999217, 50.727530000000115], [1.406979999999749, 51.300820000000385], [1.319240000000718, 51.30197000000044]]]}}, {"type": "Feature", "properties": {"OBJECTID": 2331, "STRETCHID": 237.0, "certainty": "solid", "Shape_Leng": 2.24532454362756}, "geometry": {"type": "MultiLineString", "coordinates": [[[-0.77599, 54.16222000000016], [-1.113869999999224, 53.957580000000235], [-1.404169999999795, 54.097970000000714], [-1.642120000000432, 54.38112999999976], [-1.701600000000326, 54.67856000000029], [-1.82770999999957, 54.89509], [-2.003790000000663, 54.980750000000626], [-2.262409999999363, 55.29666]]]}}, {"type": "Feature", "properties": {"OBJECTID": 2332, "STRETCHID": 238.0, "certainty": "solid", "Shape_Leng": 9.58202491092848}, "geometry": {"type": "MultiLineString", "coordinates": [[[-3.219699999999648, 55.071169999999256], [-2.955579999999827, 55.02834000000075], [-2.938920000000508, 54.89509], [-2.789020000000164, 54.733290000000125], [-2.543929999999818, 54.63097000000016], [-2.344059999999445, 54.52390000000014], [-1.965720000000147, 54.52152000000024], [-1.642120000000432, 54.38112999999976], [-1.404169999999795, 54.097970000000714], [-1.113869999999224, 53.957580000000235], [-1.285200000000259, 53.8814399999992], [-1.901480000000447, 53.6553899999999], [-2.325020000000222, 53.46978999999919], [-2.534410000000207, 53.2532599999995], [-2.905609999999797, 53.19615999999951], [-2.888950000000477, 53.06767000000036], [-2.698599999999715, 52.9653500000004], [-2.658149999999296, 52.83685999999943], [-2.646249999999782, 52.66316], [-2.417820000000575, 52.67742999999973], [-2.158460000000559, 52.68218999999954], [-1.822949999999764, 52.64412000000084], [-1.49935, 52.56322], [-1.294710000000123, 52.48708000000079], [-1.09008, 52.25389], [-0.98538, 52.12540000000081], [-0.70937000000049, 51.999289999999746], [-0.521389999999883, 51.89458999999988], [-0.357210000000123, 51.74705999999969], [-0.321509999999762, 51.63998999999967], [-0.083570000000691, 51.52577000000019], [0.168680000000677, 51.45686000000023], [0.330459999999221, 51.435349999999744], [0.522360000000845, 51.37968], [0.780179999999746, 51.30599000000075], [1.061480000000302, 51.26891000000069], [1.319240000000718, 51.30197000000044]]]}}, {"type": "Feature", "properties": {"OBJECTID": 2333, "STRETCHID": 239.0, "certainty": "solid", "Shape_Leng": 1.45632123034267}, "geometry": {"type": "MultiLineString", "coordinates": [[[-0.083570000000691, 51.52577000000019], [0.522360000000845, 51.37968], [1.061480000000302, 51.26891000000069], [1.30703, 51.128930000000764]]]}}, {"type": "Feature", "properties": {"OBJECTID": 2334, "STRETCHID": 240.0, "certainty": "solid", "Shape_Leng": 1.36576012095593}, "geometry": {"type": "MultiLineString", "coordinates": [[[-0.083570000000691, 51.52577000000019], [0.522360000000845, 51.37968], [1.061480000000302, 51.26891000000069], [1.029060000000754, 51.07957999999962]]]}}, {"type": "Feature", "properties": {"OBJECTID": 2336, "STRETCHID": 241.0, "certainty": "solid", "Shape_Leng": 6.83748713632487}, "geometry": {"type": "MultiLineString", "coordinates": [[[-2.938920000000508, 54.89509], [-2.689080000000104, 54.650009999999384], [-2.344059999999445, 54.52390000000014], [-1.965720000000147, 54.52152000000024], [-1.642120000000432, 54.38112999999976], [-1.404169999999795, 54.097970000000714], [-1.113869999999224, 53.957580000000235], [-1.34706, 53.72439999999915], [-1.123390000000654, 53.52690000000075], [-0.764090000000579, 53.33416000000034], [-0.538049999999203, 53.23898999999983], [-0.590389999999388, 52.893959999999424], [-0.36672, 52.56084], [0.125819999999294, 52.22534000000087], [0.661200000000463, 52.30861999999979], [0.897430000000895, 51.88905999999952], [0.473599999999351, 51.73007999999936], [-0.083570000000691, 51.52577000000019]]]}}, {"type": "Feature", "properties": {"OBJECTID": 2337, "STRETCHID": 242.0, "certainty": "solid", "Shape_Leng": 2.66859834646123}, "geometry": {"type": "MultiLineString", "coordinates": [[[-0.083570000000691, 51.52577000000019], [-0.357210000000123, 51.74705999999969], [-0.521389999999883, 51.89458999999988], [-0.70937000000049, 51.999289999999746], [-0.98538, 52.12540000000081], [-1.09008, 52.25389], [-1.218570000000909, 52.4061700000002], [-1.294710000000123, 52.48708000000079], [-1.135290000000168, 52.64650000000074], [-1.071040000000721, 52.813060000000405], [-0.93779, 53.00580000000082], [-0.797409999999218, 53.08669999999984], [-0.695089999999254, 53.14142999999967], [-0.538049999999203, 53.23898999999983]]]}}, {"type": "Feature", "properties": {"OBJECTID": 2338, "STRETCHID": 243.0, "certainty": "solid", "Shape_Leng": 1.40146305786817}, "geometry": {"type": "MultiLineString", "coordinates": [[[-1.325650000000678, 51.07129999999961], [-1.178439999999682, 51.219450000000506], [-1.073420000000624, 51.37824999999975], [-0.509490000000369, 51.435349999999744], [-0.083570000000691, 51.52577000000019]]]}}, {"type": "Feature", "properties": {"OBJECTID": 2339, "STRETCHID": 244.0, "certainty": "solid", "Shape_Leng": 3.93840480547345}, "geometry": {"type": "MultiLineString", "coordinates": [[[-1.113869999999224, 53.957580000000235], [-1.34706, 53.72439999999915], [-1.123390000000654, 53.52690000000075], [-0.764090000000579, 53.33416000000034], [-0.538049999999203, 53.23898999999983], [-0.695089999999254, 53.14142999999967], [-0.93779, 53.00580000000082], [-1.071040000000721, 52.813060000000405], [-1.135290000000168, 52.64650000000074], [-1.294710000000123, 52.48708000000079], [-1.09008, 52.25389], [-0.70937000000049, 51.999289999999746], [-0.521389999999883, 51.89458999999988], [-0.357210000000123, 51.74705999999969], [-0.083570000000691, 51.52577000000019]]]}}, {"type": "Feature", "properties": {"OBJECTID": 2340, "STRETCHID": 245.0, "certainty": "solid", "Shape_Leng": 1.85012618393699}, "geometry": {"type": "MultiLineString", "coordinates": [[[-0.083570000000691, 51.52577000000019], [0.192559999999503, 51.5715], [0.473599999999351, 51.73007999999936], [0.670550000000731, 51.823019999999815], [0.897430000000895, 51.88905999999952], [0.961370000000898, 51.98084000000017], [1.068400000000111, 52.13305000000037], [1.175250000000233, 52.31792999999925], [1.294130000000223, 52.57365000000027]]]}}, {"type": "Feature", "properties": {"OBJECTID": 2341, "STRETCHID": 246.0, "certainty": "solid", "Shape_Leng": 2.31214045820159}, "geometry": {"type": "MultiLineString", "coordinates": [[[-3.397919999999431, 54.36179000000084], [-2.986279999999169, 54.43318], [-2.734060000000682, 54.33086], [-2.586530000000494, 54.16906000000017], [-2.555599999999686, 53.816899999999805], [-2.436620000000403, 53.6527100000003], [-2.325020000000222, 53.46978999999919], [-2.534410000000207, 53.2532599999995], [-2.698599999999715, 52.9653500000004]]]}}, {"type": "Feature", "properties": {"OBJECTID": 2343, "STRETCHID": 247.0, "certainty": "solid", "Shape_Leng": 1.36984611118971}, "geometry": {"type": "MultiLineString", "coordinates": [[[-4.262370000000374, 53.14921999999933], [-3.842570000000705, 53.23888000000079], [-3.432950000000346, 53.25518999999986], [-2.905609999999797, 53.19615999999951]]]}}, {"type": "Feature", "properties": {"OBJECTID": 2345, "STRETCHID": 249.0, "certainty": "solid", "Shape_Leng": 2.12884346057331}, "geometry": {"type": "MultiLineString", "coordinates": [[[-2.968310000000201, 51.618749999999636], [-2.927550000000338, 51.74307000000044], [-2.696330000000671, 51.81100999999944], [-2.522629999999481, 51.9061899999997], [-2.263269999999466, 51.87286999999924], [-1.708860000000641, 51.57068000000072], [-1.237719999999172, 51.40411999999924], [-1.073420000000624, 51.37824999999975]]]}}, {"type": "Feature", "properties": {"OBJECTID": 2346, "STRETCHID": 250.0, "certainty": "solid", "Shape_Leng": 1.96797781751654}, "geometry": {"type": "MultiLineString", "coordinates": [[[-2.968310000000201, 51.618749999999636], [-2.774709999999686, 51.60856000000058], [-2.732729999999719, 51.549629999999524], [-2.667779999999766, 51.48502], [-2.37271999999939, 51.39697999999953], [-2.058639999999286, 51.40888000000086], [-1.6803, 51.42316000000028], [-1.237719999999172, 51.40411999999924], [-1.073420000000624, 51.37824999999975]]]}}, {"type": "Feature", "properties": {"OBJECTID": 2347, "STRETCHID": 251.0, "certainty": "solid", "Shape_Leng": 2.73577338269501}, "geometry": {"type": "MultiLineString", "coordinates": [[[-1.073420000000624, 51.37824999999975], [-1.178439999999682, 51.219450000000506], [-1.325650000000678, 51.07129999999961], [-1.611300000000483, 51.07575999999972], [-1.811170000000857, 51.097169999999096], [-2.056259999999384, 50.83542999999918], [-2.434590000000753, 50.718839999999545], [-3.167250000000422, 50.76792000000023], [-3.525460000000749, 50.72255000000041]]]}}, {"type": "Feature", "properties": {"OBJECTID": 2060, "STRETCHID": 1.0, "certainty": "solid", "Shape_Leng": 2.3369041884745}, "geometry": {"type": "MultiLineString", "coordinates": [[[-6.874920000000202, 33.94376999999986], [-6.809699999999793, 34.006649999999354], [-6.484049999999115, 34.344310000000405], [-6.119389999999839, 34.60993000000053], [-6.144899999999325, 34.97914999999921], [-6.11038, 35.2132500000007], [-6.017340000000331, 35.35431000000062], [-5.919799999999668, 35.53289000000041], [-5.837260000000242, 35.535900000000765], [-5.798230000000331, 35.797269999999116]]]}}, {"type": "Feature", "properties": {"OBJECTID": 2061, "STRETCHID": 3.0, "certainty": "solid", "Shape_Leng": 2.01622014222464}, "geometry": {"type": "MultiLineString", "coordinates": [[[-5.579139999999825, 34.047169999999824], [-5.558139999999185, 34.08619], [-5.838760000000548, 34.15071999999964], [-5.910009999999602, 34.32992999999988], [-5.942269999999553, 34.546290000000226], [-5.952810000000682, 34.84854000000087], [-5.904790000000503, 35.00915999999961], [-5.816249999999854, 35.43384999999944], [-5.837260000000242, 35.535900000000765], [-5.798230000000331, 35.797269999999116]]]}}]}