{"type": "FeatureCollection", "name": "bordeaux_itinerary_locations", "features": [{"type": "Feature", "properties": {"name": "BVRDIGALA", "place_type": "amphitheatre,settlement", "pleiades_uri": "http://pleiades.stoa.org/places/138248", "vocab_label": "Burdigala|Mithraeum, Bordeaux|Burdigala, Bordeaux|Piliers de Tutelle, Bordeaux|Bordeaux"}, "geometry": {"type": "Point", "coordinates": [-0.573687, 44.834764]}}, {"type": "Feature", "properties": {"name": "HIERVSALEM", "place_type": "church-2,settlement,temple-2", "pleiades_uri": "http://pleiades.stoa.org/places/687928", "vocab_label": "Ierusalem/Hierosolyma/Col. Aelia Capitolina|Ierusalem/Hierosolyma/Col. Aelia Capitolina, Jerusalem"}, "geometry": {"type": "Point", "coordinates": [35.234167, 31.776667]}}, {"type": "Feature", "properties": {"name": "HERACLEA", "place_type": "settlement", "pleiades_uri": "http://pleiades.stoa.org/places/511357", "vocab_label": "Perinthus/Heraclea|Perinthus/Perinthos/Heraclea, Marmara Ere\u011flisi Adliyesi"}, "geometry": {"type": "Point", "coordinates": [27.95454, 40.97089]}}, {"type": "Feature", "properties": {"name": "AVLONAM", "place_type": "settlement", "pleiades_uri": "http://pleiades.stoa.org/places/481750", "vocab_label": "Aulon|Aulon/Aulona, Kepi Triportit, Vlor\u00eb"}, "geometry": {"type": "Point", "coordinates": [19.49278, 40.46725]}}, {"type": "Feature", "properties": {"name": "ROMAM", "place_type": "settlement,urban", "pleiades_uri": "http://pleiades.stoa.org/places/423025", "vocab_label": "Roma|Roma, Roma|Rome"}, "geometry": {"type": "Point", "coordinates": [12.4843457, 41.89262]}}, {"type": "Feature", "properties": {"name": "MEDIOLANVM", "place_type": "urban,settlement", "pleiades_uri": "http://pleiades.stoa.org/places/383706", "vocab_label": "Mediolan(i)um|Mediolanium/Mediolanum, Milano|Milan"}, "geometry": {"type": "Point", "coordinates": [9.1881, 45.4637]}}, {"type": "Feature", "properties": {"name": "burdigala", "place_type": "amphitheatre,settlement", "pleiades_uri": "http://pleiades.stoa.org/places/138248", "vocab_label": "Burdigala|Mithraeum, Bordeaux|Burdigala, Bordeaux|Piliers de Tutelle, Bordeaux|Bordeaux"}, "geometry": {"type": "Point", "coordinates": [-0.573687, 44.834764]}}, {"type": "Feature", "properties": {"name": "garonna", "place_type": "river", "pleiades_uri": "http://pleiades.stoa.org/places/138369", "vocab_label": "Garumna (river)|Garumna, Garonne (La)"}, "geometry": {"type": "Point", "coordinates": [-1.047134, 45.585693]}}, {"type": "Feature", "properties": {"name": "stomatas", "place_type": "station", "pleiades_uri": "http://pleiades.stoa.org/places/138599", "vocab_label": "Stomatas|Stomatas, La Br\u00e8de"}, "geometry": {"type": "Point", "coordinates": [-0.527753, 44.68148]}}, {"type": "Feature", "properties": {"name": "sirione", "place_type": "station", "pleiades_uri": "http://pleiades.stoa.org/places/138593", "vocab_label": "Sirio|Sirio, C\u00e9rons|C\u00e9rons"}, "geometry": {"type": "Point", "coordinates": [-0.337996, 44.631404]}}, {"type": "Feature", "properties": {"name": "vasatas", "place_type": "settlement", "pleiades_uri": "http://pleiades.stoa.org/places/138313", "vocab_label": "Cossium|Cossium/Vasatis, Bazas|Bazas"}, "geometry": {"type": "Point", "coordinates": [-0.20973, 44.43146]}}, {"type": "Feature", "properties": {"name": "tres arbores", "place_type": "station", "pleiades_uri": "http://pleiades.stoa.org/places/138626", "vocab_label": "Tres Arbores|Tres Arbores, Les Trois Ch\u00eanes"}, "geometry": {"type": "Point", "coordinates": [-0.105492, 44.341177]}}, {"type": "Feature", "properties": {"name": "oscineio", "place_type": "station", "pleiades_uri": "http://pleiades.stoa.org/places/138504", "vocab_label": "*Oscincium|*Oscincium, Houeill\u00e8s"}, "geometry": {"type": "Point", "coordinates": [0.033055, 44.194914]}}, {"type": "Feature", "properties": {"name": "scittio", "place_type": "station", "pleiades_uri": "http://pleiades.stoa.org/places/246662", "vocab_label": "Sotium/Scittio|Sotium/Scittio, Sos"}, "geometry": {"type": "Point", "coordinates": [0.139726091928, 44.0426843194]}}, {"type": "Feature", "properties": {"name": "elusa", "place_type": "settlement", "pleiades_uri": "http://pleiades.stoa.org/places/246380", "vocab_label": "Elusa|Elusa, Eauze|Eauze"}, "geometry": {"type": "Point", "coordinates": [0.1032, 43.8611]}}, {"type": "Feature", "properties": {"name": "vanesia", "place_type": "station", "pleiades_uri": "http://pleiades.stoa.org/places/246727", "vocab_label": "Vanesia|Vanesia, Saint-Jean-Poutge"}, "geometry": {"type": "Point", "coordinates": [0.377856, 43.724899]}}, {"type": "Feature", "properties": {"name": "auscius", "place_type": "settlement", "pleiades_uri": "http://pleiades.stoa.org/places/246379", "vocab_label": "Elimberrum|Elimberrum, Auch|Auch"}, "geometry": {"type": "Point", "coordinates": [0.5852, 43.6477]}}, {"type": "Feature", "properties": {"name": "d sextum", "place_type": "station", "pleiades_uri": "http://pleiades.stoa.org/places/246141", "vocab_label": "Ad Sextum|Ad Sextum, L'Auberg\u00e9, Marsan"}, "geometry": {"type": "Point", "coordinates": [0.733189, 43.64785]}}, {"type": "Feature", "properties": {"name": "hungunuerro", "place_type": "station", "pleiades_uri": "http://pleiades.stoa.org/places/246420", "vocab_label": "Hungunverro|Hungunverro, La Tongu\u00e8re"}, "geometry": {"type": "Point", "coordinates": [0.91825, 43.594998]}}, {"type": "Feature", "properties": {"name": "bucconis", "place_type": "station", "pleiades_uri": "http://pleiades.stoa.org/places/246260", "vocab_label": "Bucconis|Bucconis, For\u00eat de Bouconne"}, "geometry": {"type": "Point", "coordinates": [1.085786, 43.611763]}}, {"type": "Feature", "properties": {"name": "ad iouem", "place_type": "station", "pleiades_uri": "http://pleiades.stoa.org/places/246136", "vocab_label": "Ad Iovem|Ad Iovem, Pibrac"}, "geometry": {"type": "Point", "coordinates": [1.276984, 43.604874]}}, {"type": "Feature", "properties": {"name": "tholosa", "place_type": "amphitheatre,settlement", "pleiades_uri": "http://pleiades.stoa.org/places/246694", "vocab_label": "Purpan|Purpan-Ancely|Tolosa|Tolosa, Toulouse|Toulouse"}, "geometry": {"type": "Point", "coordinates": [1.3976884, 43.6147918]}}, {"type": "Feature", "properties": {"name": "ad nonum", "place_type": "station", "pleiades_uri": "http://pleiades.stoa.org/places/246137", "vocab_label": "Ad Nonum|Ad Nonum, Pompertuzat|Pompertuzat"}, "geometry": {"type": "Point", "coordinates": [1.5179, 43.4916]}}, {"type": "Feature", "properties": {"name": "ad vicesimum", "place_type": "station", "pleiades_uri": "http://pleiades.stoa.org/places/246143", "vocab_label": "Ad Vicesimum|Ad Vicesimum, L\u2019H\u00f4pital"}, "geometry": {"type": "Point", "coordinates": [1.668689, 43.433758]}}, {"type": "Feature", "properties": {"name": "elusione", "place_type": "station", "pleiades_uri": "http://pleiades.stoa.org/places/246381", "vocab_label": "Elusio|Elusio, Saint-Pierre-d'Alzonne, Montferrand"}, "geometry": {"type": "Point", "coordinates": [1.8173718, 43.360676]}}, {"type": "Feature", "properties": {"name": "sostomago", "place_type": "station", "pleiades_uri": "http://pleiades.stoa.org/places/246660", "vocab_label": "Sostomagus|Sostomagus, Castelnaudary|Castelnaudary"}, "geometry": {"type": "Point", "coordinates": [1.95681, 43.31705]}}, {"type": "Feature", "properties": {"name": "hebromago", "place_type": "settlement", "pleiades_uri": "http://pleiades.stoa.org/places/246413", "vocab_label": "Hebromagus/Eburomagus|Hebromagus/Eburomagus, Bram|Bram"}, "geometry": {"type": "Point", "coordinates": [2.11342, 43.24359]}}, {"type": "Feature", "properties": {"name": "cedros", "place_type": "station", "pleiades_uri": "http://pleiades.stoa.org/places/246320", "vocab_label": "Cedros|Cedros, Caux-et-Sauzens"}, "geometry": {"type": "Point", "coordinates": [2.2544606, 43.225184]}}, {"type": "Feature", "properties": {"name": "carcassone", "place_type": "settlement", "pleiades_uri": "http://pleiades.stoa.org/places/246294", "vocab_label": "Carcas(s)o/Col. Iulia|Carcasso/Carcaso/Col. Iulia, Carcassonne|Carcassonne"}, "geometry": {"type": "Point", "coordinates": [2.364076, 43.205842]}}, {"type": "Feature", "properties": {"name": "tricensimum", "place_type": "station", "pleiades_uri": "http://pleiades.stoa.org/places/246706", "vocab_label": "Tricensimum|Tricensimum, Cr\u00e9madeills"}, "geometry": {"type": "Point", "coordinates": [2.4893213, 43.1834709]}}, {"type": "Feature", "properties": {"name": "hosuerbas", "place_type": "station", "pleiades_uri": "http://pleiades.stoa.org/places/246720", "vocab_label": "Usuerva|Usuerva, L\u00e9zignan-Corbi\u00e8res|L\u00e9zignan-Corbi\u00e8res"}, "geometry": {"type": "Point", "coordinates": [2.7599705, 43.2016515]}}, {"type": "Feature", "properties": {"name": "narbone", "place_type": "settlement", "pleiades_uri": "http://pleiades.stoa.org/places/246347", "vocab_label": "Col. Narbo Martius|Col. Narbo Martius, Narbonne|Narbonne"}, "geometry": {"type": "Point", "coordinates": [3.003611, 43.184722]}}, {"type": "Feature", "properties": {"name": "beterris", "place_type": "amphitheatre,settlement", "pleiades_uri": "http://pleiades.stoa.org/places/148056", "vocab_label": "Amphith\u00e9\u00e2tre de B\u00e9ziers|Col. Baeterrae|Col. Baeterrae, B\u00e9ziers|B\u00e9ziers"}, "geometry": {"type": "Point", "coordinates": [3.214097, 43.339552]}}, {"type": "Feature", "properties": {"name": "cessarone", "place_type": "settlement", "pleiades_uri": "http://pleiades.stoa.org/places/147997", "vocab_label": "Araura/Cessero|Cessero/Araura, Saint-Thib\u00e9ry|Pont romain, Saint-Thib\u00e9ry|Saint-Thib\u00e9ry"}, "geometry": {"type": "Point", "coordinates": [3.4206, 43.3951]}}, {"type": "Feature", "properties": {"name": "oro domiti", "place_type": "station", "pleiades_uri": "http://pleiades.stoa.org/places/148081", "vocab_label": "Forum Domitii|Forum Domitii, Les Salles, Montbazin|Montbazin"}, "geometry": {"type": "Point", "coordinates": [3.702392599999939, 43.5115174]}}, {"type": "Feature", "properties": {"name": "sostantione", "place_type": "bridge,settlement", "pleiades_uri": "http://pleiades.stoa.org/places/148202", "vocab_label": "Sextantio|Sextantio/Substantion, Substantion|Castelnau-le-Lez"}, "geometry": {"type": "Point", "coordinates": [3.89573, 43.64139]}}, {"type": "Feature", "properties": {"name": "ambrosi", "place_type": "settlement", "pleiades_uri": "http://pleiades.stoa.org/places/147990", "vocab_label": "Ambrussum|Ambrussum, Pont-Ambroix (Ambrussum)"}, "geometry": {"type": "Point", "coordinates": [4.149532, 43.715393]}}, {"type": "Feature", "properties": {"name": "nemauso", "place_type": "amphitheatre,settlement-modern,mine,urban,fort,settlement", "pleiades_uri": "http://pleiades.stoa.org/places/148142", "vocab_label": "Nemausus|Barutel|Carri\u00e8res de Barutel|Nemausus, N\u00eemes|Ar\u00e8nes de N\u00eemes|N\u00eemes"}, "geometry": {"type": "Point", "coordinates": [4.30012272177, 43.8864857029]}}, {"type": "Feature", "properties": {"name": "ponte aerarium", "place_type": "station", "pleiades_uri": "http://pleiades.stoa.org/places/148160", "vocab_label": "Pons Aerarius|Pons Aerarius, Bellegarde|Bellegarde"}, "geometry": {"type": "Point", "coordinates": [4.5144978, 43.753814]}}, {"type": "Feature", "properties": {"name": "arelate", "place_type": "settlement", "pleiades_uri": "http://pleiades.stoa.org/places/148217", "vocab_label": "Theline/Col. Arelate/Constantina|Th\u00e9\u00e2tre antique, Arles|Col. Arelate/Theline/Constantina, Arles|Ar\u00e8nes d'Arles|Arles"}, "geometry": {"type": "Point", "coordinates": [4.629722, 43.676389]}}, {"type": "Feature", "properties": {"name": "burdigala", "place_type": "amphitheatre,settlement", "pleiades_uri": "http://pleiades.stoa.org/places/138248", "vocab_label": "Burdigala|Mithraeum, Bordeaux|Burdigala, Bordeaux|Piliers de Tutelle, Bordeaux|Bordeaux"}, "geometry": {"type": "Point", "coordinates": [-0.573687, 44.834764]}}, {"type": "Feature", "properties": {"name": "arelate", "place_type": "settlement", "pleiades_uri": "http://pleiades.stoa.org/places/148217", "vocab_label": "Theline/Col. Arelate/Constantina|Th\u00e9\u00e2tre antique, Arles|Col. Arelate/Theline/Constantina, Arles|Ar\u00e8nes d'Arles|Arles"}, "geometry": {"type": "Point", "coordinates": [4.629722, 43.676389]}}, {"type": "Feature", "properties": {"name": "arnagine", "place_type": "station", "pleiades_uri": "http://pleiades.stoa.org/places/148074", "vocab_label": "Ernaginum|Ernaginum, Saint-Gabriel"}, "geometry": {"type": "Point", "coordinates": [4.6980992, 43.7666736]}}, {"type": "Feature", "properties": {"name": "bellinto", "place_type": "station", "pleiades_uri": "http://pleiades.stoa.org/places/148019", "vocab_label": "Bellintum|Bellintum, Graveson/Rognonas"}, "geometry": {"type": "Point", "coordinates": [4.78, 43.883]}}, {"type": "Feature", "properties": {"name": "auenione", "place_type": "settlement", "pleiades_uri": "http://pleiades.stoa.org/places/148004", "vocab_label": "Avennio|Avennio, Avignon|Avignon"}, "geometry": {"type": "Point", "coordinates": [4.80769, 43.95159]}}, {"type": "Feature", "properties": {"name": "cypresseta", "place_type": "station", "pleiades_uri": "http://pleiades.stoa.org/places/148065", "vocab_label": "Cypresseta|Cypresseta, Sorgues|Sorgues"}, "geometry": {"type": "Point", "coordinates": [4.8727, 44.0125]}}, {"type": "Feature", "properties": {"name": "arausione", "place_type": "arch,theatre,settlement", "pleiades_uri": "http://pleiades.stoa.org/places/148054", "vocab_label": "Col. Arausio|Col. Arausio, Orange|Gymnase romain, Orange|Th\u00e9\u00e2tre antique, Orange|Orange"}, "geometry": {"type": "Point", "coordinates": [4.807393, 44.138048]}}, {"type": "Feature", "properties": {"name": "ad letoce", "place_type": "station", "pleiades_uri": "http://pleiades.stoa.org/places/167616", "vocab_label": "Barry|Ad Letoce|Ad Letoce, Gu\u00e9 du Lez|Boll\u00e8ne"}, "geometry": {"type": "Point", "coordinates": [4.758859, 44.319455]}}, {"type": "Feature", "properties": {"name": "nouem", "place_type": "station", "pleiades_uri": "http://pleiades.stoa.org/places/167856", "vocab_label": "Novem Craris|Novem Craris, Le Logis de Berre"}, "geometry": {"type": "Point", "coordinates": [4.74316, 44.413686]}}, {"type": "Feature", "properties": {"name": "acuno", "place_type": "settlement", "pleiades_uri": "http://pleiades.stoa.org/places/167627", "vocab_label": "Dourion|Dourion, G\u00e9ry, Mont\u00e9limar|Akousion/Acunum|Akousion/Acunum, Mont\u00e9limar|Mont\u00e9limar"}, "geometry": {"type": "Point", "coordinates": [4.78607, 44.55356]}}, {"type": "Feature", "properties": {"name": "bantianis", "place_type": "station", "pleiades_uri": "http://pleiades.stoa.org/places/167668", "vocab_label": "Batiana|Batiana, Bances|Umbennum|Umbennum, \u00c9toile-sur-Rh\u00f4ne|\u00c9toile-sur-Rh\u00f4ne"}, "geometry": {"type": "Point", "coordinates": [4.800244, 44.706103]}}, {"type": "Feature", "properties": {"name": "vmbenno", "place_type": "station", "pleiades_uri": "http://pleiades.stoa.org/places/167947", "vocab_label": "Batiana|Batiana, Bances|Umbennum|Umbennum, \u00c9toile-sur-Rh\u00f4ne|\u00c9toile-sur-Rh\u00f4ne"}, "geometry": {"type": "Point", "coordinates": [4.800244, 44.706103]}}, {"type": "Feature", "properties": {"name": "valentia", "place_type": "settlement", "pleiades_uri": "http://pleiades.stoa.org/places/167718", "vocab_label": "Col. Valentia|Col. Valentia, Valence|Valence"}, "geometry": {"type": "Point", "coordinates": [4.889528, 44.931632]}}, {"type": "Feature", "properties": {"name": "cerebelliaca", "place_type": "station", "pleiades_uri": "http://pleiades.stoa.org/places/167705", "vocab_label": "Cerebelliaca|Cerebelliaca, Ourches"}, "geometry": {"type": "Point", "coordinates": [5.04122, 44.80499]}}, {"type": "Feature", "properties": {"name": "augusta", "place_type": "settlement", "pleiades_uri": "http://pleiades.stoa.org/places/167658", "vocab_label": "Augusta|Augusta, Aouste-sur-Sye|Aouste-sur-Sye"}, "geometry": {"type": "Point", "coordinates": [5.05739, 44.71597]}}, {"type": "Feature", "properties": {"name": "darentiaca", "place_type": "station", "pleiades_uri": "http://pleiades.stoa.org/places/167737", "vocab_label": "Darentiaca|Darentiaca, Saillans"}, "geometry": {"type": "Point", "coordinates": [5.197155, 44.697838]}}, {"type": "Feature", "properties": {"name": "dea vocontiorum", "place_type": "settlement", "pleiades_uri": "http://pleiades.stoa.org/places/167716", "vocab_label": "Col. Dea Vocontiorum|Col. Dea Vocontiorum/Dea Augusta, Die|Die"}, "geometry": {"type": "Point", "coordinates": [5.37102, 44.75216]}}, {"type": "Feature", "properties": {"name": "luco", "place_type": "settlement", "pleiades_uri": "http://pleiades.stoa.org/places/167815", "vocab_label": "Lucus Augusti|Lucus Augusti, Luc-en-Diois"}, "geometry": {"type": "Point", "coordinates": [5.4515, 44.6157]}}, {"type": "Feature", "properties": {"name": "vologatis", "place_type": "settlement", "pleiades_uri": "http://pleiades.stoa.org/places/167978", "vocab_label": "Vologatae|Vologatae, Beauri\u00e8res"}, "geometry": {"type": "Point", "coordinates": [5.5596675, 44.5719477]}}, {"type": "Feature", "properties": {"name": "gaura", "place_type": "mountain", "pleiades_uri": "http://pleiades.stoa.org/places/167780", "vocab_label": "Gaura M.|Gaura Mons, Col de Cabre"}, "geometry": {"type": "Point", "coordinates": [5.59855, 44.54963]}}, {"type": "Feature", "properties": {"name": "cambono", "place_type": "station", "pleiades_uri": "http://pleiades.stoa.org/places/167697", "vocab_label": "Cambonum|Cambonum, Font-Vineuse"}, "geometry": {"type": "Point", "coordinates": [5.684937, 44.530062]}}, {"type": "Feature", "properties": {"name": "monte seleuci", "place_type": "sanctuary,settlement", "pleiades_uri": "http://pleiades.stoa.org/places/167836", "vocab_label": "Mons Seleucus|Mons Seleucus, La B\u00e2tie-Montsal\u00e9on"}, "geometry": {"type": "Point", "coordinates": [5.75141, 44.457432]}}, {"type": "Feature", "properties": {"name": "dauiano", "place_type": "station", "pleiades_uri": "http://pleiades.stoa.org/places/167738", "vocab_label": "Davianum|Davianum, Veynes|Veynes"}, "geometry": {"type": "Point", "coordinates": [5.8211, 44.5337]}}, {"type": "Feature", "properties": {"name": "ad finem", "place_type": "station", "pleiades_uri": "http://pleiades.stoa.org/places/167615", "vocab_label": "Ad Finem|Ad Finem, La Roche-des-Arnauds|La Roche-des-Arnauds"}, "geometry": {"type": "Point", "coordinates": [5.958459, 44.563424]}}, {"type": "Feature", "properties": {"name": "vappinco", "place_type": "settlement", "pleiades_uri": "http://pleiades.stoa.org/places/167954", "vocab_label": "Vappincum|Vappincum, Gap|Gap"}, "geometry": {"type": "Point", "coordinates": [6.0781, 44.55823]}}, {"type": "Feature", "properties": {"name": "catorigas", "place_type": "station", "pleiades_uri": "http://pleiades.stoa.org/places/167701", "vocab_label": "Caturigomagus|Caturigomagus, Chorges|Chorges"}, "geometry": {"type": "Point", "coordinates": [6.275977, 44.544438]}}, {"type": "Feature", "properties": {"name": "ebreduno", "place_type": "settlement", "pleiades_uri": "http://pleiades.stoa.org/places/167750", "vocab_label": "Eburodunum|Eburodunum, Embrun|Embrun"}, "geometry": {"type": "Point", "coordinates": [6.495055, 44.562348]}}, {"type": "Feature", "properties": {"name": "alpes", "place_type": "settlement", "pleiades_uri": "http://pleiades.stoa.org/places/167743", "vocab_label": "Druantium/*Alpis Cottia/Summae Alpes|Druantium/*Alpis Cottia/Summae Alpes, Montgen\u00e8vre"}, "geometry": {"type": "Point", "coordinates": [6.72341, 44.93098]}}, {"type": "Feature", "properties": {"name": "ramae", "place_type": "station", "pleiades_uri": "http://pleiades.stoa.org/places/167881", "vocab_label": "Rama|Rama, La Roche-de-Rame"}, "geometry": {"type": "Point", "coordinates": [6.5799, 44.7505]}}, {"type": "Feature", "properties": {"name": "byrigante", "place_type": "settlement", "pleiades_uri": "http://pleiades.stoa.org/places/167691", "vocab_label": "Brigantio|Brigantio, Brian\u00e7on|Brian\u00e7on"}, "geometry": {"type": "Point", "coordinates": [6.6342, 44.8969]}}, {"type": "Feature", "properties": {"name": "matronam", "place_type": "mountain", "pleiades_uri": "http://pleiades.stoa.org/places/167826", "vocab_label": "Matrona M.|Matrona Mons, Mont Chaberton"}, "geometry": {"type": "Point", "coordinates": [6.7514195, 44.9645385]}}, {"type": "Feature", "properties": {"name": "gesdaone", "place_type": "settlement", "pleiades_uri": "http://pleiades.stoa.org/places/167778", "vocab_label": "Gaesao/Tyrium|Gaesao/Tyrium, Cesana Torinese"}, "geometry": {"type": "Point", "coordinates": [6.79464, 44.95463]}}, {"type": "Feature", "properties": {"name": "ad marte", "place_type": "station", "pleiades_uri": "http://pleiades.stoa.org/places/167617", "vocab_label": "Ad Martis|Ad Martis, Oulx|Oulx"}, "geometry": {"type": "Point", "coordinates": [6.8336348, 45.0333246]}}, {"type": "Feature", "properties": {"name": "segussione", "place_type": "settlement", "pleiades_uri": "http://pleiades.stoa.org/places/167919", "vocab_label": "Segusio|Segusio, Susa|Susa"}, "geometry": {"type": "Point", "coordinates": [7.04537, 45.13736]}}, {"type": "Feature", "properties": {"name": "italia", "place_type": "region", "pleiades_uri": "http://pleiades.stoa.org/places/1052", "vocab_label": "Italia"}, "geometry": {"type": "Point", "coordinates": [12.5, 42.5]}}, {"type": "Feature", "properties": {"name": "duodecimum", "place_type": "station", "pleiades_uri": "http://pleiades.stoa.org/places/167623", "vocab_label": "Ad XII|Ad XII, San Didero|San Didero"}, "geometry": {"type": "Point", "coordinates": [7.21734, 45.13486]}}, {"type": "Feature", "properties": {"name": "ad fines", "place_type": "settlement-modern,station", "pleiades_uri": "http://pleiades.stoa.org/places/383545", "vocab_label": "Ad Fines|Ad Fines, Drubiaglio, Avigliana|Avigliana"}, "geometry": {"type": "Point", "coordinates": [7.41951, 45.09822]}}, {"type": "Feature", "properties": {"name": "ad octauum", "place_type": "station", "pleiades_uri": "http://pleiades.stoa.org/places/383557", "vocab_label": "Ad VIII|Ad VIII, Rivoli"}, "geometry": {"type": "Point", "coordinates": [7.518, 45.07054]}}, {"type": "Feature", "properties": {"name": "taurinis", "place_type": "settlement,fort", "pleiades_uri": "http://pleiades.stoa.org/places/383580", "vocab_label": "Augusta Taurinorum|Augusta Taurinorum, Torino|Turin"}, "geometry": {"type": "Point", "coordinates": [7.685433, 45.073361]}}, {"type": "Feature", "properties": {"name": "ad decimum", "place_type": "station", "pleiades_uri": "http://pleiades.stoa.org/places/383558", "vocab_label": "Ad X|Ad X, Brandizzo"}, "geometry": {"type": "Point", "coordinates": [7.8389259, 45.1782962]}}, {"type": "Feature", "properties": {"name": "quadratis", "place_type": "station", "pleiades_uri": "http://pleiades.stoa.org/places/383753", "vocab_label": "Quadrata|Quadrata, Quarino Bianco di Verolengo"}, "geometry": {"type": "Point", "coordinates": [7.9693888, 45.1911111]}}, {"type": "Feature", "properties": {"name": "ceste", "place_type": "station", "pleiades_uri": "http://pleiades.stoa.org/places/383616", "vocab_label": "Cest(a)e|Cestae/Ceste, Crescentino"}, "geometry": {"type": "Point", "coordinates": [8.151744, 45.189906]}}, {"type": "Feature", "properties": {"name": "rigomago", "place_type": "station", "pleiades_uri": "http://pleiades.stoa.org/places/383759", "vocab_label": "Rigomagus|Rigomagus, Trino|Trino"}, "geometry": {"type": "Point", "coordinates": [8.2974, 45.1931]}}, {"type": "Feature", "properties": {"name": "ad medias", "place_type": "station", "pleiades_uri": "http://pleiades.stoa.org/places/383610", "vocab_label": "Carbantia/Ad Medias|Carbantia/Ad Medias, Villanova Monferrato"}, "geometry": {"type": "Point", "coordinates": [8.47943, 45.18188]}}, {"type": "Feature", "properties": {"name": "ad cottias", "place_type": "station", "pleiades_uri": "http://pleiades.stoa.org/places/383630", "vocab_label": "Cuttiae|Cuttiae, Cozzo|Cozzo"}, "geometry": {"type": "Point", "coordinates": [8.61114, 45.19207]}}, {"type": "Feature", "properties": {"name": "laumello", "place_type": "fort", "pleiades_uri": "http://pleiades.stoa.org/places/383690", "vocab_label": "Laumellum|Laumellum, Lomello|Lomello"}, "geometry": {"type": "Point", "coordinates": [8.79383, 45.12266]}}, {"type": "Feature", "properties": {"name": "duriis", "place_type": "station", "pleiades_uri": "http://pleiades.stoa.org/places/383637", "vocab_label": "Durriae|Durriae, Dorno|Dorno"}, "geometry": {"type": "Point", "coordinates": [8.95161, 45.15496]}}, {"type": "Feature", "properties": {"name": "ticino", "place_type": "settlement", "pleiades_uri": "http://pleiades.stoa.org/places/383798", "vocab_label": "Ticinum|Ticinum/Ticenum, Pavia|Pavia"}, "geometry": {"type": "Point", "coordinates": [9.1566, 45.1859]}}, {"type": "Feature", "properties": {"name": "ad decimum", "place_type": "settlement-modern,station", "pleiades_uri": "http://pleiades.stoa.org/places/383559", "vocab_label": "Ad X|Ad X, Cascina Decima, Lacchiarella"}, "geometry": {"type": "Point", "coordinates": [9.15933, 45.32437]}}, {"type": "Feature", "properties": {"name": "mediolanum", "place_type": "urban,settlement", "pleiades_uri": "http://pleiades.stoa.org/places/383706", "vocab_label": "Mediolan(i)um|Mediolanium/Mediolanum, Milano|Milan"}, "geometry": {"type": "Point", "coordinates": [9.1881, 45.4637]}}, {"type": "Feature", "properties": {"name": "arelate", "place_type": "settlement", "pleiades_uri": "http://pleiades.stoa.org/places/148217", "vocab_label": "Theline/Col. Arelate/Constantina|Th\u00e9\u00e2tre antique, Arles|Col. Arelate/Theline/Constantina, Arles|Ar\u00e8nes d'Arles|Arles"}, "geometry": {"type": "Point", "coordinates": [4.629722, 43.676389]}}, {"type": "Feature", "properties": {"name": "mediolanum", "place_type": "urban,settlement", "pleiades_uri": "http://pleiades.stoa.org/places/383706", "vocab_label": "Mediolan(i)um|Mediolanium/Mediolanum, Milano|Milan"}, "geometry": {"type": "Point", "coordinates": [9.1881, 45.4637]}}, {"type": "Feature", "properties": {"name": "argentea", "place_type": "station", "pleiades_uri": "http://pleiades.stoa.org/places/383575", "vocab_label": "Argentea|Argentea, Gorgonzola"}, "geometry": {"type": "Point", "coordinates": [9.40846, 45.53126]}}, {"type": "Feature", "properties": {"name": "ponte aureoli", "place_type": "station", "pleiades_uri": "http://pleiades.stoa.org/places/383747", "vocab_label": "Pons Aureoli|Pons Aureoli, Canonica d'Adda"}, "geometry": {"type": "Point", "coordinates": [9.53731, 45.57757]}}, {"type": "Feature", "properties": {"name": "bergamo", "place_type": "settlement", "pleiades_uri": "http://pleiades.stoa.org/places/383589", "vocab_label": "Bergomum|Bergomum, Bergamo|Bergamo"}, "geometry": {"type": "Point", "coordinates": [9.6687, 45.6947]}}, {"type": "Feature", "properties": {"name": "tellegate", "place_type": "station", "pleiades_uri": "http://pleiades.stoa.org/places/383796", "vocab_label": "Tellegate|Tellegate, Telgate"}, "geometry": {"type": "Point", "coordinates": [9.85393, 45.62681]}}, {"type": "Feature", "properties": {"name": "tetellus", "place_type": "station", "pleiades_uri": "http://pleiades.stoa.org/places/383797", "vocab_label": "Tetellus|Tetellus, Ospitaletto"}, "geometry": {"type": "Point", "coordinates": [10.07348, 45.55597]}}, {"type": "Feature", "properties": {"name": "brixa", "place_type": "theatre,church,settlement,temple-2", "pleiades_uri": "http://pleiades.stoa.org/places/383603", "vocab_label": "Brixia|Brixia, Brescia|Brescia"}, "geometry": {"type": "Point", "coordinates": [10.2229, 45.5398]}}, {"type": "Feature", "properties": {"name": "ad flexum", "place_type": "settlement-modern,station", "pleiades_uri": "http://pleiades.stoa.org/places/383546", "vocab_label": "Ad Flexum/Sermione Mansio|Ad Flexum/Sermione Mansio, Colombare, Sirmione"}, "geometry": {"type": "Point", "coordinates": [10.60554, 45.46587]}}, {"type": "Feature", "properties": {"name": "beneuentum", "place_type": "station", "pleiades_uri": "http://pleiades.stoa.org/places/383588", "vocab_label": "Beneventum|Beneventum, Cavalcaselle, Castelnuovo del Garda"}, "geometry": {"type": "Point", "coordinates": [10.72455, 45.43802]}}, {"type": "Feature", "properties": {"name": "verona", "place_type": "arch,settlement", "pleiades_uri": "http://pleiades.stoa.org/places/383816", "vocab_label": "Verona|Verona, Verona|Verona"}, "geometry": {"type": "Point", "coordinates": [10.997007, 45.447243]}}, {"type": "Feature", "properties": {"name": "cadiano", "place_type": "station", "pleiades_uri": "http://pleiades.stoa.org/places/393396", "vocab_label": "Cadianum|Cadianum, Caldiero"}, "geometry": {"type": "Point", "coordinates": [11.178444, 45.415315]}}, {"type": "Feature", "properties": {"name": "aureos", "place_type": "station", "pleiades_uri": "http://pleiades.stoa.org/places/393387", "vocab_label": "Auraei|Auraei, Montebello Vicentino"}, "geometry": {"type": "Point", "coordinates": [11.384537, 45.457519]}}, {"type": "Feature", "properties": {"name": "vincentia", "place_type": "theatre,settlement", "pleiades_uri": "http://pleiades.stoa.org/places/393513", "vocab_label": "Vicetia|Vicetia, Vicenza|Vicenza"}, "geometry": {"type": "Point", "coordinates": [11.5403, 45.5459]}}, {"type": "Feature", "properties": {"name": "ad finem", "place_type": "station", "pleiades_uri": "http://pleiades.stoa.org/places/393361", "vocab_label": "Ad Finem|Ad Finem, Arlesega, Mestrino"}, "geometry": {"type": "Point", "coordinates": [11.71983, 45.46073]}}, {"type": "Feature", "properties": {"name": "pataui", "place_type": "settlement", "pleiades_uri": "http://pleiades.stoa.org/places/393473", "vocab_label": "Patavium|Patavium, Padova|Padova"}, "geometry": {"type": "Point", "coordinates": [11.8766, 45.4096]}}, {"type": "Feature", "properties": {"name": "ad duodecimum", "place_type": "station", "pleiades_uri": "http://pleiades.stoa.org/places/393359", "vocab_label": "Ad XII/Meduacus Maior|Ad XII/Meduacus Maior, Sambruson, Dolo"}, "geometry": {"type": "Point", "coordinates": [12.10001, 45.4132]}}, {"type": "Feature", "properties": {"name": "ad nonum", "place_type": "station", "pleiades_uri": "http://pleiades.stoa.org/places/393358", "vocab_label": "Ad IX|Ad IX, Ponte di Pietra, Venezia"}, "geometry": {"type": "Point", "coordinates": [12.2770176, 45.4814175]}}, {"type": "Feature", "properties": {"name": "altino", "place_type": "road,settlement", "pleiades_uri": "http://pleiades.stoa.org/places/393374", "vocab_label": "Altinum|Altinum, Altino, Quarto d'Altino"}, "geometry": {"type": "Point", "coordinates": [12.3994439, 45.5462452]}}, {"type": "Feature", "properties": {"name": "sanos", "place_type": "bridge,station", "pleiades_uri": "http://pleiades.stoa.org/places/393369", "vocab_label": "Ad Sanos|Untitled|Ponte romano, San Stino di Livenza|Ad Sanos, Santo Stino di Livenza"}, "geometry": {"type": "Point", "coordinates": [12.68856, 45.71133]}}, {"type": "Feature", "properties": {"name": "concordia", "place_type": "settlement", "pleiades_uri": "http://pleiades.stoa.org/places/393441", "vocab_label": "Iulia Concordia|Iulia Concordia, Concordia Sagittaria|Concordia Sagittaria"}, "geometry": {"type": "Point", "coordinates": [12.84547, 45.75594]}}, {"type": "Feature", "properties": {"name": "apicilia", "place_type": "station", "pleiades_uri": "http://pleiades.stoa.org/places/187287", "vocab_label": "\u2018Apicilia\u2019|\u2018Apicilia\u2019, Latisanotta, Latisana"}, "geometry": {"type": "Point", "coordinates": [12.98675, 45.78756]}}, {"type": "Feature", "properties": {"name": "ad vndecimum", "place_type": "station", "pleiades_uri": "http://pleiades.stoa.org/places/187260", "vocab_label": "Ad Undecimum 1|Ad Undecimum, Chiarisacco, San Giorgio di Nogaro"}, "geometry": {"type": "Point", "coordinates": [13.215652, 45.833489]}}, {"type": "Feature", "properties": {"name": "aquileia", "place_type": "church,settlement", "pleiades_uri": "http://pleiades.stoa.org/places/187290", "vocab_label": "Aquileia|Aquileia, Aquileia|Aquileia"}, "geometry": {"type": "Point", "coordinates": [13.370946, 45.769631]}}, {"type": "Feature", "properties": {"name": "aquileia", "place_type": "church,settlement", "pleiades_uri": "http://pleiades.stoa.org/places/187290", "vocab_label": "Aquileia|Aquileia, Aquileia|Aquileia"}, "geometry": {"type": "Point", "coordinates": [13.370946, 45.769631]}}, {"type": "Feature", "properties": {"name": "ad vndecimum", "place_type": "station", "pleiades_uri": "http://pleiades.stoa.org/places/187261", "vocab_label": "Ad Undecimum 2|Ad Undecimum, Gradisca d'Isonzo"}, "geometry": {"type": "Point", "coordinates": [13.50011, 45.89305]}}, {"type": "Feature", "properties": {"name": "ad fornolus", "place_type": "station", "pleiades_uri": "http://pleiades.stoa.org/places/197063", "vocab_label": "*Ad Fornulos|*Ad Fornulos, Prva\u010dina"}, "geometry": {"type": "Point", "coordinates": [13.720575, 45.8908528]}}, {"type": "Feature", "properties": {"name": "castra", "place_type": "fort", "pleiades_uri": "http://pleiades.stoa.org/places/197276", "vocab_label": "Fluvio Frigido/Castra|Fluvio Frigido/Castra, Ajdov\u0161\u010dina"}, "geometry": {"type": "Point", "coordinates": [13.905216, 45.889328]}}, {"type": "Feature", "properties": {"name": "alpes iuliae", "place_type": "station,fort", "pleiades_uri": "http://pleiades.stoa.org/places/197317", "vocab_label": "In Alpe Iulia/Ad Pirum|In Alpe Iulia/Ad Pirum, Hru\u0161ica"}, "geometry": {"type": "Point", "coordinates": [14.11198, 45.86363]}}, {"type": "Feature", "properties": {"name": "Ad pirum", "place_type": "station,fort", "pleiades_uri": "http://pleiades.stoa.org/places/197317", "vocab_label": "In Alpe Iulia/Ad Pirum|In Alpe Iulia/Ad Pirum, Hru\u0161ica"}, "geometry": {"type": "Point", "coordinates": [14.11198, 45.86363]}}, {"type": "Feature", "properties": {"name": "longatico", "place_type": "station", "pleiades_uri": "http://pleiades.stoa.org/places/197357", "vocab_label": "Longaticum|Longaticum, Logatec"}, "geometry": {"type": "Point", "coordinates": [14.22982, 45.91769]}}, {"type": "Feature", "properties": {"name": "ad nonum", "place_type": "station", "pleiades_uri": "http://pleiades.stoa.org/places/197076", "vocab_label": "Ad Nonum|Ad Nonum, Log pri Brezovici"}, "geometry": {"type": "Point", "coordinates": [14.36629, 46.00907]}}, {"type": "Feature", "properties": {"name": "emona", "place_type": "settlement", "pleiades_uri": "http://pleiades.stoa.org/places/197258", "vocab_label": "Emona|Emona, Ljubljana"}, "geometry": {"type": "Point", "coordinates": [14.501095, 46.047361]}}, {"type": "Feature", "properties": {"name": "ad quartodecimo", "place_type": "station", "pleiades_uri": "http://pleiades.stoa.org/places/197082", "vocab_label": "Ad Quartodecimum|Ad Quartodecimum, Groblje pri Meng\u0161u"}, "geometry": {"type": "Point", "coordinates": [14.58867, 46.14973]}}, {"type": "Feature", "properties": {"name": "hadrante", "place_type": "station", "pleiades_uri": "http://pleiades.stoa.org/places/197147", "vocab_label": "Atrans|Atrans, Trojane"}, "geometry": {"type": "Point", "coordinates": [14.883019, 46.188078]}}, {"type": "Feature", "properties": {"name": "italiae", "place_type": "region", "pleiades_uri": "http://pleiades.stoa.org/places/1052", "vocab_label": "Italia"}, "geometry": {"type": "Point", "coordinates": [12.5, 42.5]}}, {"type": "Feature", "properties": {"name": "ad medias", "place_type": "station", "pleiades_uri": "http://pleiades.stoa.org/places/197072", "vocab_label": "Ad Medias|Ad Medias, Lo\u010dica ob Savinji, Polzela"}, "geometry": {"type": "Point", "coordinates": [15.099633, 46.263669]}}, {"type": "Feature", "properties": {"name": "celeia", "place_type": "settlement", "pleiades_uri": "http://pleiades.stoa.org/places/197206", "vocab_label": "Celeia|Celeia, Celje"}, "geometry": {"type": "Point", "coordinates": [15.2602936, 46.231018]}}, {"type": "Feature", "properties": {"name": "lotodos", "place_type": "station", "pleiades_uri": "http://pleiades.stoa.org/places/197069", "vocab_label": "Ad Lotodos|Ad Lotodos, Stranice"}, "geometry": {"type": "Point", "coordinates": [15.3644038, 46.3629738]}}, {"type": "Feature", "properties": {"name": "ragindone", "place_type": "station", "pleiades_uri": "http://pleiades.stoa.org/places/197467", "vocab_label": "Ragando|Ragando, Spodnje Gru\u0161ovje"}, "geometry": {"type": "Point", "coordinates": [15.5, 46.351]}}, {"type": "Feature", "properties": {"name": "pultouia", "place_type": "station", "pleiades_uri": "http://pleiades.stoa.org/places/197460", "vocab_label": "Pultovia|Pultovia, Stra\u017egonjca"}, "geometry": {"type": "Point", "coordinates": [15.69058, 46.40644]}}, {"type": "Feature", "properties": {"name": "poetouione", "place_type": "settlement", "pleiades_uri": "http://pleiades.stoa.org/places/197446", "vocab_label": "Poetovio|Poetovio, Ptuj"}, "geometry": {"type": "Point", "coordinates": [15.8699813, 46.4199885]}}, {"type": "Feature", "properties": {"name": "pannoniam inferiorem", "place_type": "province", "pleiades_uri": "http://pleiades.stoa.org/places/981540", "vocab_label": "Pannonia Inferior (province)"}, "geometry": {"type": "Point", "coordinates": [17.5, 47.5]}}, {"type": "Feature", "properties": {"name": "ramista", "place_type": "station", "pleiades_uri": "http://pleiades.stoa.org/places/197468", "vocab_label": "Ramista|Ramista, Formin, Gori\u0161nica"}, "geometry": {"type": "Point", "coordinates": [16.038, 46.405]}}, {"type": "Feature", "properties": {"name": "aqua viua", "place_type": "station", "pleiades_uri": "http://pleiades.stoa.org/places/197129", "vocab_label": "Aqua Viva|Aqua Viva, Petrijanec"}, "geometry": {"type": "Point", "coordinates": [16.233, 46.344]}}, {"type": "Feature", "properties": {"name": "populis", "place_type": "station", "pleiades_uri": "http://pleiades.stoa.org/places/197454", "vocab_label": "Populi|Populi, Vara\u017edin"}, "geometry": {"type": "Point", "coordinates": [16.334, 46.31]}}, {"type": "Feature", "properties": {"name": "iouia", "place_type": "settlement", "pleiades_uri": "http://pleiades.stoa.org/places/197326", "vocab_label": "Iovia|Iovia, Ludbreg"}, "geometry": {"type": "Point", "coordinates": [16.6150889, 46.2537624]}}, {"type": "Feature", "properties": {"name": "sunista", "place_type": "station", "pleiades_uri": "http://pleiades.stoa.org/places/197522", "vocab_label": "Sonista|Sonista, Kunovec Breg"}, "geometry": {"type": "Point", "coordinates": [16.766, 46.186]}}, {"type": "Feature", "properties": {"name": "peritur", "place_type": "station", "pleiades_uri": "http://pleiades.stoa.org/places/197440", "vocab_label": "\u2018Piretis\u2019|\u2018Piretis\u2019, Draganovec"}, "geometry": {"type": "Point", "coordinates": [16.833, 46.125]}}, {"type": "Feature", "properties": {"name": "lentolis", "place_type": "station", "pleiades_uri": "http://pleiades.stoa.org/places/197348", "vocab_label": "\u2018Lentulis\u2019|\u2018Lentulis\u2019, Stari Gradac"}, "geometry": {"type": "Point", "coordinates": [17.292695, 45.92436]}}, {"type": "Feature", "properties": {"name": "cardono", "place_type": "fort", "pleiades_uri": "http://pleiades.stoa.org/places/197191", "vocab_label": "\u2018Cardono\u2019/Iovia|\u2018Cardono\u2019/Iovia, Gradina"}, "geometry": {"type": "Point", "coordinates": [17.511, 45.854]}}, {"type": "Feature", "properties": {"name": "cocconis", "place_type": "station", "pleiades_uri": "http://pleiades.stoa.org/places/197215", "vocab_label": "\u2018Cocconis\u2019|\u2018Cocconis\u2019, Sopje"}, "geometry": {"type": "Point", "coordinates": [17.74, 45.805]}}, {"type": "Feature", "properties": {"name": "serota", "place_type": "station", "pleiades_uri": "http://pleiades.stoa.org/places/197508", "vocab_label": "Serota|Serota, Virovitica"}, "geometry": {"type": "Point", "coordinates": [17.3837765, 45.8334097]}}, {"type": "Feature", "properties": {"name": "maurianis", "place_type": "station", "pleiades_uri": "http://pleiades.stoa.org/places/197370", "vocab_label": "\u2018Marinianis\u2019/Magniana|\u2018Marinianis\u2019/Magniana, Donji Miholjac"}, "geometry": {"type": "Point", "coordinates": [18.161, 45.759]}}, {"type": "Feature", "properties": {"name": "pannoniam", "place_type": "province", "pleiades_uri": "http://pleiades.stoa.org/places/981541", "vocab_label": "Pannonia Superior (province)"}, "geometry": {"type": "Point", "coordinates": [16.867891, 48.113346]}}, {"type": "Feature", "properties": {"name": "serena", "place_type": "station", "pleiades_uri": "http://pleiades.stoa.org/places/197507", "vocab_label": "Serena?|Serena?, Viljevo, Na\u0161ice"}, "geometry": {"type": "Point", "coordinates": [18.064, 45.751]}}, {"type": "Feature", "properties": {"name": "vereis", "place_type": "station", "pleiades_uri": "http://pleiades.stoa.org/places/197576", "vocab_label": "\u2018Vereis\u2019|\u2018Vereis\u2019, Podravski Podgajci"}, "geometry": {"type": "Point", "coordinates": [18.267, 45.731]}}, {"type": "Feature", "properties": {"name": "vereis", "place_type": "station", "pleiades_uri": "http://pleiades.stoa.org/places/197576", "vocab_label": "\u2018Vereis\u2019|\u2018Vereis\u2019, Podravski Podgajci"}, "geometry": {"type": "Point", "coordinates": [18.267, 45.731]}}, {"type": "Feature", "properties": {"name": "ioualia", "place_type": "station", "pleiades_uri": "http://pleiades.stoa.org/places/197325", "vocab_label": "Iovalia|Iovalia, Valpovo"}, "geometry": {"type": "Point", "coordinates": [18.4171, 45.6589]}}, {"type": "Feature", "properties": {"name": "mersella", "place_type": "settlement", "pleiades_uri": "http://pleiades.stoa.org/places/197391", "vocab_label": "Mursella|Mursella, Petrijevci"}, "geometry": {"type": "Point", "coordinates": [18.5369372, 45.6163502]}}, {"type": "Feature", "properties": {"name": "mursa", "place_type": "settlement", "pleiades_uri": "http://pleiades.stoa.org/places/197389", "vocab_label": "Mursa|Mursa, Osijek"}, "geometry": {"type": "Point", "coordinates": [18.6758848, 45.5600028]}}, {"type": "Feature", "properties": {"name": "leutuoano", "place_type": "station", "pleiades_uri": "http://pleiades.stoa.org/places/197065", "vocab_label": "Ad Labores Pontis Ulcae/\u2018Leutuoano\u2019|Ad Labores Pontis Ulcae/\u2018Leutuoano\u2019, Bobota"}, "geometry": {"type": "Point", "coordinates": [18.856, 45.422]}}, {"type": "Feature", "properties": {"name": "cibalis", "place_type": "settlement", "pleiades_uri": "http://pleiades.stoa.org/places/197207", "vocab_label": "Cibalae|Cibalae, Vinkovci"}, "geometry": {"type": "Point", "coordinates": [18.8010483, 45.2910248]}}, {"type": "Feature", "properties": {"name": "caelena", "place_type": "station", "pleiades_uri": "http://pleiades.stoa.org/places/197204", "vocab_label": "Causilena|Causilena, Orolik"}, "geometry": {"type": "Point", "coordinates": [18.985, 45.215]}}, {"type": "Feature", "properties": {"name": "vlmo", "place_type": "station", "pleiades_uri": "http://pleiades.stoa.org/places/207525", "vocab_label": "\u2018Ulmo\u2019|\u2018Ulmo\u2019, Tovarnik"}, "geometry": {"type": "Point", "coordinates": [19.1515532, 45.1640611]}}, {"type": "Feature", "properties": {"name": "spaneta", "place_type": "station", "pleiades_uri": "http://pleiades.stoa.org/places/207460", "vocab_label": "Spaneta|Spaneta, Ba\u010dinci"}, "geometry": {"type": "Point", "coordinates": [19.308, 45.082]}}, {"type": "Feature", "properties": {"name": "vedulia", "place_type": "station", "pleiades_uri": "http://pleiades.stoa.org/places/206995", "vocab_label": "Budalia|Budalia, Martinci"}, "geometry": {"type": "Point", "coordinates": [19.463, 45.01]}}, {"type": "Feature", "properties": {"name": "sirmium", "place_type": "settlement", "pleiades_uri": "http://pleiades.stoa.org/places/207447", "vocab_label": "Circus, Sremska Mitrovica|Sirmium|Sirmium, Sremska Mitrovica|Sremska Mitrovica"}, "geometry": {"type": "Point", "coordinates": [19.61028, 44.96775]}}, {"type": "Feature", "properties": {"name": "aquileia", "place_type": "church,settlement", "pleiades_uri": "http://pleiades.stoa.org/places/187290", "vocab_label": "Aquileia|Aquileia, Aquileia|Aquileia"}, "geometry": {"type": "Point", "coordinates": [13.370946, 45.769631]}}, {"type": "Feature", "properties": {"name": "sirmium", "place_type": "settlement", "pleiades_uri": "http://pleiades.stoa.org/places/207447", "vocab_label": "Circus, Sremska Mitrovica|Sirmium|Sirmium, Sremska Mitrovica|Sremska Mitrovica"}, "geometry": {"type": "Point", "coordinates": [19.61028, 44.96775]}}, {"type": "Feature", "properties": {"name": "sirmium", "place_type": "settlement", "pleiades_uri": "http://pleiades.stoa.org/places/207447", "vocab_label": "Circus, Sremska Mitrovica|Sirmium|Sirmium, Sremska Mitrovica|Sremska Mitrovica"}, "geometry": {"type": "Point", "coordinates": [19.61028, 44.96775]}}, {"type": "Feature", "properties": {"name": "aquileia", "place_type": "church,settlement", "pleiades_uri": "http://pleiades.stoa.org/places/187290", "vocab_label": "Aquileia|Aquileia, Aquileia|Aquileia"}, "geometry": {"type": "Point", "coordinates": [13.370946, 45.769631]}}, {"type": "Feature", "properties": {"name": "sirmium", "place_type": "settlement", "pleiades_uri": "http://pleiades.stoa.org/places/207447", "vocab_label": "Circus, Sremska Mitrovica|Sirmium|Sirmium, Sremska Mitrovica|Sremska Mitrovica"}, "geometry": {"type": "Point", "coordinates": [19.61028, 44.96775]}}, {"type": "Feature", "properties": {"name": "fossis", "place_type": "station", "pleiades_uri": "http://pleiades.stoa.org/places/207120", "vocab_label": "Fossae|Fossae, Sasinci"}, "geometry": {"type": "Point", "coordinates": [19.743, 44.966]}}, {"type": "Feature", "properties": {"name": "bassianis", "place_type": "settlement", "pleiades_uri": "http://pleiades.stoa.org/places/206960", "vocab_label": "Bassiana|Bassiana|Bassiana, Donji Petrovci|Bassiana, S\u00e1rv\u00e1r"}, "geometry": {"type": "Point", "coordinates": [19.97406, 44.9707]}}, {"type": "Feature", "properties": {"name": "nouiciani", "place_type": "people", "pleiades_uri": "http://pleiades.stoa.org/places/207313", "vocab_label": "\u2018Noviciani\u2019"}, "geometry": {"type": "Point", "coordinates": [20.5, 44.5]}}, {"type": "Feature", "properties": {"name": "altina", "place_type": "station", "pleiades_uri": "http://pleiades.stoa.org/places/206913", "vocab_label": "Altina|Altina, Sur\u010din"}, "geometry": {"type": "Point", "coordinates": [20.2747222, 44.7891667]}}, {"type": "Feature", "properties": {"name": "singiduno", "place_type": "settlement", "pleiades_uri": "http://pleiades.stoa.org/places/207443", "vocab_label": "Singidunum|Singidunum, Beograd"}, "geometry": {"type": "Point", "coordinates": [20.4503, 44.8236]}}, {"type": "Feature", "properties": {"name": "pannoniae", "place_type": "province", "pleiades_uri": "http://pleiades.stoa.org/places/197425", "vocab_label": "Pannonia"}, "geometry": {"type": "Point", "coordinates": [15.5, 46.5]}}, {"type": "Feature", "properties": {"name": "tricornia", "place_type": "fort", "pleiades_uri": "http://pleiades.stoa.org/places/207515", "vocab_label": "Tricornium|Tricornium, Ritopek|Tricornium, Ritopek"}, "geometry": {"type": "Point", "coordinates": [20.65, 44.7333333]}}, {"type": "Feature", "properties": {"name": "ad sextum", "place_type": "station", "pleiades_uri": "http://pleiades.stoa.org/places/206893", "vocab_label": "Ad Sextum Miliarem|Ad Sextum Miliarem, Grocka"}, "geometry": {"type": "Point", "coordinates": [20.717222, 44.67]}}, {"type": "Feature", "properties": {"name": "aureo monte", "place_type": "fort", "pleiades_uri": "http://pleiades.stoa.org/places/206938", "vocab_label": "*Aureus Mons|*Aureus Mons, Seone"}, "geometry": {"type": "Point", "coordinates": [20.8186111, 44.6363889]}}, {"type": "Feature", "properties": {"name": "vingeio", "place_type": "station", "pleiades_uri": "http://pleiades.stoa.org/places/207550", "vocab_label": "Vinceia|Vinceia, Smederevo"}, "geometry": {"type": "Point", "coordinates": [20.935513, 44.651382]}}, {"type": "Feature", "properties": {"name": "margo", "place_type": "settlement", "pleiades_uri": "http://pleiades.stoa.org/places/207267", "vocab_label": "Margum|Margum, Ora\u0161je, Dubravica"}, "geometry": {"type": "Point", "coordinates": [21.077871, 44.696115]}}, {"type": "Feature", "properties": {"name": "viminacio", "place_type": "settlement", "pleiades_uri": "http://pleiades.stoa.org/places/207549", "vocab_label": "Viminacium|Viminacium/Viminatium, Stari Kostolac"}, "geometry": {"type": "Point", "coordinates": [21.216122, 44.736776]}}, {"type": "Feature", "properties": {"name": "ad nonum", "place_type": "labeled feature", "pleiades_uri": "http://pleiades.stoa.org/places/206887", "vocab_label": "Ad Nonum|Ad Nonum, Nabr\u0111e, Po\u017earevac"}, "geometry": {"type": "Point", "coordinates": [21.252172, 44.625633]}}, {"type": "Feature", "properties": {"name": "munecipio", "place_type": "station", "pleiades_uri": "http://pleiades.stoa.org/places/207296", "vocab_label": "Municipium|Municipium, Kali\u0161te, Malo Crni\u0107e"}, "geometry": {"type": "Point", "coordinates": [21.320729, 44.514234]}}, {"type": "Feature", "properties": {"name": "iouis pago", "place_type": "station", "pleiades_uri": "http://pleiades.stoa.org/places/207189", "vocab_label": "Iovis Pagus|Iovis Pagus, Veliki Popovac"}, "geometry": {"type": "Point", "coordinates": [21.32354, 44.411467]}}, {"type": "Feature", "properties": {"name": "bao", "place_type": "station", "pleiades_uri": "http://pleiades.stoa.org/places/206958", "vocab_label": "\u2018Bao\u2019|\u2018Bao\u2019, Veliko Laole?"}, "geometry": {"type": "Point", "coordinates": [21.43527, 44.317278]}}, {"type": "Feature", "properties": {"name": "idomo", "place_type": "station", "pleiades_uri": "http://pleiades.stoa.org/places/207183", "vocab_label": "Idimum|Idimum, Medve\u0111a"}, "geometry": {"type": "Point", "coordinates": [21.345266, 44.148941]}}, {"type": "Feature", "properties": {"name": "ad octauum", "place_type": "station", "pleiades_uri": "http://pleiades.stoa.org/places/206889", "vocab_label": "Ad Octavum|Ad Octavum, Glogovac?"}, "geometry": {"type": "Point", "coordinates": [21.313576, 44.042641]}}, {"type": "Feature", "properties": {"name": "oromago", "place_type": "settlement", "pleiades_uri": "http://pleiades.stoa.org/places/207173", "vocab_label": "Horreum Margi|Horreum Margi, \u0106uprija"}, "geometry": {"type": "Point", "coordinates": [21.37044, 43.93376]}}, {"type": "Feature", "properties": {"name": "myssiae", "place_type": "province", "pleiades_uri": "http://pleiades.stoa.org/places/992077", "vocab_label": "Moesiae"}, "geometry": {"type": "Point", "coordinates": [22.5, 42.5]}}, {"type": "Feature", "properties": {"name": "sarmatorum", "place_type": "station", "pleiades_uri": "http://pleiades.stoa.org/places/207424", "vocab_label": "Sarmates|Sarmates, Gornje Vidovo?"}, "geometry": {"type": "Point", "coordinates": [21.408727, 43.786788]}}, {"type": "Feature", "properties": {"name": "caminitas", "place_type": "station", "pleiades_uri": "http://pleiades.stoa.org/places/207006", "vocab_label": "\u2018Cametas\u2019|\u2018Cametas\u2019, Ra\u017eanj?"}, "geometry": {"type": "Point", "coordinates": [21.54862, 43.673017]}}, {"type": "Feature", "properties": {"name": "ipompeis", "place_type": "station", "pleiades_uri": "http://pleiades.stoa.org/places/207363", "vocab_label": "Praesidium Pompei|Praesidium Pompei, Rutevac, Aleksinac"}, "geometry": {"type": "Point", "coordinates": [21.610451, 43.591955]}}, {"type": "Feature", "properties": {"name": "rampiana", "place_type": "station", "pleiades_uri": "http://pleiades.stoa.org/places/207156", "vocab_label": "Gramrianae|Gramrianae, Dra\u017eevac, Aleksinac"}, "geometry": {"type": "Point", "coordinates": [21.790465, 43.449749]}}, {"type": "Feature", "properties": {"name": "naisso", "place_type": "settlement", "pleiades_uri": "http://pleiades.stoa.org/places/207303", "vocab_label": "Naissus|Naissus, Ni\u0161"}, "geometry": {"type": "Point", "coordinates": [21.8927, 43.3206]}}, {"type": "Feature", "properties": {"name": "redicibus", "place_type": "station", "pleiades_uri": "http://pleiades.stoa.org/places/207373", "vocab_label": "*Radices|*Radices, Jela\u0161nica?"}, "geometry": {"type": "Point", "coordinates": [22.050333, 43.301181]}}, {"type": "Feature", "properties": {"name": "vlmo", "place_type": "station", "pleiades_uri": "http://pleiades.stoa.org/places/207526", "vocab_label": "\u2018Ulmo\u2019|\u2018Ulmo\u2019, Ostrovica, Ni\u0161ka Banja"}, "geometry": {"type": "Point", "coordinates": [22.122538, 43.334995]}}, {"type": "Feature", "properties": {"name": "romansiana", "place_type": "settlement", "pleiades_uri": "http://pleiades.stoa.org/places/207382", "vocab_label": "Remesiana|Remesiana, Bela Palanka"}, "geometry": {"type": "Point", "coordinates": [22.31138, 43.21804]}}, {"type": "Feature", "properties": {"name": "latina", "place_type": "station", "pleiades_uri": "http://pleiades.stoa.org/places/207235", "vocab_label": "Latina|Latina, Telovac, Crnokli\u0161te"}, "geometry": {"type": "Point", "coordinates": [22.408397, 43.196933]}}, {"type": "Feature", "properties": {"name": "turribus", "place_type": "station", "pleiades_uri": "http://pleiades.stoa.org/places/207521", "vocab_label": "Turres|Turres, Pirot"}, "geometry": {"type": "Point", "coordinates": [22.58733, 43.15771]}}, {"type": "Feature", "properties": {"name": "translitis", "place_type": "station", "pleiades_uri": "http://pleiades.stoa.org/places/207509", "vocab_label": "\u2018Translitis\u2019|\u2018Translitis\u2019, Dimitrovgrad"}, "geometry": {"type": "Point", "coordinates": [22.77965, 43.01454]}}, {"type": "Feature", "properties": {"name": "ballanstra", "place_type": "station", "pleiades_uri": "http://pleiades.stoa.org/places/206955", "vocab_label": "Ballanstra|Ballanstra, Kalotina"}, "geometry": {"type": "Point", "coordinates": [22.868180100000018, 42.99402509999999]}}, {"type": "Feature", "properties": {"name": "meldia", "place_type": "station", "pleiades_uri": "http://pleiades.stoa.org/places/207275", "vocab_label": "Meldia|Meldia, Dragoman"}, "geometry": {"type": "Point", "coordinates": [22.92984, 42.921675]}}, {"type": "Feature", "properties": {"name": "scretisca", "place_type": "station", "pleiades_uri": "http://pleiades.stoa.org/places/207435", "vocab_label": "Scretisca|Scretisca, Kostinbrod"}, "geometry": {"type": "Point", "coordinates": [23.2154337, 42.8130176]}}, {"type": "Feature", "properties": {"name": "serdica", "place_type": "settlement", "pleiades_uri": "http://pleiades.stoa.org/places/207439", "vocab_label": "Serdica|Serdica, Sofia"}, "geometry": {"type": "Point", "coordinates": [23.3221545, 42.6976489]}}, {"type": "Feature", "properties": {"name": "sirmium", "place_type": "settlement", "pleiades_uri": "http://pleiades.stoa.org/places/207447", "vocab_label": "Circus, Sremska Mitrovica|Sirmium|Sirmium, Sremska Mitrovica|Sremska Mitrovica"}, "geometry": {"type": "Point", "coordinates": [19.61028, 44.96775]}}, {"type": "Feature", "properties": {"name": "serdica", "place_type": "settlement", "pleiades_uri": "http://pleiades.stoa.org/places/207439", "vocab_label": "Serdica|Serdica, Sofia"}, "geometry": {"type": "Point", "coordinates": [23.3221545, 42.6976489]}}, {"type": "Feature", "properties": {"name": "extuomne", "place_type": "station", "pleiades_uri": "http://pleiades.stoa.org/places/481835", "vocab_label": "\u2018Extuomne\u2019|\u2018Extuomne\u2019, Kazichene"}, "geometry": {"type": "Point", "coordinates": [23.4647832, 42.6593666]}}, {"type": "Feature", "properties": {"name": "buragara", "place_type": "station", "pleiades_uri": "http://pleiades.stoa.org/places/481775", "vocab_label": "Burgaraca|Burgaraca, Lesnovo"}, "geometry": {"type": "Point", "coordinates": [23.619393, 42.649254]}}, {"type": "Feature", "properties": {"name": "sparata", "place_type": "station", "pleiades_uri": "http://pleiades.stoa.org/places/481998", "vocab_label": "Sparata|Sparata, Vakarel"}, "geometry": {"type": "Point", "coordinates": [23.7097576, 42.5593528]}}, {"type": "Feature", "properties": {"name": "hilica", "place_type": "station", "pleiades_uri": "http://pleiades.stoa.org/places/481860", "vocab_label": "Helice|Helice, Ihtiman"}, "geometry": {"type": "Point", "coordinates": [23.816171800000006, 42.4382418]}}, {"type": "Feature", "properties": {"name": "soneio", "place_type": "station", "pleiades_uri": "http://pleiades.stoa.org/places/481996", "vocab_label": "Soneio|Soneio/Stipon, Trayanovi vrata"}, "geometry": {"type": "Point", "coordinates": [23.922456, 42.356859]}}, {"type": "Feature", "properties": {"name": "daciae", "place_type": "region", "pleiades_uri": "http://pleiades.stoa.org/places/207065", "vocab_label": "Dacia"}, "geometry": {"type": "Point", "coordinates": [22.5, 45.5]}}, {"type": "Feature", "properties": {"name": "traciae", "place_type": "province", "pleiades_uri": "http://pleiades.stoa.org/places/981552", "vocab_label": "Thracia (province)"}, "geometry": {"type": "Point", "coordinates": [22.5, 42.5]}}, {"type": "Feature", "properties": {"name": "basapare", "place_type": "settlement", "pleiades_uri": "http://pleiades.stoa.org/places/216732", "vocab_label": "Bessapara|Bessapara, Pazardzhik"}, "geometry": {"type": "Point", "coordinates": [24.333567, 42.1927654]}}, {"type": "Feature", "properties": {"name": "filopopuli", "place_type": "settlement", "pleiades_uri": "http://pleiades.stoa.org/places/216927", "vocab_label": "Philippopolis/Trimontium|Philippopolis/Philipoupolis/Trimontium, Plovdiv"}, "geometry": {"type": "Point", "coordinates": [24.749106, 42.147439]}}, {"type": "Feature", "properties": {"name": "sernota", "place_type": "station", "pleiades_uri": "http://pleiades.stoa.org/places/216980", "vocab_label": "Sernota|Sernota, Manole"}, "geometry": {"type": "Point", "coordinates": [24.932699, 42.187336]}}, {"type": "Feature", "properties": {"name": "paramuole", "place_type": "station", "pleiades_uri": "http://pleiades.stoa.org/places/216920", "vocab_label": "Parambole|Parambole, Belozem"}, "geometry": {"type": "Point", "coordinates": [25.047069, 42.198004]}}, {"type": "Feature", "properties": {"name": "cillio", "place_type": "station", "pleiades_uri": "http://pleiades.stoa.org/places/216767", "vocab_label": "Cillis?|Cillis?, Cherna gora"}, "geometry": {"type": "Point", "coordinates": [25.226115100000015, 42.216088]}}, {"type": "Feature", "properties": {"name": "carassura", "place_type": "station", "pleiades_uri": "http://pleiades.stoa.org/places/216750", "vocab_label": "Carassura|Carassura, Rupkite"}, "geometry": {"type": "Point", "coordinates": [25.385306, 42.240488]}}, {"type": "Feature", "properties": {"name": "arzo", "place_type": "station", "pleiades_uri": "http://pleiades.stoa.org/places/216714", "vocab_label": "Arzus|Arzus, Kalugerovo, Simeonovgrad"}, "geometry": {"type": "Point", "coordinates": [25.870228, 42.077569]}}, {"type": "Feature", "properties": {"name": "palae", "place_type": "station", "pleiades_uri": "http://pleiades.stoa.org/places/501384", "vocab_label": "Castra Iarba|Castra Rubra/Castra Iarba, Kolarowo, Charmanli"}, "geometry": {"type": "Point", "coordinates": [26.094954, 41.933492]}}, {"type": "Feature", "properties": {"name": "rhamis", "place_type": "settlement", "pleiades_uri": "http://pleiades.stoa.org/places/501381", "vocab_label": "Bourdepa|Bourdepa, Svilengrad"}, "geometry": {"type": "Point", "coordinates": [26.20194330000004, 41.7654876]}}, {"type": "Feature", "properties": {"name": "burdista", "place_type": "settlement", "pleiades_uri": "http://pleiades.stoa.org/places/501526", "vocab_label": "Nike|Nike, Havsa/Edirne"}, "geometry": {"type": "Point", "coordinates": [26.823461, 41.549461]}}, {"type": "Feature", "properties": {"name": "daphabae", "place_type": "station", "pleiades_uri": "http://pleiades.stoa.org/places/511428", "vocab_label": "\u2018Tarpodizo\u2019|\u2018Tarpodizo\u2019, Kayova"}, "geometry": {"type": "Point", "coordinates": [27.354053, 41.846659]}}, {"type": "Feature", "properties": {"name": "nicae", "place_type": "station", "pleiades_uri": "http://pleiades.stoa.org/places/511458", "vocab_label": "\u2018Urisio\u2019|\u2018Urisio\u2019, W Bergule"}, "geometry": {"type": "Point", "coordinates": [27.238012, 41.41929]}}, {"type": "Feature", "properties": {"name": "tarpodizo", "place_type": "settlement", "pleiades_uri": "http://pleiades.stoa.org/places/511185", "vocab_label": "Berg(o)ule/Arkadioupolis|Bergoule/Bergule/Arkadioupolis, L\u00fcleburgaz"}, "geometry": {"type": "Point", "coordinates": [27.36121, 41.41621]}}, {"type": "Feature", "properties": {"name": "vrisio", "place_type": "station", "pleiades_uri": "http://pleiades.stoa.org/places/511331", "vocab_label": "\u2018Narco\u2019|\u2018Narco\u2019, E Bergule"}, "geometry": {"type": "Point", "coordinates": [27.469038, 41.346417]}}, {"type": "Feature", "properties": {"name": "virgoles", "place_type": "settlement", "pleiades_uri": "http://pleiades.stoa.org/places/511241", "vocab_label": "Dr(o)usipara|Drousipara/Drusipara, Kar\u0131\u015ft\u0131ran"}, "geometry": {"type": "Point", "coordinates": [27.543955, 41.300089]}}, {"type": "Feature", "properties": {"name": "narco", "place_type": "station", "pleiades_uri": "http://pleiades.stoa.org/places/511448", "vocab_label": "\u2018Tipaso\u2019|\u2018Tipaso\u2019, NW \u00c7orlu"}, "geometry": {"type": "Point", "coordinates": [27.693272, 41.240282]}}, {"type": "Feature", "properties": {"name": "drizupara", "place_type": "settlement", "pleiades_uri": "http://pleiades.stoa.org/places/511456", "vocab_label": "Tzouroulon/Silta?|Tzouroulon/Silta?, \u00c7orlu"}, "geometry": {"type": "Point", "coordinates": [27.79533, 41.16668]}}, {"type": "Feature", "properties": {"name": "tipso", "place_type": "settlement", "pleiades_uri": "http://pleiades.stoa.org/places/511456", "vocab_label": "Tzouroulon/Silta?|Tzouroulon/Silta?, \u00c7orlu"}, "geometry": {"type": "Point", "coordinates": [27.79533, 41.16668]}}, {"type": "Feature", "properties": {"name": "tunorullo", "place_type": "station", "pleiades_uri": "http://pleiades.stoa.org/places/511184", "vocab_label": "\u2018Beodizo\u2019|\u2018Beodizo\u2019, 9 miles NW Perinthus"}, "geometry": {"type": "Point", "coordinates": [27.824805, 41.087065]}}, {"type": "Feature", "properties": {"name": "beodizo", "place_type": "settlement", "pleiades_uri": "http://pleiades.stoa.org/places/511357", "vocab_label": "Perinthus/Heraclea|Perinthus/Perinthos/Heraclea, Marmara Ere\u011flisi Adliyesi"}, "geometry": {"type": "Point", "coordinates": [27.95454, 40.97089]}}, {"type": "Feature", "properties": {"name": "heraclea", "place_type": "settlement", "pleiades_uri": "http://pleiades.stoa.org/places/511227", "vocab_label": "Daunion Teichos|Daunion Teichos, near Eski Ere\u011fli"}, "geometry": {"type": "Point", "coordinates": [28.038408, 41.053506]}}, {"type": "Feature", "properties": {"name": "baunne", "place_type": "settlement", "pleiades_uri": "http://pleiades.stoa.org/places/511414", "vocab_label": "Sely(m)bria/Eudoxiopolis|Selymbria/Selybria/Eudoxiopolis, Silivri"}, "geometry": {"type": "Point", "coordinates": [28.26828999999998, 41.080158]}}, {"type": "Feature", "properties": {"name": "salambria", "place_type": "station", "pleiades_uri": "http://pleiades.stoa.org/places/511201", "vocab_label": "\u2018Callum\u2019|\u2018Callum\u2019, E Selymbria"}, "geometry": {"type": "Point", "coordinates": [28.418437, 41.051365]}}, {"type": "Feature", "properties": {"name": "callum", "place_type": "settlement", "pleiades_uri": "http://pleiades.stoa.org/places/511172", "vocab_label": "Athyras|Athyras, B\u00fcy\u00fck\u00e7ekmece"}, "geometry": {"type": "Point", "coordinates": [28.589971, 41.034016]}}, {"type": "Feature", "properties": {"name": "atyra", "place_type": "settlement", "pleiades_uri": "http://pleiades.stoa.org/places/511397", "vocab_label": "Rhegion|Rhegion, K\u00fc\u00e7\u00fck\u00e7ekmece/\u0130stanbul"}, "geometry": {"type": "Point", "coordinates": [28.775342000000023, 41.0086579]}}, {"type": "Feature", "properties": {"name": "regio", "place_type": "settlement,urban", "pleiades_uri": "http://pleiades.stoa.org/places/520998", "vocab_label": "Constantinopolis|Byzantium|Byzantium/Byzantion/Constantinopolis, Istanbul"}, "geometry": {"type": "Point", "coordinates": [28.975926, 41.012379]}}, {"type": "Feature", "properties": {"name": "constantinopoli", "place_type": "settlement", "pleiades_uri": "http://pleiades.stoa.org/places/207439", "vocab_label": "Serdica|Serdica, Sofia"}, "geometry": {"type": "Point", "coordinates": [23.3221545, 42.6976489]}}, {"type": "Feature", "properties": {"name": "serdica", "place_type": "settlement,urban", "pleiades_uri": "http://pleiades.stoa.org/places/520998", "vocab_label": "Constantinopolis|Byzantium|Byzantium/Byzantion/Constantinopolis, Istanbul"}, "geometry": {"type": "Point", "coordinates": [28.975926, 41.012379]}}, {"type": "Feature", "properties": {"name": "constantinopoli", "place_type": "amphitheatre,settlement", "pleiades_uri": "http://pleiades.stoa.org/places/138248", "vocab_label": "Burdigala|Mithraeum, Bordeaux|Burdigala, Bordeaux|Piliers de Tutelle, Bordeaux|Bordeaux"}, "geometry": {"type": "Point", "coordinates": [-0.573687, 44.834764]}}, {"type": "Feature", "properties": {"name": "burdigala", "place_type": "settlement,urban", "pleiades_uri": "http://pleiades.stoa.org/places/520998", "vocab_label": "Constantinopolis|Byzantium|Byzantium/Byzantion/Constantinopolis, Istanbul"}, "geometry": {"type": "Point", "coordinates": [28.975926, 41.012379]}}, {"type": "Feature", "properties": {"name": "constantinopolim", "place_type": "settlement", "pleiades_uri": "http://pleiades.stoa.org/places/648789", "vocab_label": "Tarsus/Antiochia ad Cydnum|Tarsus/Antiochia ad Cydnum, G\u00f6zl\u00fc Kule"}, "geometry": {"type": "Point", "coordinates": [34.89592, 36.91242]}}, {"type": "Feature", "properties": {"name": "calcedonia", "place_type": "settlement,port", "pleiades_uri": "http://pleiades.stoa.org/places/520988", "vocab_label": "Chalcedon|Chalcedon, Kad\u0131k\u00f6y"}, "geometry": {"type": "Point", "coordinates": [29.025789, 40.983393]}}, {"type": "Feature", "properties": {"name": "constantinopolim", "place_type": "settlement,urban", "pleiades_uri": "http://pleiades.stoa.org/places/520998", "vocab_label": "Constantinopolis|Byzantium|Byzantium/Byzantion/Constantinopolis, Istanbul"}, "geometry": {"type": "Point", "coordinates": [28.975926, 41.012379]}}, {"type": "Feature", "properties": {"name": "constantinopoli", "place_type": "settlement,urban", "pleiades_uri": "http://pleiades.stoa.org/places/520998", "vocab_label": "Constantinopolis|Byzantium|Byzantium/Byzantion/Constantinopolis, Istanbul"}, "geometry": {"type": "Point", "coordinates": [28.975926, 41.012379]}}, {"type": "Feature", "properties": {"name": "pontum", "place_type": "water-open", "pleiades_uri": "http://pleiades.stoa.org/places/520977", "vocab_label": "Bosphorus"}, "geometry": {"type": "Point", "coordinates": [29.075278, 41.119444]}}, {"type": "Feature", "properties": {"name": "calcedoniam", "place_type": "settlement,port", "pleiades_uri": "http://pleiades.stoa.org/places/520988", "vocab_label": "Chalcedon|Chalcedon, Kad\u0131k\u00f6y"}, "geometry": {"type": "Point", "coordinates": [29.025789, 40.983393]}}, {"type": "Feature", "properties": {"name": "bithyniam", "place_type": "region", "pleiades_uri": "http://pleiades.stoa.org/places/511189", "vocab_label": "Bithynia (region)"}, "geometry": {"type": "Point", "coordinates": [31.501635083333333, 41.01972391666666]}}, {"type": "Feature", "properties": {"name": "nassete", "place_type": "station", "pleiades_uri": "http://pleiades.stoa.org/places/521092", "vocab_label": "\u2018Nassete\u2019|\u2018Nassete\u2019, near Maltepe"}, "geometry": {"type": "Point", "coordinates": [29.131811, 40.918692]}}, {"type": "Feature", "properties": {"name": "pandicia", "place_type": "settlement", "pleiades_uri": "http://pleiades.stoa.org/places/521106", "vocab_label": "Panteichion|Panteichion, Pendik"}, "geometry": {"type": "Point", "coordinates": [29.23513, 40.876585]}}, {"type": "Feature", "properties": {"name": "pontamus", "place_type": "station", "pleiades_uri": "http://pleiades.stoa.org/places/511371", "vocab_label": "Potamoi|Potamoi, E Pendik"}, "geometry": {"type": "Point", "coordinates": [29.379823, 40.798384]}}, {"type": "Feature", "properties": {"name": "libissa", "place_type": "settlement", "pleiades_uri": "http://pleiades.stoa.org/places/511305", "vocab_label": "Libyssa|Libyssa, Libyssa"}, "geometry": {"type": "Point", "coordinates": [29.539812, 40.769562]}}, {"type": "Feature", "properties": {"name": "brunga", "place_type": "station", "pleiades_uri": "http://pleiades.stoa.org/places/511193", "vocab_label": "\u2018Brunca\u2019|\u2018Brunca\u2019, Hereke/Yar\u0131mca?"}, "geometry": {"type": "Point", "coordinates": [29.701046, 40.777757]}}, {"type": "Feature", "properties": {"name": "nicomedia", "place_type": "settlement", "pleiades_uri": "http://pleiades.stoa.org/places/511337", "vocab_label": "Nicomedia|Nicomedia//Nikomedeia, \u0130zmit"}, "geometry": {"type": "Point", "coordinates": [29.923486, 40.76445]}}, {"type": "Feature", "properties": {"name": "constantinopoli", "place_type": "settlement,urban", "pleiades_uri": "http://pleiades.stoa.org/places/520998", "vocab_label": "Constantinopolis|Byzantium|Byzantium/Byzantion/Constantinopolis, Istanbul"}, "geometry": {"type": "Point", "coordinates": [28.975926, 41.012379]}}, {"type": "Feature", "properties": {"name": "nicomedia", "place_type": "settlement", "pleiades_uri": "http://pleiades.stoa.org/places/511337", "vocab_label": "Nicomedia|Nicomedia//Nikomedeia, \u0130zmit"}, "geometry": {"type": "Point", "coordinates": [29.923486, 40.76445]}}, {"type": "Feature", "properties": {"name": "hyribolum", "place_type": "station", "pleiades_uri": "http://pleiades.stoa.org/places/511253", "vocab_label": "Eribolon|Eribolon, Yenik\u00f6y"}, "geometry": {"type": "Point", "coordinates": [29.8944, 40.6939]}}, {"type": "Feature", "properties": {"name": "libum", "place_type": "station", "pleiades_uri": "http://pleiades.stoa.org/places/511304", "vocab_label": "Libum|Libum, near Senaiye"}, "geometry": {"type": "Point", "coordinates": [29.686075, 40.631587]}}, {"type": "Feature", "properties": {"name": "liada", "place_type": "station", "pleiades_uri": "http://pleiades.stoa.org/places/511302", "vocab_label": "\u2018Liada\u2019|\u2018Liada\u2019, near Sar\u0131a\u011f\u0131l"}, "geometry": {"type": "Point", "coordinates": [29.668747, 40.559956]}}, {"type": "Feature", "properties": {"name": "nicia", "place_type": "theatre,settlement", "pleiades_uri": "http://pleiades.stoa.org/places/511268", "vocab_label": "Helikore/Nicaea|Nicaea/Nikaia/Helikore, \u0130znik"}, "geometry": {"type": "Point", "coordinates": [29.715443, 40.426679]}}, {"type": "Feature", "properties": {"name": "schinae", "place_type": "station", "pleiades_uri": "http://pleiades.stoa.org/places/511412", "vocab_label": "\u2018Schinae\u2019|\u2018Schinae\u2019, Karadin"}, "geometry": {"type": "Point", "coordinates": [29.915044, 40.413487]}}, {"type": "Feature", "properties": {"name": "mido", "place_type": "station", "pleiades_uri": "http://pleiades.stoa.org/places/511326", "vocab_label": "Mygdum/\u2018Midum\u2019|Mygdum/\u2018Midum\u2019, Ta\u015fk\u00f6pr\u00fc?"}, "geometry": {"type": "Point", "coordinates": [29.981601, 40.36105]}}, {"type": "Feature", "properties": {"name": "chogeae", "place_type": "station", "pleiades_uri": "http://pleiades.stoa.org/places/511210", "vocab_label": "\u2018Chogeae\u2019|\u2018Chogeae\u2019, Medetli?"}, "geometry": {"type": "Point", "coordinates": [30.128565, 40.289705]}}, {"type": "Feature", "properties": {"name": "thateso", "place_type": "station", "pleiades_uri": "http://pleiades.stoa.org/places/511437", "vocab_label": "\u2018Thateso\u2019|\u2018Thateso\u2019, Dikenli Bo\u011faz?"}, "geometry": {"type": "Point", "coordinates": [30.24468, 40.248889]}}, {"type": "Feature", "properties": {"name": "protunica", "place_type": "settlement", "pleiades_uri": "http://pleiades.stoa.org/places/511431", "vocab_label": "Tattaios|Tattaios, Ar\u0131caklar"}, "geometry": {"type": "Point", "coordinates": [30.3429555, 40.286922]}}, {"type": "Feature", "properties": {"name": "artemis", "place_type": "station", "pleiades_uri": "http://pleiades.stoa.org/places/511383", "vocab_label": "\u2018Protunica\u2019|\u2018Protunica\u2019, Sarihocalar"}, "geometry": {"type": "Point", "coordinates": [30.489235, 40.266892]}}, {"type": "Feature", "properties": {"name": "dablae", "place_type": "station", "pleiades_uri": "http://pleiades.stoa.org/places/844900", "vocab_label": "Dableis|Dableis, \u00c7ayk\u00f6y"}, "geometry": {"type": "Point", "coordinates": [30.682355, 40.269618]}}, {"type": "Feature", "properties": {"name": "ceratae", "place_type": "station", "pleiades_uri": "http://pleiades.stoa.org/places/844892", "vocab_label": "Ceratae|Ceratae, mansio at Beydili"}, "geometry": {"type": "Point", "coordinates": [30.874479, 40.188973]}}, {"type": "Feature", "properties": {"name": "bithiniae", "place_type": "region", "pleiades_uri": "http://pleiades.stoa.org/places/511189", "vocab_label": "Bithynia (region)"}, "geometry": {"type": "Point", "coordinates": [31.501635083333333, 41.01972391666666]}}, {"type": "Feature", "properties": {"name": "galatiae", "place_type": "region,province", "pleiades_uri": "http://pleiades.stoa.org/places/619161", "vocab_label": "Galatia"}, "geometry": {"type": "Point", "coordinates": [32.75, 39.75]}}, {"type": "Feature", "properties": {"name": "dadastano", "place_type": "station", "pleiades_uri": "http://pleiades.stoa.org/places/844901", "vocab_label": "Dadastana|Dadastana, Karahisar"}, "geometry": {"type": "Point", "coordinates": [31.109549, 40.195974]}}, {"type": "Feature", "properties": {"name": "trans monte", "place_type": "station", "pleiades_uri": "http://pleiades.stoa.org/places/845086", "vocab_label": "\u2018Transmonte\u2019|\u2018Transmonte\u2019, near Bagl\u0131ca"}, "geometry": {"type": "Point", "coordinates": [31.22005, 40.225726]}}, {"type": "Feature", "properties": {"name": "milia", "place_type": "station", "pleiades_uri": "http://pleiades.stoa.org/places/845019", "vocab_label": "Milia|Milia, near Eymir"}, "geometry": {"type": "Point", "coordinates": [31.342518, 40.197085]}}, {"type": "Feature", "properties": {"name": "iuliopolis", "place_type": "settlement", "pleiades_uri": "http://pleiades.stoa.org/places/844935", "vocab_label": "Gordioukome/Iuliopolis|Gordioukome/Iuliopolis, Sar\u0131lar"}, "geometry": {"type": "Point", "coordinates": [31.6450025, 40.107062]}}, {"type": "Feature", "properties": {"name": "hicronpotamum", "place_type": "settlement", "pleiades_uri": "http://pleiades.stoa.org/places/844946", "vocab_label": "*Hieronpotamon|*Hieronpotamon, below Tahir"}, "geometry": {"type": "Point", "coordinates": [31.690195, 40.082671]}}, {"type": "Feature", "properties": {"name": "agannia", "place_type": "settlement", "pleiades_uri": "http://pleiades.stoa.org/places/609447", "vocab_label": "Lagania/Anastasioupolis|Lagania/Anastasioupolis, Dikmen H\u00fcy\u00fck"}, "geometry": {"type": "Point", "coordinates": [31.9622515, 40.0219715]}}, {"type": "Feature", "properties": {"name": "petrobrogen", "place_type": "station", "pleiades_uri": "http://pleiades.stoa.org/places/845038", "vocab_label": "\u2018Petobrogen\u2019|\u2018Petobrogen\u2019, near Perli \u00c7iftlik"}, "geometry": {"type": "Point", "coordinates": [32.016977, 40.053953]}}, {"type": "Feature", "properties": {"name": "mnizos", "place_type": "settlement", "pleiades_uri": "http://pleiades.stoa.org/places/845020", "vocab_label": "Mnizos|Mnizos, Bal\u00e7i\u00e7ek \u00c7iftli\u011fi"}, "geometry": {"type": "Point", "coordinates": [32.2489715, 40.04443]}}, {"type": "Feature", "properties": {"name": "prasmon", "place_type": "station", "pleiades_uri": "http://pleiades.stoa.org/places/845047", "vocab_label": "Prasmon|Prasmon, NE Ayas"}, "geometry": {"type": "Point", "coordinates": [32.249382, 40.109949]}}, {"type": "Feature", "properties": {"name": "malogordis", "place_type": "station", "pleiades_uri": "http://pleiades.stoa.org/places/845011", "vocab_label": "\u2018Manegordo\u2019|\u2018Manegordo\u2019, Avdan"}, "geometry": {"type": "Point", "coordinates": [32.429558, 40.084044]}}, {"type": "Feature", "properties": {"name": "cenaxem palidem", "place_type": "station", "pleiades_uri": "http://pleiades.stoa.org/places/619136", "vocab_label": "Cenaxis Palus|Cenaxis Palus, Macun \u00c7iftlik? near Etimesgut"}, "geometry": {"type": "Point", "coordinates": [32.6625835, 39.9844845]}}, {"type": "Feature", "properties": {"name": "anchira galatia", "place_type": "settlement", "pleiades_uri": "http://pleiades.stoa.org/places/619103", "vocab_label": "Ancyra|Ancyra, Ankara"}, "geometry": {"type": "Point", "coordinates": [32.858128, 39.944387]}}, {"type": "Feature", "properties": {"name": "nicomedia", "place_type": "settlement", "pleiades_uri": "http://pleiades.stoa.org/places/511337", "vocab_label": "Nicomedia|Nicomedia//Nikomedeia, \u0130zmit"}, "geometry": {"type": "Point", "coordinates": [29.923486, 40.76445]}}, {"type": "Feature", "properties": {"name": "anchira galatia", "place_type": "settlement", "pleiades_uri": "http://pleiades.stoa.org/places/619103", "vocab_label": "Ancyra|Ancyra, Ankara"}, "geometry": {"type": "Point", "coordinates": [32.858128, 39.944387]}}, {"type": "Feature", "properties": {"name": "delemna", "place_type": "region,province", "pleiades_uri": "http://pleiades.stoa.org/places/619161", "vocab_label": "Galatia"}, "geometry": {"type": "Point", "coordinates": [32.75, 39.75]}}, {"type": "Feature", "properties": {"name": "milia", "place_type": "station", "pleiades_uri": "http://pleiades.stoa.org/places/619150", "vocab_label": "Delemna/Dilimnia|Delemna/Dilimnia, G\u00f6l\u00e7\u00fck?"}, "geometry": {"type": "Point", "coordinates": [32.8194405, 39.8243105]}}, {"type": "Feature", "properties": {"name": "curueunta", "place_type": "settlement", "pleiades_uri": "http://pleiades.stoa.org/places/619167", "vocab_label": "Gorbeus|Gorbeus, O\u011fulbey"}, "geometry": {"type": "Point", "coordinates": [32.87447, 39.69484]}}, {"type": "Feature", "properties": {"name": "rosolodiaco", "place_type": "station", "pleiades_uri": "http://pleiades.stoa.org/places/619228", "vocab_label": "Orsologiakos/Rosolodiacus|Orsologiakos/Rosolodiacus, Deliler \u00c7iftli\u011fi"}, "geometry": {"type": "Point", "coordinates": [32.896893, 39.588876]}}, {"type": "Feature", "properties": {"name": "aliassum", "place_type": "station", "pleiades_uri": "http://pleiades.stoa.org/places/619102", "vocab_label": "Aliassum|Aliassum, probably at Av\u015far"}, "geometry": {"type": "Point", "coordinates": [33.0678125, 39.4528865]}}, {"type": "Feature", "properties": {"name": "aspona", "place_type": "settlement", "pleiades_uri": "http://pleiades.stoa.org/places/619118", "vocab_label": "Aspona|Aspona, Sar\u0131h\u00fcy\u00fck/Ankara"}, "geometry": {"type": "Point", "coordinates": [33.289354, 39.309426]}}, {"type": "Feature", "properties": {"name": "galea", "place_type": "station", "pleiades_uri": "http://pleiades.stoa.org/places/619162", "vocab_label": "Galea|Galea, near B\u00fcy\u00fck B\u0131y\u0131k"}, "geometry": {"type": "Point", "coordinates": [33.441223, 39.266152]}}, {"type": "Feature", "properties": {"name": "galatiae", "place_type": "province", "pleiades_uri": "http://pleiades.stoa.org/places/991393", "vocab_label": "Galatia"}, "geometry": {"type": "Point", "coordinates": [32.5, 37.5]}}, {"type": "Feature", "properties": {"name": "cappadociae", "place_type": "province", "pleiades_uri": "http://pleiades.stoa.org/places/981523", "vocab_label": "Galatia et Cappadocia"}, "geometry": {"type": "Point", "coordinates": [32.5, 37.5]}}, {"type": "Feature", "properties": {"name": "parnasso", "place_type": "settlement", "pleiades_uri": "http://pleiades.stoa.org/places/619235", "vocab_label": "Parnassos|Parnassos, De\u011firmenyolu"}, "geometry": {"type": "Point", "coordinates": [33.586987, 39.054632]}}, {"type": "Feature", "properties": {"name": "iogola", "place_type": "station", "pleiades_uri": "http://pleiades.stoa.org/places/619232", "vocab_label": "Ozzala/Ozizala|Ozzala/Ozizala, near \u00dczengilik (contra RE)"}, "geometry": {"type": "Point", "coordinates": [33.711367, 38.871019]}}, {"type": "Feature", "properties": {"name": "nitalis", "place_type": "station", "pleiades_uri": "http://pleiades.stoa.org/places/619220", "vocab_label": "Nitazi/Nitalis|Nitazi/Nitalis, Kabak\u00fclak"}, "geometry": {"type": "Point", "coordinates": [33.912591, 38.709571]}}, {"type": "Feature", "properties": {"name": "argustana", "place_type": "station", "pleiades_uri": "http://pleiades.stoa.org/places/619115", "vocab_label": "Argustana|Argustana, Yeniyuva, formerly Nurg\u00fcz"}, "geometry": {"type": "Point", "coordinates": [34.032157, 38.566309]}}, {"type": "Feature", "properties": {"name": "colonia", "place_type": "settlement", "pleiades_uri": "http://pleiades.stoa.org/places/619164", "vocab_label": "Garsaura/Col. Claudia Archelais/Koloneia|Garsaura/Garsaoura/Garsauira/Archelais/Col. Claudia Archelais/Koloneia, Aksaray"}, "geometry": {"type": "Point", "coordinates": [34.028835, 38.374149]}}, {"type": "Feature", "properties": {"name": "momoasson", "place_type": "station", "pleiades_uri": "http://pleiades.stoa.org/places/619212", "vocab_label": "Momasson|Momasson, G\u00f6k\u00e7e, formerly Mamasun"}, "geometry": {"type": "Point", "coordinates": [34.167749, 38.41672]}}, {"type": "Feature", "properties": {"name": "anathiango", "place_type": "settlement", "pleiades_uri": "http://pleiades.stoa.org/places/619218", "vocab_label": "Nandianulus/Nazianzos|Nandianulus/Nazianzos, Nenezig\u00f6z\u00fc"}, "geometry": {"type": "Point", "coordinates": [34.3497935, 38.398047]}}, {"type": "Feature", "properties": {"name": "chusa", "place_type": "station", "pleiades_uri": "http://pleiades.stoa.org/places/619139", "vocab_label": "Chusa|Chusa, probably at Yaz\u0131k\u00f6y"}, "geometry": {"type": "Point", "coordinates": [34.448556, 38.376942]}}, {"type": "Feature", "properties": {"name": "sasima", "place_type": "settlement", "pleiades_uri": "http://pleiades.stoa.org/places/619256", "vocab_label": "Sasima|Sasima, Hasank\u00f6y"}, "geometry": {"type": "Point", "coordinates": [34.6292035, 38.2298035]}}, {"type": "Feature", "properties": {"name": "andauilis", "place_type": "settlement", "pleiades_uri": "http://pleiades.stoa.org/places/619104", "vocab_label": "Andabalis|Andabalis, Yenik\u00f6y, formerly Eski Andaval"}, "geometry": {"type": "Point", "coordinates": [34.67349, 38.0394955]}}, {"type": "Feature", "properties": {"name": "thyana", "place_type": "settlement", "pleiades_uri": "http://pleiades.stoa.org/places/648801", "vocab_label": "Tyana/Col. Aurelia Antoniniana|Tyana/Col. Aurelia Antoniniana, Kemerhisar"}, "geometry": {"type": "Point", "coordinates": [34.568378, 37.817319]}}, {"type": "Feature", "properties": {"name": "faustinopoli", "place_type": "settlement", "pleiades_uri": "http://pleiades.stoa.org/places/648608", "vocab_label": "Col. Faustinopolis/Halala|Col. Faustinopolis/Halala, Ba\u015fmak\u00e7\u0131"}, "geometry": {"type": "Point", "coordinates": [34.723587, 37.659399]}}, {"type": "Feature", "properties": {"name": "caena", "place_type": "station", "pleiades_uri": "http://pleiades.stoa.org/places/648592", "vocab_label": "Caena|Caena, near \u00d6merli"}, "geometry": {"type": "Point", "coordinates": [34.842479, 37.531389]}}, {"type": "Feature", "properties": {"name": "opodando", "place_type": "settlement", "pleiades_uri": "http://pleiades.stoa.org/places/648742", "vocab_label": "Podandus|Podandus, Pozant\u0131/Adana"}, "geometry": {"type": "Point", "coordinates": [34.872073, 37.4265802]}}, {"type": "Feature", "properties": {"name": "pilas", "place_type": "pass", "pleiades_uri": "http://pleiades.stoa.org/places/648670", "vocab_label": "Kilikiai Pylai|Kilikiai Pylai|Kilikiai Pylai, near Sar\u0131seki|Kilikiai Pylai, G\u00fclek Bogazi"}, "geometry": {"type": "Point", "coordinates": [36.227919, 36.658322]}}, {"type": "Feature", "properties": {"name": "cappadociae", "place_type": "labeled feature", "pleiades_uri": "http://pleiades.stoa.org/places/628949", "vocab_label": "Cappadocia"}, "geometry": {"type": "Point", "coordinates": [35.75, 39.25]}}, {"type": "Feature", "properties": {"name": "ciliciae", "place_type": "province", "pleiades_uri": "http://pleiades.stoa.org/places/981514", "vocab_label": "Cilicia"}, "geometry": {"type": "Point", "coordinates": [32.5, 37.5]}}, {"type": "Feature", "properties": {"name": "mansucrinae", "place_type": "station", "pleiades_uri": "http://pleiades.stoa.org/places/648704", "vocab_label": "Ma(m)psoukrenai|Mampsoukrenai/Mapsoukrenai, K\u0131r\u0131tlar?"}, "geometry": {"type": "Point", "coordinates": [34.8858995, 37.0733365]}}, {"type": "Feature", "properties": {"name": "tarso", "place_type": "settlement", "pleiades_uri": "http://pleiades.stoa.org/places/648789", "vocab_label": "Tarsus/Antiochia ad Cydnum|Tarsus/Antiochia ad Cydnum, G\u00f6zl\u00fc Kule"}, "geometry": {"type": "Point", "coordinates": [34.89592, 36.91242]}}, {"type": "Feature", "properties": {"name": "anchira galatia", "place_type": "region,province", "pleiades_uri": "http://pleiades.stoa.org/places/619161", "vocab_label": "Galatia"}, "geometry": {"type": "Point", "coordinates": [32.75, 39.75]}}, {"type": "Feature", "properties": {"name": "tarso", "place_type": "settlement", "pleiades_uri": "http://pleiades.stoa.org/places/648789", "vocab_label": "Tarsus/Antiochia ad Cydnum|Tarsus/Antiochia ad Cydnum, G\u00f6zl\u00fc Kule"}, "geometry": {"type": "Point", "coordinates": [34.89592, 36.91242]}}, {"type": "Feature", "properties": {"name": "tarso", "place_type": "settlement", "pleiades_uri": "http://pleiades.stoa.org/places/648789", "vocab_label": "Tarsus/Antiochia ad Cydnum|Tarsus/Antiochia ad Cydnum, G\u00f6zl\u00fc Kule"}, "geometry": {"type": "Point", "coordinates": [34.89592, 36.91242]}}, {"type": "Feature", "properties": {"name": "anchira", "place_type": "settlement", "pleiades_uri": "http://pleiades.stoa.org/places/619103", "vocab_label": "Ancyra|Ancyra, Ankara"}, "geometry": {"type": "Point", "coordinates": [32.858128, 39.944387]}}, {"type": "Feature", "properties": {"name": "galatia", "place_type": "region,province", "pleiades_uri": "http://pleiades.stoa.org/places/619161", "vocab_label": "Galatia"}, "geometry": {"type": "Point", "coordinates": [32.75, 39.75]}}, {"type": "Feature", "properties": {"name": "tarso", "place_type": "settlement", "pleiades_uri": "http://pleiades.stoa.org/places/648789", "vocab_label": "Tarsus/Antiochia ad Cydnum|Tarsus/Antiochia ad Cydnum, G\u00f6zl\u00fc Kule"}, "geometry": {"type": "Point", "coordinates": [34.89592, 36.91242]}}, {"type": "Feature", "properties": {"name": "pargais", "place_type": "station", "pleiades_uri": "http://pleiades.stoa.org/places/648733", "vocab_label": "Pargais|Pargais, near G\u00f6k\u00e7eler"}, "geometry": {"type": "Point", "coordinates": [35.1059765, 36.9712975]}}, {"type": "Feature", "properties": {"name": "adana", "place_type": "settlement-modern,settlement", "pleiades_uri": "http://pleiades.stoa.org/places/648548", "vocab_label": "Adana/Antiochia ad Sarum|Adana/Antiochia ad Sarum, Adana"}, "geometry": {"type": "Point", "coordinates": [35.334166, 36.985809]}}, {"type": "Feature", "properties": {"name": "mansista", "place_type": "settlement", "pleiades_uri": "http://pleiades.stoa.org/places/658538", "vocab_label": "Mopsou(h)estia/Seleukeia pros to Pyramo|Mopsouhestia/Mopsouestia/Seleukeia pros to Pyramo, Yakap\u0131nar"}, "geometry": {"type": "Point", "coordinates": [35.62389, 36.95779]}}, {"type": "Feature", "properties": {"name": "tardequeia", "place_type": "station", "pleiades_uri": "http://pleiades.stoa.org/places/658610", "vocab_label": "Tardequeia|Tardequeia, Kurtkula\u011f\u0131?"}, "geometry": {"type": "Point", "coordinates": [35.88579, 36.93717]}}, {"type": "Feature", "properties": {"name": "catauolo", "place_type": "settlement", "pleiades_uri": "http://pleiades.stoa.org/places/658506", "vocab_label": "Katabolos/Moutloubake|Katabolos/Moutloubake, Muttalip H\u00f6y\u00fc\u011f\u00fc"}, "geometry": {"type": "Point", "coordinates": [35.98137, 36.91741]}}, {"type": "Feature", "properties": {"name": "baiae", "place_type": "labeled feature", "pleiades_uri": "http://pleiades.stoa.org/places/658394", "vocab_label": "Baiae|Baiae, Payas"}, "geometry": {"type": "Point", "coordinates": [36.21292, 36.75331]}}, {"type": "Feature", "properties": {"name": "alexandria scabiosa", "place_type": "settlement", "pleiades_uri": "http://pleiades.stoa.org/places/658371", "vocab_label": "Alexandria ad Issum|Alexandria ad Issum, \u0130skenderun"}, "geometry": {"type": "Point", "coordinates": [36.166038, 36.589023]}}, {"type": "Feature", "properties": {"name": "pictanus", "place_type": "settlement", "pleiades_uri": "http://pleiades.stoa.org/places/658573", "vocab_label": "Platanoi/\u2018Pictanus\u2019|Platanoi/\u2018Pictanus\u2019, Belen"}, "geometry": {"type": "Point", "coordinates": [36.19513, 36.488437]}}, {"type": "Feature", "properties": {"name": "cilciae", "place_type": "province", "pleiades_uri": "http://pleiades.stoa.org/places/981514", "vocab_label": "Cilicia"}, "geometry": {"type": "Point", "coordinates": [32.5, 37.5]}}, {"type": "Feature", "properties": {"name": "syriae", "place_type": "province", "pleiades_uri": "http://pleiades.stoa.org/places/981550", "vocab_label": "Syria (Roman imperial province)"}, "geometry": {"type": "Point", "coordinates": [37.5, 37.5]}}, {"type": "Feature", "properties": {"name": "pagrios", "place_type": "settlement,fort", "pleiades_uri": "http://pleiades.stoa.org/places/658564", "vocab_label": "Pagrae|Pagrae, Ba\u011fras"}, "geometry": {"type": "Point", "coordinates": [36.224864, 36.426652]}}, {"type": "Feature", "properties": {"name": "antiochia", "place_type": "amphitheatre,settlement,urban", "pleiades_uri": "http://pleiades.stoa.org/places/658381", "vocab_label": "Antiochia/Theoupolis|Antiochia/Theoupolis, Antakya"}, "geometry": {"type": "Point", "coordinates": [36.165318, 36.200663]}}, {"type": "Feature", "properties": {"name": "tarso", "place_type": "settlement", "pleiades_uri": "http://pleiades.stoa.org/places/648789", "vocab_label": "Tarsus/Antiochia ad Cydnum|Tarsus/Antiochia ad Cydnum, G\u00f6zl\u00fc Kule"}, "geometry": {"type": "Point", "coordinates": [34.89592, 36.91242]}}, {"type": "Feature", "properties": {"name": "ciliciae", "place_type": "province", "pleiades_uri": "http://pleiades.stoa.org/places/981514", "vocab_label": "Cilicia"}, "geometry": {"type": "Point", "coordinates": [32.5, 37.5]}}, {"type": "Feature", "properties": {"name": "antiochia", "place_type": "amphitheatre,settlement,urban", "pleiades_uri": "http://pleiades.stoa.org/places/658381", "vocab_label": "Antiochia/Theoupolis|Antiochia/Theoupolis, Antakya"}, "geometry": {"type": "Point", "coordinates": [36.165318, 36.200663]}}, {"type": "Feature", "properties": {"name": "palatium dafne", "place_type": "settlement", "pleiades_uri": "http://pleiades.stoa.org/places/658450", "vocab_label": "Daphne|Daphne, Harbiye"}, "geometry": {"type": "Point", "coordinates": [36.142802, 36.130422]}}, {"type": "Feature", "properties": {"name": "hysdata", "place_type": "settlement,port", "pleiades_uri": "http://pleiades.stoa.org/places/658483", "vocab_label": "Hydatos Potamoi/Seleukeia Pieria|Seleukeia Pieria/Hydatos Potamoi, \u00c7evlik"}, "geometry": {"type": "Point", "coordinates": [35.93815, 36.11705]}}, {"type": "Feature", "properties": {"name": "ladica", "place_type": "settlement,port", "pleiades_uri": "http://pleiades.stoa.org/places/668290", "vocab_label": "Laodicea|Laodicea, Latakia"}, "geometry": {"type": "Point", "coordinates": [35.782047, 35.513994]}}, {"type": "Feature", "properties": {"name": "gabala", "place_type": "settlement", "pleiades_uri": "http://pleiades.stoa.org/places/668250", "vocab_label": "Gabala|Gabala, Jableh"}, "geometry": {"type": "Point", "coordinates": [35.92429, 35.36171]}}, {"type": "Feature", "properties": {"name": "balaneas", "place_type": "settlement,port", "pleiades_uri": "http://pleiades.stoa.org/places/668206", "vocab_label": "Balanea/Leukas|Balanea/Leukas, Baniyas"}, "geometry": {"type": "Point", "coordinates": [35.928176, 35.15354]}}, {"type": "Feature", "properties": {"name": "syriae coelis", "place_type": "province", "pleiades_uri": "http://pleiades.stoa.org/places/981550", "vocab_label": "Syria (Roman imperial province)"}, "geometry": {"type": "Point", "coordinates": [37.5, 37.5]}}, {"type": "Feature", "properties": {"name": "foenicis", "place_type": "region", "pleiades_uri": "http://pleiades.stoa.org/places/678334", "vocab_label": "Phoenice"}, "geometry": {"type": "Point", "coordinates": [35.25, 33.25]}}, {"type": "Feature", "properties": {"name": "maraccas", "place_type": "station", "pleiades_uri": "http://pleiades.stoa.org/places/668305", "vocab_label": "Maraccas|Maraccas, Khrab Maraqiye"}, "geometry": {"type": "Point", "coordinates": [35.898709, 35.041299]}}, {"type": "Feature", "properties": {"name": "antaradus", "place_type": "settlement", "pleiades_uri": "http://pleiades.stoa.org/places/668190", "vocab_label": "Antarados/Constantia|Antarados/Constantia, Tartous"}, "geometry": {"type": "Point", "coordinates": [35.88929, 34.884894]}}, {"type": "Feature", "properties": {"name": "arcas", "place_type": "settlement", "pleiades_uri": "http://pleiades.stoa.org/places/668198", "vocab_label": "Arca/Herakleia en Phoinike/Caesarea ad Libanum|Arca/Herakleia en Phoinike/Caesarea ad Libanum, Tell 'Arqa"}, "geometry": {"type": "Point", "coordinates": [36.04677, 34.53049]}}, {"type": "Feature", "properties": {"name": "bruttus", "place_type": "station", "pleiades_uri": "http://pleiades.stoa.org/places/668215", "vocab_label": "Bruttus|Bruttus, al-Abde?"}, "geometry": {"type": "Point", "coordinates": [35.980539, 34.516197]}}, {"type": "Feature", "properties": {"name": "triclis", "place_type": "settlement", "pleiades_uri": "http://pleiades.stoa.org/places/668392", "vocab_label": "Trieres|Trieres, el Heri"}, "geometry": {"type": "Point", "coordinates": [35.714518, 34.304024]}}, {"type": "Feature", "properties": {"name": "bruttos", "place_type": "settlement", "pleiades_uri": "http://pleiades.stoa.org/places/668214", "vocab_label": "Botrys|Botrys, Batroun"}, "geometry": {"type": "Point", "coordinates": [35.65831, 34.25516]}}, {"type": "Feature", "properties": {"name": "alcobile", "place_type": "settlement,port", "pleiades_uri": "http://pleiades.stoa.org/places/668216", "vocab_label": "Byblos|Byblos, Byblos/Jbeil"}, "geometry": {"type": "Point", "coordinates": [35.645732, 34.119026]}}, {"type": "Feature", "properties": {"name": "heldua", "place_type": "station", "pleiades_uri": "http://pleiades.stoa.org/places/678177", "vocab_label": "Heldua|Heldua, Khan el-Khulde"}, "geometry": {"type": "Point", "coordinates": [35.491876, 33.807178]}}, {"type": "Feature", "properties": {"name": "birito", "place_type": "settlement", "pleiades_uri": "http://pleiades.stoa.org/places/678060", "vocab_label": "Berytus/Laodikeia en te Phoinike/Col. Iulia Augusta Felix|Berytus/Laodikeia en te Phoinike/Col. Iulia Augusta Felix, Beirut"}, "geometry": {"type": "Point", "coordinates": [35.501176, 33.897902]}}, {"type": "Feature", "properties": {"name": "parphirion", "place_type": "settlement", "pleiades_uri": "http://pleiades.stoa.org/places/678338", "vocab_label": "Porphyreon Polis|Porphyreon Polis, Khan Nebi Yunas"}, "geometry": {"type": "Point", "coordinates": [35.4202, 33.6682]}}, {"type": "Feature", "properties": {"name": "sidona", "place_type": "settlement", "pleiades_uri": "http://pleiades.stoa.org/places/678393", "vocab_label": "Sidon/Col. Aurelia Pia|Sidon/Col. Aurelia Pia, Saida (Sidon)"}, "geometry": {"type": "Point", "coordinates": [35.371208, 33.560243]}}, {"type": "Feature", "properties": {"name": "sarepta", "place_type": "settlement", "pleiades_uri": "http://pleiades.stoa.org/places/678374", "vocab_label": "Sarepta/Makra Kome|Sarepta/Makra Kome, Sarepta"}, "geometry": {"type": "Point", "coordinates": [35.295048, 33.46431]}}, {"type": "Feature", "properties": {"name": "ad nonum", "place_type": "bridge", "pleiades_uri": "http://pleiades.stoa.org/places/679506", "vocab_label": "Untitled|Nahr Abu-Assad"}, "geometry": {"type": "Point", "coordinates": [35.250813, 33.339676]}}, {"type": "Feature", "properties": {"name": "tyro", "place_type": "circus,settlement", "pleiades_uri": "http://pleiades.stoa.org/places/678437", "vocab_label": "Tyrus/Col. Septimia Severa|Tyrus/Col. Septimia Severa, Tyre (Tyrus)"}, "geometry": {"type": "Point", "coordinates": [35.209358, 33.268071]}}, {"type": "Feature", "properties": {"name": "antiochia", "place_type": "amphitheatre,settlement,urban", "pleiades_uri": "http://pleiades.stoa.org/places/658381", "vocab_label": "Antiochia/Theoupolis|Antiochia/Theoupolis, Antakya"}, "geometry": {"type": "Point", "coordinates": [36.165318, 36.200663]}}, {"type": "Feature", "properties": {"name": "tyro", "place_type": "circus,settlement", "pleiades_uri": "http://pleiades.stoa.org/places/678437", "vocab_label": "Tyrus/Col. Septimia Severa|Tyrus/Col. Septimia Severa, Tyre (Tyrus)"}, "geometry": {"type": "Point", "coordinates": [35.209358, 33.268071]}}, {"type": "Feature", "properties": {"name": "alexandroschene", "place_type": "settlement", "pleiades_uri": "http://pleiades.stoa.org/places/678013", "vocab_label": "Alexandroschene|Alexandroschene, \u0130skanderun"}, "geometry": {"type": "Point", "coordinates": [35.171988, 33.155659]}}, {"type": "Feature", "properties": {"name": "ecdeppa", "place_type": "station", "pleiades_uri": "http://pleiades.stoa.org/places/678128", "vocab_label": "Ekdippa|Ekdippa, Achziv/ez Zib"}, "geometry": {"type": "Point", "coordinates": [35.10194, 33.04858]}}, {"type": "Feature", "properties": {"name": "ptolomaida", "place_type": "settlement,temple-2", "pleiades_uri": "http://pleiades.stoa.org/places/678010", "vocab_label": "Ake/Ptolemais|Ake/Ptolemais, Acre"}, "geometry": {"type": "Point", "coordinates": [35.068626, 32.920744]}}, {"type": "Feature", "properties": {"name": "sicaminos", "place_type": "settlement,station", "pleiades_uri": "http://pleiades.stoa.org/places/678404", "vocab_label": "Sykamina|Sykamina/Hefa/Porphyreon/Calamon/Castra Samaritanorum, Tel Shiqmona, Tell es Samak"}, "geometry": {"type": "Point", "coordinates": [34.95564, 32.82451]}}, {"type": "Feature", "properties": {"name": "mons carmelus", "place_type": "mountain", "pleiades_uri": "http://pleiades.stoa.org/places/678084", "vocab_label": "Carmel M.|Carmel Mons, Mount Carmel"}, "geometry": {"type": "Point", "coordinates": [35.03845, 32.74245]}}, {"type": "Feature", "properties": {"name": "syriae", "place_type": "province", "pleiades_uri": "http://pleiades.stoa.org/places/981550", "vocab_label": "Syria (Roman imperial province)"}, "geometry": {"type": "Point", "coordinates": [37.5, 37.5]}}, {"type": "Feature", "properties": {"name": "finices", "place_type": "province", "pleiades_uri": "http://pleiades.stoa.org/places/991410", "vocab_label": "Phoenice"}, "geometry": {"type": "Point", "coordinates": [37.5, 32.5]}}, {"type": "Feature", "properties": {"name": "palestinae", "place_type": "labeled feature", "pleiades_uri": "http://pleiades.stoa.org/places/687995", "vocab_label": "Palaestina"}, "geometry": {"type": "Point", "coordinates": [34.75, 31.25]}}, {"type": "Feature", "properties": {"name": "caesarea", "place_type": "settlement", "pleiades_uri": "http://pleiades.stoa.org/places/678401", "vocab_label": "Stratonos Pyrgos/Caesarea|Caesarea/Stratonos Pyrgos, Caesarea"}, "geometry": {"type": "Point", "coordinates": [34.8912663, 32.4987775]}}, {"type": "Feature", "properties": {"name": "iudaea", "place_type": "region", "pleiades_uri": "http://pleiades.stoa.org/places/687934", "vocab_label": "Iudaea"}, "geometry": {"type": "Point", "coordinates": [35.238333, 31.928333]}}, {"type": "Feature", "properties": {"name": "tyro", "place_type": "circus,settlement", "pleiades_uri": "http://pleiades.stoa.org/places/678437", "vocab_label": "Tyrus/Col. Septimia Severa|Tyrus/Col. Septimia Severa, Tyre (Tyrus)"}, "geometry": {"type": "Point", "coordinates": [35.209358, 33.268071]}}, {"type": "Feature", "properties": {"name": "caesarea", "place_type": "settlement", "pleiades_uri": "http://pleiades.stoa.org/places/678401", "vocab_label": "Stratonos Pyrgos/Caesarea|Caesarea/Stratonos Pyrgos, Caesarea"}, "geometry": {"type": "Point", "coordinates": [34.8912663, 32.4987775]}}, {"type": "Feature", "properties": {"name": "caesarea palestina", "place_type": "settlement", "pleiades_uri": "http://pleiades.stoa.org/places/678401", "vocab_label": "Stratonos Pyrgos/Caesarea|Caesarea/Stratonos Pyrgos, Caesarea"}, "geometry": {"type": "Point", "coordinates": [34.8912663, 32.4987775]}}, {"type": "Feature", "properties": {"name": "iudaea", "place_type": "settlement", "pleiades_uri": "http://pleiades.stoa.org/places/678401", "vocab_label": "Stratonos Pyrgos/Caesarea|Caesarea/Stratonos Pyrgos, Caesarea"}, "geometry": {"type": "Point", "coordinates": [34.8912663, 32.4987775]}}, {"type": "Feature", "properties": {"name": "tyro", "place_type": "circus,settlement", "pleiades_uri": "http://pleiades.stoa.org/places/678437", "vocab_label": "Tyrus/Col. Septimia Severa|Tyrus/Col. Septimia Severa, Tyre (Tyrus)"}, "geometry": {"type": "Point", "coordinates": [35.209358, 33.268071]}}, {"type": "Feature", "properties": {"name": "caesarea palestina", "place_type": "settlement", "pleiades_uri": "http://pleiades.stoa.org/places/678401", "vocab_label": "Stratonos Pyrgos/Caesarea|Caesarea/Stratonos Pyrgos, Caesarea"}, "geometry": {"type": "Point", "coordinates": [34.8912663, 32.4987775]}}, {"type": "Feature", "properties": {"name": "syna", "place_type": "settlement", "pleiades_uri": "http://pleiades.stoa.org/places/678405", "vocab_label": "Syna M.|Syna M., near Shuni"}, "geometry": {"type": "Point", "coordinates": [34.93711, 32.54477]}}, {"type": "Feature", "properties": {"name": "maximianopoli", "place_type": "settlement", "pleiades_uri": "http://pleiades.stoa.org/places/678266", "vocab_label": "Legio/Caporcotani/Maximianopolis|Legio/Caporcotani/Maximianopolis, Tel Megiddo"}, "geometry": {"type": "Point", "coordinates": [35.18452, 32.58505]}}, {"type": "Feature", "properties": {"name": "isdradela", "place_type": "settlement", "pleiades_uri": "http://pleiades.stoa.org/places/678197", "vocab_label": "Iezreel/Isdradela|Iezreel/Isdradela, Tel Yizre'el/Zir'in"}, "geometry": {"type": "Point", "coordinates": [35.32843, 32.55693]}}, {"type": "Feature", "properties": {"name": "scithopoli", "place_type": "amphitheatre,theatre,settlement", "pleiades_uri": "http://pleiades.stoa.org/places/678378", "vocab_label": "Scythopolis/Nysa|Baithsan/Scythopolis/Nysa, Beit She'an"}, "geometry": {"type": "Point", "coordinates": [35.50196, 32.502074]}}, {"type": "Feature", "properties": {"name": "aser", "place_type": "station", "pleiades_uri": "http://pleiades.stoa.org/places/678034", "vocab_label": "Aser|Aser, Tayasir (Samaria)"}, "geometry": {"type": "Point", "coordinates": [35.396311, 32.339109]}}, {"type": "Feature", "properties": {"name": "Neapoli", "place_type": "amphitheatre,settlement", "pleiades_uri": "http://pleiades.stoa.org/places/678301", "vocab_label": "Neapolis|Neapolis, Nablus"}, "geometry": {"type": "Point", "coordinates": [35.26293, 32.216511]}}, {"type": "Feature", "properties": {"name": "mons agazaren", "place_type": "temple", "pleiades_uri": "http://pleiades.stoa.org/places/678147", "vocab_label": "Garizein M.|Garizein Mons/Gerizim Mons, Mount Gerizim"}, "geometry": {"type": "Point", "coordinates": [35.273414, 32.200742]}}, {"type": "Feature", "properties": {"name": "sechim", "place_type": "settlement", "pleiades_uri": "http://pleiades.stoa.org/places/678403", "vocab_label": "Sychem|Sychem, Balata"}, "geometry": {"type": "Point", "coordinates": [35.28252, 32.21324]}}, {"type": "Feature", "properties": {"name": "sechar", "place_type": "settlement", "pleiades_uri": "http://pleiades.stoa.org/places/678403", "vocab_label": "Sychem|Sychem, Balata"}, "geometry": {"type": "Point", "coordinates": [35.28252, 32.21324]}}, {"type": "Feature", "properties": {"name": "samaritana", "place_type": "settlement", "pleiades_uri": "http://pleiades.stoa.org/places/678370", "vocab_label": "Samaria/Sebaste|Samaria/Sebaste/Gabinia,, Sebastiya"}, "geometry": {"type": "Point", "coordinates": [35.1893, 32.27633]}}, {"type": "Feature", "properties": {"name": "bethar", "place_type": "settlement", "pleiades_uri": "http://pleiades.stoa.org/places/687851", "vocab_label": "Bethar|Bethar, Battir"}, "geometry": {"type": "Point", "coordinates": [35.12239, 31.743201]}}, {"type": "Feature", "properties": {"name": "mesopotamiam", "place_type": "province", "pleiades_uri": "http://pleiades.stoa.org/places/874602", "vocab_label": "Mesopotamia"}, "geometry": {"type": "Point", "coordinates": [39.5, 37.5]}}, {"type": "Feature", "properties": {"name": "caesarea palestina", "place_type": "settlement", "pleiades_uri": "http://pleiades.stoa.org/places/678401", "vocab_label": "Stratonos Pyrgos/Caesarea|Caesarea/Stratonos Pyrgos, Caesarea"}, "geometry": {"type": "Point", "coordinates": [34.8912663, 32.4987775]}}, {"type": "Feature", "properties": {"name": "caesarea palestina", "place_type": "settlement", "pleiades_uri": "http://pleiades.stoa.org/places/678401", "vocab_label": "Stratonos Pyrgos/Caesarea|Caesarea/Stratonos Pyrgos, Caesarea"}, "geometry": {"type": "Point", "coordinates": [34.8912663, 32.4987775]}}, {"type": "Feature", "properties": {"name": "behtleem", "place_type": "", "pleiades_uri": "http://sws.geonames.org/284315", "vocab_label": "Bethlehem"}, "geometry": {"type": "Point", "coordinates": [35.20376, 31.70487]}}, {"type": "Feature", "properties": {"name": "heraclea", "place_type": "settlement", "pleiades_uri": "http://pleiades.stoa.org/places/511227", "vocab_label": "Daunion Teichos|Daunion Teichos, near Eski Ere\u011fli"}, "geometry": {"type": "Point", "coordinates": [28.038408, 41.053506]}}, {"type": "Feature", "properties": {"name": "bedizo", "place_type": "station", "pleiades_uri": "http://pleiades.stoa.org/places/511184", "vocab_label": "\u2018Beodizo\u2019|\u2018Beodizo\u2019, 9 miles NW Perinthus"}, "geometry": {"type": "Point", "coordinates": [27.824805, 41.087065]}}, {"type": "Feature", "properties": {"name": "apris", "place_type": "settlement", "pleiades_uri": "http://pleiades.stoa.org/places/511153", "vocab_label": "Aproi/Col. Claudia Aprensis/Nova Theodosiopolis|Aproi/Col. Claudia Aprensis/Nova Theodosiopolis, Kermeyan/Tekirda\u011f"}, "geometry": {"type": "Point", "coordinates": [27.107355600000005, 40.9269409]}}, {"type": "Feature", "properties": {"name": "sirogellis", "place_type": "station", "pleiades_uri": "http://pleiades.stoa.org/places/501632", "vocab_label": "Syrascell(a)e/Sirogellis|Syrascellae/Syrascelle/Sirogellis, Malkara/Tekirda\u011f"}, "geometry": {"type": "Point", "coordinates": [26.90942999999993, 40.895168]}}, {"type": "Feature", "properties": {"name": "gipsila", "place_type": "settlement", "pleiades_uri": "http://pleiades.stoa.org/places/501489", "vocab_label": "Kypsela|Kypsela, \u0130psala"}, "geometry": {"type": "Point", "coordinates": [26.3920505, 40.9245125]}}, {"type": "Feature", "properties": {"name": "demas", "place_type": "station", "pleiades_uri": "http://pleiades.stoa.org/places/501407", "vocab_label": "*Dymae|*Dymae, Feres"}, "geometry": {"type": "Point", "coordinates": [26.26854, 40.94557]}}, {"type": "Feature", "properties": {"name": "traianopoli", "place_type": "settlement", "pleiades_uri": "http://pleiades.stoa.org/places/501649", "vocab_label": "Traianoupolis|Traianoupolis, Loutra Traianopolis?"}, "geometry": {"type": "Point", "coordinates": [26.033, 40.8653]}}, {"type": "Feature", "properties": {"name": "salei", "place_type": "settlement", "pleiades_uri": "http://pleiades.stoa.org/places/501595", "vocab_label": "Sale|Sale, near Alexandroupolis"}, "geometry": {"type": "Point", "coordinates": [25.875051, 40.844659]}}, {"type": "Feature", "properties": {"name": "maximianopoli", "place_type": "settlement", "pleiades_uri": "http://pleiades.stoa.org/places/501574", "vocab_label": "*Porsulae/Maximianopolis|*Porsulae/Maximianopolis, Komotini"}, "geometry": {"type": "Point", "coordinates": [25.325278, 41.128611]}}, {"type": "Feature", "properties": {"name": "ad stabulodio", "place_type": "settlement", "pleiades_uri": "http://pleiades.stoa.org/places/501348", "vocab_label": "Anastasioupolis|Anastasioupolis, Amaxades"}, "geometry": {"type": "Point", "coordinates": [25.075784, 41.116182]}}, {"type": "Feature", "properties": {"name": "epyrum", "place_type": "settlement", "pleiades_uri": "http://pleiades.stoa.org/places/501645", "vocab_label": "Topeiros|Topeiros, Paradeisos?"}, "geometry": {"type": "Point", "coordinates": [24.773105, 41.079556]}}, {"type": "Feature", "properties": {"name": "purdis", "place_type": "station", "pleiades_uri": "http://pleiades.stoa.org/places/501584", "vocab_label": "*Purdae|*Purdae, near Petropighi"}, "geometry": {"type": "Point", "coordinates": [24.608949, 40.991483]}}, {"type": "Feature", "properties": {"name": "hercontroma", "place_type": "station", "pleiades_uri": "http://pleiades.stoa.org/places/501341", "vocab_label": "Akontisma|Akontisma, 2 miles E Nea Karvali"}, "geometry": {"type": "Point", "coordinates": [24.528, 40.966]}}, {"type": "Feature", "properties": {"name": "neapolim", "place_type": "settlement,port", "pleiades_uri": "http://pleiades.stoa.org/places/501523", "vocab_label": "Neapolis|Neapolis, Kav\u00e1la"}, "geometry": {"type": "Point", "coordinates": [24.415015, 40.93504]}}, {"type": "Feature", "properties": {"name": "philippis", "place_type": "theatre,settlement", "pleiades_uri": "http://pleiades.stoa.org/places/501482", "vocab_label": "Krenides/Philippi/Col. Augusta Iulia Philippensis|Philippi/Krenides/Col. Augusta Iulia Philippensis, Krenides"}, "geometry": {"type": "Point", "coordinates": [24.28409, 41.01316]}}, {"type": "Feature", "properties": {"name": "duodecimum", "place_type": "station", "pleiades_uri": "http://pleiades.stoa.org/places/501326", "vocab_label": "Ad Duodecimum|Ad Duodecimum, Fotolivos"}, "geometry": {"type": "Point", "coordinates": [24.047554600000012, 41.0606685]}}, {"type": "Feature", "properties": {"name": "domeros", "place_type": "station", "pleiades_uri": "http://pleiades.stoa.org/places/501401", "vocab_label": "Domeros|Domeros, Domiros"}, "geometry": {"type": "Point", "coordinates": [23.922311, 40.945887]}}, {"type": "Feature", "properties": {"name": "amphipholim", "place_type": "city-wall,settlement,fort", "pleiades_uri": "http://pleiades.stoa.org/places/501347", "vocab_label": "Amphipolis|Amphipolis, Amfipolis"}, "geometry": {"type": "Point", "coordinates": [23.840418, 40.818876]}}, {"type": "Feature", "properties": {"name": "pennana", "place_type": "station", "pleiades_uri": "http://pleiades.stoa.org/places/501555", "vocab_label": "Pennana|Pennana, Asprovalta?"}, "geometry": {"type": "Point", "coordinates": [23.698516, 40.733167]}}, {"type": "Feature", "properties": {"name": "appollonia", "place_type": "settlement,station", "pleiades_uri": "http://pleiades.stoa.org/places/491526", "vocab_label": "Apollonia|Apollonia, N\u00e9a Apollon\u00eda"}, "geometry": {"type": "Point", "coordinates": [23.469685, 40.623703]}}, {"type": "Feature", "properties": {"name": "heracleustibus", "place_type": "station", "pleiades_uri": "http://pleiades.stoa.org/places/491615", "vocab_label": "\u2018Heracleustibus\u2019|\u2018Heracleustibus\u2019, Konios"}, "geometry": {"type": "Point", "coordinates": [23.295498, 40.649544]}}, {"type": "Feature", "properties": {"name": "duo dea", "place_type": "station", "pleiades_uri": "http://pleiades.stoa.org/places/491581", "vocab_label": "Duodea|Duodea, by Lake Koroneia"}, "geometry": {"type": "Point", "coordinates": [23.098663, 40.656701]}}, {"type": "Feature", "properties": {"name": "thessalonica", "place_type": "temple-2,tomb,arch,church,settlement,bath", "pleiades_uri": "http://pleiades.stoa.org/places/491741", "vocab_label": "Thessalonica|Thessalonica, Thessaloniki"}, "geometry": {"type": "Point", "coordinates": [22.949569, 40.630282]}}, {"type": "Feature", "properties": {"name": "ad decimum", "place_type": "station", "pleiades_uri": "http://pleiades.stoa.org/places/491509", "vocab_label": "Ad Decimum|Ad Decimum, Sindos"}, "geometry": {"type": "Point", "coordinates": [22.800064, 40.669962]}}, {"type": "Feature", "properties": {"name": "gephira", "place_type": "station", "pleiades_uri": "http://pleiades.stoa.org/places/491600", "vocab_label": "Gephyra|Gephyra, Gefyra"}, "geometry": {"type": "Point", "coordinates": [22.69361, 40.73211]}}, {"type": "Feature", "properties": {"name": "polli", "place_type": "settlement,cemetery,architecturalcomplex", "pleiades_uri": "http://pleiades.stoa.org/places/491687", "vocab_label": "Pella/Diokletianoupolis|Pella/Diokletianoupolis, Pella"}, "geometry": {"type": "Point", "coordinates": [22.518485, 40.754555]}}, {"type": "Feature", "properties": {"name": "scurio", "place_type": "unknown", "pleiades_uri": "http://pleiades.stoa.org/places/491716", "vocab_label": "Scurio"}, "geometry": {"type": "Point", "coordinates": [22.25, 40.75]}}, {"type": "Feature", "properties": {"name": "edissa", "place_type": "settlement", "pleiades_uri": "http://pleiades.stoa.org/places/491585", "vocab_label": "Edessa|Edessa, Edessa"}, "geometry": {"type": "Point", "coordinates": [22.05741, 40.79708]}}, {"type": "Feature", "properties": {"name": "ad duodecimum", "place_type": "station", "pleiades_uri": "http://pleiades.stoa.org/places/491510", "vocab_label": "Ad Duodecimum|Ad Duodecimum, Arnissa"}, "geometry": {"type": "Point", "coordinates": [21.83532, 40.79364]}}, {"type": "Feature", "properties": {"name": "cellis", "place_type": "station", "pleiades_uri": "http://pleiades.stoa.org/places/481783", "vocab_label": "Cellae|Cellae, Kelli"}, "geometry": {"type": "Point", "coordinates": [21.686635, 40.785281]}}, {"type": "Feature", "properties": {"name": "grande", "place_type": "station", "pleiades_uri": "http://pleiades.stoa.org/places/481850", "vocab_label": "Grande|Grande, Kleidi"}, "geometry": {"type": "Point", "coordinates": [21.640443, 40.748462]}}, {"type": "Feature", "properties": {"name": "melitonus", "place_type": "station", "pleiades_uri": "http://pleiades.stoa.org/places/481909", "vocab_label": "\u2018Melitonus\u2019|\u2018Melitonus\u2019, Kato Kalliniki"}, "geometry": {"type": "Point", "coordinates": [21.465651, 40.863929]}}, {"type": "Feature", "properties": {"name": "heraclea", "place_type": "theatre,settlement", "pleiades_uri": "http://pleiades.stoa.org/places/481861", "vocab_label": "Herakleia|Herakleia/Herakleia Lynkestis, Bitola"}, "geometry": {"type": "Point", "coordinates": [21.342, 41.011]}}, {"type": "Feature", "properties": {"name": "brucida", "place_type": "station", "pleiades_uri": "http://pleiades.stoa.org/places/481772", "vocab_label": "Brucida|Brucida, Bukovo"}, "geometry": {"type": "Point", "coordinates": [21.3307049, 40.993659]}}, {"type": "Feature", "properties": {"name": "claudanon", "place_type": "station", "pleiades_uri": "http://pleiades.stoa.org/places/481791", "vocab_label": "Claudanon|Claudanon, Urak\u00eb"}, "geometry": {"type": "Point", "coordinates": [20.583615, 41.065795]}}, {"type": "Feature", "properties": {"name": "grandauia", "place_type": "station", "pleiades_uri": "http://pleiades.stoa.org/places/481849", "vocab_label": "Grandavia|Grandavia, Spathar?"}, "geometry": {"type": "Point", "coordinates": [20.33102, 41.15823]}}, {"type": "Feature", "properties": {"name": "treiecto", "place_type": "station", "pleiades_uri": "http://pleiades.stoa.org/places/482021", "vocab_label": "Treiecto|Treiecto, Mirak\u00eb"}, "geometry": {"type": "Point", "coordinates": [20.2248, 41.167154]}}, {"type": "Feature", "properties": {"name": "hiscampis", "place_type": "station", "pleiades_uri": "http://pleiades.stoa.org/places/481982", "vocab_label": "\u2018Scampis\u2019|\u2018Scampis\u2019, Teqin Madhe, Elbasan"}, "geometry": {"type": "Point", "coordinates": [20.08175, 41.11301]}}, {"type": "Feature", "properties": {"name": "ad quintum", "place_type": "station", "pleiades_uri": "http://pleiades.stoa.org/places/481701", "vocab_label": "Ad Quintum|Ad Quintum, Bradashesh"}, "geometry": {"type": "Point", "coordinates": [20.015405, 41.094198]}}, {"type": "Feature", "properties": {"name": "coladiana", "place_type": "station", "pleiades_uri": "http://pleiades.stoa.org/places/481793", "vocab_label": "Clodiana|Clodiana, Mafmutaga"}, "geometry": {"type": "Point", "coordinates": [19.796367, 41.041466]}}, {"type": "Feature", "properties": {"name": "absos", "place_type": "station", "pleiades_uri": "http://pleiades.stoa.org/places/481730", "vocab_label": "*Apsos|*Apsos, Semen?"}, "geometry": {"type": "Point", "coordinates": [19.82859, 40.889225]}}, {"type": "Feature", "properties": {"name": "stefanaphana", "place_type": "station", "pleiades_uri": "http://pleiades.stoa.org/places/482002", "vocab_label": "\u2018Stefanaphana\u2019|\u2018Stefanaphana\u2019, Donofros\u00eb?"}, "geometry": {"type": "Point", "coordinates": [19.787294, 40.767113]}}, {"type": "Feature", "properties": {"name": "appollonia", "place_type": "", "pleiades_uri": "http://dare.ht.lu.se/places/24102", "vocab_label": "Apollonia Bouleterion"}, "geometry": {"type": "Point", "coordinates": [19.472655947681, 40.721472072212]}}, {"type": "Feature", "properties": {"name": "stefana", "place_type": "station", "pleiades_uri": "http://pleiades.stoa.org/places/482001", "vocab_label": "\u2018Stefana\u2019|\u2018Stefana\u2019, Qesar"}, "geometry": {"type": "Point", "coordinates": [19.542665, 40.598038]}}, {"type": "Feature", "properties": {"name": "aulona treiectum", "place_type": "settlement", "pleiades_uri": "http://pleiades.stoa.org/places/481750", "vocab_label": "Aulon|Aulon/Aulona, Kepi Triportit, Vlor\u00eb"}, "geometry": {"type": "Point", "coordinates": [19.49278, 40.46725]}}, {"type": "Feature", "properties": {"name": "odronto", "place_type": "settlement,port", "pleiades_uri": "http://pleiades.stoa.org/places/442615", "vocab_label": "Hydruntum/Hydrous|Hydruntum/Hydrous, Otranto"}, "geometry": {"type": "Point", "coordinates": [18.490953, 40.145948]}}, {"type": "Feature", "properties": {"name": "ad duodecimum", "place_type": "unknown", "pleiades_uri": "http://pleiades.stoa.org/places/442441", "vocab_label": "Ad Duodecimum|Ad Duodecimum, S Lecce, Calimera"}, "geometry": {"type": "Point", "coordinates": [18.28395, 40.23857]}}, {"type": "Feature", "properties": {"name": "clipeas", "place_type": "amphitheatre,theatre,settlement", "pleiades_uri": "http://pleiades.stoa.org/places/442642", "vocab_label": "Lupia(e)|Lupiae/Lupia, Lecce"}, "geometry": {"type": "Point", "coordinates": [18.16938, 40.35167]}}, {"type": "Feature", "properties": {"name": "valentia", "place_type": "settlement", "pleiades_uri": "http://pleiades.stoa.org/places/442845", "vocab_label": "Valetium/Balesium|Valetium/Balesium, Valesio, Torchiarolo"}, "geometry": {"type": "Point", "coordinates": [18.03247, 40.50866]}}, {"type": "Feature", "properties": {"name": "brindisi", "place_type": "settlement,port", "pleiades_uri": "http://pleiades.stoa.org/places/442509", "vocab_label": "Brundisium/Brentesion|Brundisium/Brentesion/Brendesion, Brindisi|Brindisi"}, "geometry": {"type": "Point", "coordinates": [17.946867, 40.641136]}}, {"type": "Feature", "properties": {"name": "spilenaees", "place_type": "station", "pleiades_uri": "http://pleiades.stoa.org/places/442447", "vocab_label": "Ad Speluncas|Ad Speluncas, Mezzaluna, Carovigno"}, "geometry": {"type": "Point", "coordinates": [17.70409, 40.74858]}}, {"type": "Feature", "properties": {"name": "ad decimum", "place_type": "station", "pleiades_uri": "http://pleiades.stoa.org/places/442440", "vocab_label": "Ad Decimum|Ad Decimum, SE Egnazia, Ostuni"}, "geometry": {"type": "Point", "coordinates": [17.516039, 40.803537]}}, {"type": "Feature", "properties": {"name": "leonatiae", "place_type": "amphitheatre,settlement,cemetery", "pleiades_uri": "http://pleiades.stoa.org/places/442573", "vocab_label": "Egnatia/Gnathia|Egnatia/Gnathia, Egnazia, Fasano"}, "geometry": {"type": "Point", "coordinates": [17.39188, 40.88812]}}, {"type": "Feature", "properties": {"name": "turres auriliana", "place_type": "station", "pleiades_uri": "http://pleiades.stoa.org/places/442834", "vocab_label": "Turris Caesaris|Turris Caesaris, Polignano a Mare"}, "geometry": {"type": "Point", "coordinates": [17.2189041, 40.9953037]}}, {"type": "Feature", "properties": {"name": "turres iuliana", "place_type": "station", "pleiades_uri": "http://pleiades.stoa.org/places/442835", "vocab_label": "Turres Iulianae|Turres Iulianae, Contrada Padovano, Mola di Bari"}, "geometry": {"type": "Point", "coordinates": [17.087923, 41.061888]}}, {"type": "Feature", "properties": {"name": "beroes", "place_type": "settlement", "pleiades_uri": "http://pleiades.stoa.org/places/442500", "vocab_label": "Barium|Barium, Bari|Bari"}, "geometry": {"type": "Point", "coordinates": [16.87014, 41.13031]}}, {"type": "Feature", "properties": {"name": "butontones", "place_type": "settlement", "pleiades_uri": "http://pleiades.stoa.org/places/442511", "vocab_label": "Butuntum|Butuntum, Bitonto"}, "geometry": {"type": "Point", "coordinates": [16.6910569, 41.1078251]}}, {"type": "Feature", "properties": {"name": "rubos", "place_type": "settlement,station", "pleiades_uri": "http://pleiades.stoa.org/places/442751", "vocab_label": "Rubi|Rubi, Ruvo di Puglia"}, "geometry": {"type": "Point", "coordinates": [16.48626, 41.11704]}}, {"type": "Feature", "properties": {"name": "ad quintumdecimum", "place_type": "station", "pleiades_uri": "http://pleiades.stoa.org/places/442444", "vocab_label": "\u2018Rudas\u2019/\u2018Budas\u2019|Ad Quintumdecimum|Ad Quintumdecimum, Masseria Quadrone, Andria|\u2018Rudas\u2019/\u2018Budas\u2019, mansio 12 miles NW Rubi"}, "geometry": {"type": "Point", "coordinates": [16.3298, 41.17506]}}, {"type": "Feature", "properties": {"name": "canusio", "place_type": "settlement", "pleiades_uri": "http://pleiades.stoa.org/places/442525", "vocab_label": "Canusium|Canusium, Canosa di Puglia"}, "geometry": {"type": "Point", "coordinates": [16.0651528, 41.2203553]}}, {"type": "Feature", "properties": {"name": "vndecimum", "place_type": "station", "pleiades_uri": "http://pleiades.stoa.org/places/442449", "vocab_label": "Ad Undecimum|Ad Undecimum, SW Cerignola"}, "geometry": {"type": "Point", "coordinates": [15.861909, 41.261625]}}, {"type": "Feature", "properties": {"name": "serdonis", "place_type": "settlement", "pleiades_uri": "http://pleiades.stoa.org/places/442613", "vocab_label": "Herdoniae/Ardaneae/Civitas Serdonis|Herdoniae/Ardaneae/Civitas Serdonis, Ordona"}, "geometry": {"type": "Point", "coordinates": [15.62197, 41.31067]}}, {"type": "Feature", "properties": {"name": "aecas", "place_type": "settlement", "pleiades_uri": "http://pleiades.stoa.org/places/442450", "vocab_label": "Aecae|Aecae, Troia"}, "geometry": {"type": "Point", "coordinates": [15.308898, 41.36119]}}, {"type": "Feature", "properties": {"name": "aquilonis", "place_type": "station", "pleiades_uri": "http://pleiades.stoa.org/places/442641", "vocab_label": "Lucus Aquilonensis/Aquilonis Mutatio|Lucus Aquilonensis/Aquilonis Mutatio, San Vito, Faeto"}, "geometry": {"type": "Point", "coordinates": [15.17555, 41.30144]}}, {"type": "Feature", "properties": {"name": "ad equum magnum", "place_type": "settlement", "pleiades_uri": "http://pleiades.stoa.org/places/442452", "vocab_label": "Aequum Tuticum/Equus Tuticus|Aequum Tuticum/Equus Tuticus, San Eleuterio, Ariano Irpino"}, "geometry": {"type": "Point", "coordinates": [15.0985, 41.24228]}}, {"type": "Feature", "properties": {"name": "forno nouo", "place_type": "settlement-modern,station", "pleiades_uri": "http://pleiades.stoa.org/places/442585", "vocab_label": "Forum Novum|Forum Novum, Sant'Arcangelo Trimonte"}, "geometry": {"type": "Point", "coordinates": [14.9386214, 41.166408]}}, {"type": "Feature", "properties": {"name": "beneuento", "place_type": "settlement", "pleiades_uri": "http://pleiades.stoa.org/places/432721", "vocab_label": "Beneventum/Maleventum|Beneventum/Maleventum, Benevento|Benevento"}, "geometry": {"type": "Point", "coordinates": [14.77433, 41.13155]}}, {"type": "Feature", "properties": {"name": "claudiis", "place_type": "settlement", "pleiades_uri": "http://pleiades.stoa.org/places/432773", "vocab_label": "Caudium|Caudium, Montesarchio"}, "geometry": {"type": "Point", "coordinates": [14.64167, 41.0673]}}, {"type": "Feature", "properties": {"name": "nouas milia", "place_type": "settlement", "pleiades_uri": "http://pleiades.stoa.org/places/433195", "vocab_label": "Vicus *Novaniensis/Ad Novas|Vicus *Novaniensis/Ad Novas, Santa Maria a Vico"}, "geometry": {"type": "Point", "coordinates": [14.469167, 41.027222]}}, {"type": "Feature", "properties": {"name": "capua", "place_type": "amphitheatre,settlement", "pleiades_uri": "http://pleiades.stoa.org/places/432763", "vocab_label": "Casilinum|Casilinum, Capua|Capua|Capua, Santa Maria Capua Vetere|Capua"}, "geometry": {"type": "Point", "coordinates": [14.2130486, 41.1061258]}}, {"type": "Feature", "properties": {"name": "ad octauum", "place_type": "station", "pleiades_uri": "http://pleiades.stoa.org/places/432631", "vocab_label": "Ad Octavum|Ad Octavum, Parco della Spine, Capua"}, "geometry": {"type": "Point", "coordinates": [14.143611, 41.114167]}}, {"type": "Feature", "properties": {"name": "ponte campano", "place_type": "bridge", "pleiades_uri": "http://pleiades.stoa.org/places/433036", "vocab_label": "Pons Campanus|Pons Campanus, Masseria Santoianni, Falciano del Massico"}, "geometry": {"type": "Point", "coordinates": [13.971667, 41.133611]}}, {"type": "Feature", "properties": {"name": "sonuessa", "place_type": "settlement-modern,settlement", "pleiades_uri": "http://pleiades.stoa.org/places/433122", "vocab_label": "Sinues(s)a/Sinope|Sinuessa/Sinuesa/Sinope, Mondragone"}, "geometry": {"type": "Point", "coordinates": [13.85, 41.149444]}}, {"type": "Feature", "properties": {"name": "menturnas", "place_type": "villa,settlement", "pleiades_uri": "http://pleiades.stoa.org/places/432940", "vocab_label": "Scauri|Minturnae|Minturnae, Minturno|Scauri, Minturno"}, "geometry": {"type": "Point", "coordinates": [13.768185, 41.241973]}}, {"type": "Feature", "properties": {"name": "formis", "place_type": "", "pleiades_uri": "http://sws.geonames.org/3167446", "vocab_label": "Sant'Angelo in Formis"}, "geometry": {"type": "Point", "coordinates": [14.25, 41.11667]}}, {"type": "Feature", "properties": {"name": "fundis", "place_type": "settlement", "pleiades_uri": "http://pleiades.stoa.org/places/432855", "vocab_label": "Fundi|Fundi, Fondi"}, "geometry": {"type": "Point", "coordinates": [13.427922, 41.357429]}}, {"type": "Feature", "properties": {"name": "tarracina", "place_type": "sanctuary,settlement", "pleiades_uri": "http://pleiades.stoa.org/places/433143", "vocab_label": "Tarracina(e)/Anxur|Tarracinae/Tarracina/Anxur, Terracina"}, "geometry": {"type": "Point", "coordinates": [13.2488651, 41.2912168]}}, {"type": "Feature", "properties": {"name": "ad medias", "place_type": "settlement-modern,station", "pleiades_uri": "http://pleiades.stoa.org/places/432629", "vocab_label": "Ad Medias|Ad Medias, Mesa, Pontinia"}, "geometry": {"type": "Point", "coordinates": [13.1025, 41.38556]}}, {"type": "Feature", "properties": {"name": "appi foro", "place_type": "station", "pleiades_uri": "http://pleiades.stoa.org/places/422927", "vocab_label": "Forum Appii |Forum Appii, Borgo Faiti, Latina"}, "geometry": {"type": "Point", "coordinates": [12.99372, 41.46801]}}, {"type": "Feature", "properties": {"name": "sponsas", "place_type": "station", "pleiades_uri": "http://pleiades.stoa.org/places/422816", "vocab_label": "Ad Sponsas|Ad Sponsas, [Ad Sponsas], Velletri"}, "geometry": {"type": "Point", "coordinates": [12.76541, 41.64589]}}, {"type": "Feature", "properties": {"name": "aricia et albona", "place_type": "settlement", "pleiades_uri": "http://pleiades.stoa.org/places/422844", "vocab_label": "Aricia|Aricia, Ariccia"}, "geometry": {"type": "Point", "coordinates": [12.6726413, 41.7211083]}}, {"type": "Feature", "properties": {"name": "urbe roma", "place_type": "settlement,urban", "pleiades_uri": "http://pleiades.stoa.org/places/423025", "vocab_label": "Roma|Roma, Roma|Rome"}, "geometry": {"type": "Point", "coordinates": [12.4843457, 41.89262]}}, {"type": "Feature", "properties": {"name": "rubras", "place_type": "villa,tomb,cemetery", "pleiades_uri": "http://pleiades.stoa.org/places/422941", "vocab_label": "Grottarossa|Saxa Rubra/Ad Rubras, Grottarossa, Roma"}, "geometry": {"type": "Point", "coordinates": [12.4834245, 41.9579144]}}, {"type": "Feature", "properties": {"name": "ad vicensimum", "place_type": "station", "pleiades_uri": "http://pleiades.stoa.org/places/412998", "vocab_label": "Ad Vicesimum|Ad Vicesimum, Madonna della Guardia, Morlupo"}, "geometry": {"type": "Point", "coordinates": [12.476805, 42.148382]}}, {"type": "Feature", "properties": {"name": "aqua viua", "place_type": "station", "pleiades_uri": "http://pleiades.stoa.org/places/413021", "vocab_label": "Aqua Viva|Aqua Viva, Monte dell'Osteriola, Civita Castellana"}, "geometry": {"type": "Point", "coordinates": [12.446371, 42.272502]}}, {"type": "Feature", "properties": {"name": "vcriculo", "place_type": "amphitheatre,theatre,settlement", "pleiades_uri": "http://pleiades.stoa.org/places/413231", "vocab_label": "Ocriculum|Ocriculum, Otricoli"}, "geometry": {"type": "Point", "coordinates": [12.46628, 42.413613]}}, {"type": "Feature", "properties": {"name": "narniae", "place_type": "settlement", "pleiades_uri": "http://pleiades.stoa.org/places/413225", "vocab_label": "Nequinum/Narnia|Nequinum/Narnia, Narni"}, "geometry": {"type": "Point", "coordinates": [12.5156299, 42.5176022]}}, {"type": "Feature", "properties": {"name": "interamna", "place_type": "amphitheatre,settlement-modern,villa,theatre,settlement", "pleiades_uri": "http://pleiades.stoa.org/places/413178", "vocab_label": "Interamna Nahars|Interamna Lirenas|Interamna Lirenas/Interamna Sucasina, Pignataro Interamna|Interamnia Praetuttiorum|Interamnia Praetuttiorum, Teramo|Interamna Nahars, Terni|Teramo"}, "geometry": {"type": "Point", "coordinates": [13.75299, 41.42855]}}, {"type": "Feature", "properties": {"name": "tribus tabernis", "place_type": "unknown", "pleiades_uri": "http://pleiades.stoa.org/places/413351", "vocab_label": "Tres Tabernae|Tres Tabernae, Trevi, Terni"}, "geometry": {"type": "Point", "coordinates": [12.6807, 42.58037]}}, {"type": "Feature", "properties": {"name": "fani fugitiui", "place_type": "station", "pleiades_uri": "http://pleiades.stoa.org/places/413130", "vocab_label": "Fanum Fugitivi|Fanum Fugitivi, Somma, Spoleto"}, "geometry": {"type": "Point", "coordinates": [12.72743, 42.66518]}}, {"type": "Feature", "properties": {"name": "spolitio", "place_type": "", "pleiades_uri": "http://dare.ht.lu.se/places/42232", "vocab_label": "Casa Romana di Vespasia Polla, Spoleto"}, "geometry": {"type": "Point", "coordinates": [12.73765, 42.7334906]}}, {"type": "Feature", "properties": {"name": "sacraria", "place_type": "station", "pleiades_uri": "http://pleiades.stoa.org/places/413292", "vocab_label": "Sacraria|Sacraria, Le Vene, Campello sul Clitunno"}, "geometry": {"type": "Point", "coordinates": [12.767364, 42.833321]}}, {"type": "Feature", "properties": {"name": "treuis", "place_type": "settlement", "pleiades_uri": "http://pleiades.stoa.org/places/413349", "vocab_label": "Trebiae|Trebiae, Trevi"}, "geometry": {"type": "Point", "coordinates": [12.7463, 42.87776]}}, {"type": "Feature", "properties": {"name": "fulginis", "place_type": "settlement", "pleiades_uri": "http://pleiades.stoa.org/places/413151", "vocab_label": "Fulginiae|Fulginiae, Foligno"}, "geometry": {"type": "Point", "coordinates": [12.71746, 42.95394]}}, {"type": "Feature", "properties": {"name": "foro flamini", "place_type": "settlement", "pleiades_uri": "http://pleiades.stoa.org/places/413147", "vocab_label": "Forum Flaminii|Forum Flaminii, San Giovanni Profiamma, Foligno"}, "geometry": {"type": "Point", "coordinates": [12.73035, 42.98439]}}, {"type": "Feature", "properties": {"name": "noceria", "place_type": "settlement", "pleiades_uri": "http://pleiades.stoa.org/places/413227", "vocab_label": "Nuceria|Nuceria, Nocera Umbra"}, "geometry": {"type": "Point", "coordinates": [12.79043, 43.10984]}}, {"type": "Feature", "properties": {"name": "ptanias", "place_type": "settlement,station", "pleiades_uri": "http://pleiades.stoa.org/places/413330", "vocab_label": "Tadinae|Tadinae, Sant'Antonio di Rasina, Gualdo Tadino"}, "geometry": {"type": "Point", "coordinates": [12.767267, 43.211631]}}, {"type": "Feature", "properties": {"name": "herbelloni", "place_type": "settlement", "pleiades_uri": "http://pleiades.stoa.org/places/413167", "vocab_label": "Helvillum|Helvillum, Fossato di Vico"}, "geometry": {"type": "Point", "coordinates": [12.76205, 43.29567]}}, {"type": "Feature", "properties": {"name": "ad hesis", "place_type": "station", "pleiades_uri": "http://pleiades.stoa.org/places/412989", "vocab_label": "Ad Aesim|Ad Aesim, Scheggia"}, "geometry": {"type": "Point", "coordinates": [12.66926, 43.40347]}}, {"type": "Feature", "properties": {"name": "ad cale", "place_type": "theatre,settlement", "pleiades_uri": "http://pleiades.stoa.org/places/432739", "vocab_label": "Cales|Cales|Cales, Cagli|Cales, Calvi Risorta"}, "geometry": {"type": "Point", "coordinates": [12.648528, 43.546796]}}, {"type": "Feature", "properties": {"name": "intercisa", "place_type": "station", "pleiades_uri": "http://pleiades.stoa.org/places/413180", "vocab_label": "Intercisa/Petra Pertusa|Intercisa/Petra Pertusa, Passo del Furlo, Fermignano"}, "geometry": {"type": "Point", "coordinates": [12.73112, 43.65336]}}, {"type": "Feature", "properties": {"name": "foro semproni", "place_type": "settlement", "pleiades_uri": "http://pleiades.stoa.org/places/413149", "vocab_label": "Forum Sempronii|Forum Sempronii, San Martino del Piano, Fossombrone"}, "geometry": {"type": "Point", "coordinates": [12.82912, 43.6974]}}, {"type": "Feature", "properties": {"name": "ad octauo", "place_type": "station", "pleiades_uri": "http://pleiades.stoa.org/places/412995", "vocab_label": "Ad Octavum|Ad Octavum, Lucrezia, Cartoceto"}, "geometry": {"type": "Point", "coordinates": [12.93664, 43.77436]}}, {"type": "Feature", "properties": {"name": "ano furtunae", "place_type": "arch,settlement", "pleiades_uri": "http://pleiades.stoa.org/places/413129", "vocab_label": "Fanum Fortunae|Fanum Fortunae, Fano|Fano"}, "geometry": {"type": "Point", "coordinates": [13.0180936, 43.8443206]}}, {"type": "Feature", "properties": {"name": "pisauro", "place_type": "settlement", "pleiades_uri": "http://pleiades.stoa.org/places/413256", "vocab_label": "Pisaurum|Pisaurum, Pesaro|Pesaro"}, "geometry": {"type": "Point", "coordinates": [12.91459, 43.91099]}}, {"type": "Feature", "properties": {"name": "ariminum", "place_type": "settlement", "pleiades_uri": "http://pleiades.stoa.org/places/393379", "vocab_label": "Ariminum|Ariminum, Rimini|Rimini"}, "geometry": {"type": "Point", "coordinates": [12.57028, 44.05963]}}, {"type": "Feature", "properties": {"name": "ariminum", "place_type": "settlement", "pleiades_uri": "http://pleiades.stoa.org/places/393379", "vocab_label": "Ariminum|Ariminum, Rimini|Rimini"}, "geometry": {"type": "Point", "coordinates": [12.57028, 44.05963]}}, {"type": "Feature", "properties": {"name": "cesena", "place_type": "settlement", "pleiades_uri": "http://pleiades.stoa.org/places/393397", "vocab_label": "Caesena|Caesena, Cesena|Cesena"}, "geometry": {"type": "Point", "coordinates": [12.2429281, 44.1390945]}}, {"type": "Feature", "properties": {"name": "foro populi", "place_type": "settlement-modern,settlement", "pleiades_uri": "http://pleiades.stoa.org/places/393427", "vocab_label": "Forum Popilii|Forum Popilii, Forlimpopoli|Forlimpopoli"}, "geometry": {"type": "Point", "coordinates": [12.12502, 44.18736]}}, {"type": "Feature", "properties": {"name": "foro liui", "place_type": "settlement", "pleiades_uri": "http://pleiades.stoa.org/places/393426", "vocab_label": "Forum Livii|Forum Livii, Forli"}, "geometry": {"type": "Point", "coordinates": [12.0426869, 44.221229]}}, {"type": "Feature", "properties": {"name": "fauentia", "place_type": "settlement", "pleiades_uri": "http://pleiades.stoa.org/places/393420", "vocab_label": "Faventia|Faventia, Faenza|Faenza"}, "geometry": {"type": "Point", "coordinates": [11.88446, 44.28585]}}, {"type": "Feature", "properties": {"name": "foro corneli", "place_type": "settlement", "pleiades_uri": "http://pleiades.stoa.org/places/393424", "vocab_label": "Forum Cornelii|Forum Cornelii, Imola|Imola"}, "geometry": {"type": "Point", "coordinates": [11.71105, 44.35348]}}, {"type": "Feature", "properties": {"name": "claterno", "place_type": "settlement", "pleiades_uri": "http://pleiades.stoa.org/places/393405", "vocab_label": "Claterna|Claterna, Ozzano dell'Emilia"}, "geometry": {"type": "Point", "coordinates": [11.507, 44.43361]}}, {"type": "Feature", "properties": {"name": "bononia", "place_type": "settlement", "pleiades_uri": "http://pleiades.stoa.org/places/393421", "vocab_label": "Felsina/Bononia|Bononia/Felsina, Bologna|Bologna"}, "geometry": {"type": "Point", "coordinates": [11.3418224, 44.4946274]}}, {"type": "Feature", "properties": {"name": "ad medias", "place_type": "station", "pleiades_uri": "http://pleiades.stoa.org/places/393363", "vocab_label": "Ad Medias|Ad Medias, Ponte Samoggia, Anzola dell'Emilia"}, "geometry": {"type": "Point", "coordinates": [11.14358, 44.56313]}}, {"type": "Feature", "properties": {"name": "victoriolas", "place_type": "station", "pleiades_uri": "http://pleiades.stoa.org/places/383820", "vocab_label": "Victoriolae|Victoriolae, Sant'Ambrogio, San Cesario sul Panaro"}, "geometry": {"type": "Point", "coordinates": [10.999738, 44.623851]}}, {"type": "Feature", "properties": {"name": "mutena", "place_type": "settlement", "pleiades_uri": "http://pleiades.stoa.org/places/383715", "vocab_label": "Mutina|Mutina, Modena|Modena"}, "geometry": {"type": "Point", "coordinates": [10.9252, 44.6471]}}, {"type": "Feature", "properties": {"name": "ponte secies", "place_type": "station", "pleiades_uri": "http://pleiades.stoa.org/places/383748", "vocab_label": "Pons *Seciae|Pons *Seciae, Rubiera"}, "geometry": {"type": "Point", "coordinates": [10.781256, 44.65373]}}, {"type": "Feature", "properties": {"name": "regio", "place_type": "amphitheatre,settlement", "pleiades_uri": "http://pleiades.stoa.org/places/383755", "vocab_label": "Regium Lepidum|Regium Lepidum, Reggio nell'Emilia"}, "geometry": {"type": "Point", "coordinates": [10.63077, 44.69767]}}, {"type": "Feature", "properties": {"name": "canneto", "place_type": "settlement", "pleiades_uri": "http://pleiades.stoa.org/places/383791", "vocab_label": "Tannetum|Tannetum, Taneto, Gattatico"}, "geometry": {"type": "Point", "coordinates": [10.45324, 44.76318]}}, {"type": "Feature", "properties": {"name": "parme", "place_type": "settlement", "pleiades_uri": "http://pleiades.stoa.org/places/383737", "vocab_label": "Parma|Parma, Parma|Parma"}, "geometry": {"type": "Point", "coordinates": [10.327967, 44.801507]}}, {"type": "Feature", "properties": {"name": "fidentiae", "place_type": "settlement", "pleiades_uri": "http://pleiades.stoa.org/places/383648", "vocab_label": "Fidentia|Fidentia, Fidenza"}, "geometry": {"type": "Point", "coordinates": [10.05779, 44.86647]}}, {"type": "Feature", "properties": {"name": "ad fonteclos", "place_type": "station", "pleiades_uri": "http://pleiades.stoa.org/places/383547", "vocab_label": "Ad Fonteclos|Ad Fonteclos, Fontana Fredda, Cadeo"}, "geometry": {"type": "Point", "coordinates": [9.8647, 44.95509]}}, {"type": "Feature", "properties": {"name": "placentia", "place_type": "settlement", "pleiades_uri": "http://pleiades.stoa.org/places/383741", "vocab_label": "Placentia|Placentia, Piacenza|Piacenza"}, "geometry": {"type": "Point", "coordinates": [9.696586, 45.052752]}}, {"type": "Feature", "properties": {"name": "ad rota", "place_type": "station", "pleiades_uri": "http://pleiades.stoa.org/places/383554", "vocab_label": "Ad Rota(s)|Ad Rotas/Ad Rota, Ospedaletto Lodigiano"}, "geometry": {"type": "Point", "coordinates": [9.5842, 45.16549]}}, {"type": "Feature", "properties": {"name": "tribus tabernis", "place_type": "station", "pleiades_uri": "http://pleiades.stoa.org/places/383803", "vocab_label": "Tres Tabernae|Tres Tabernae, Pieve Fissiraga"}, "geometry": {"type": "Point", "coordinates": [9.45876, 45.26425]}}, {"type": "Feature", "properties": {"name": "laude", "place_type": "settlement", "pleiades_uri": "http://pleiades.stoa.org/places/383691", "vocab_label": "Laus Pompeia|Laus Pompeia, Lodi Vecchio|Lodi Vecchio"}, "geometry": {"type": "Point", "coordinates": [9.4215, 45.29821]}}, {"type": "Feature", "properties": {"name": "ad nonum", "place_type": "station", "pleiades_uri": "http://pleiades.stoa.org/places/383548", "vocab_label": "Ad IX|Ad IX, Melegnano"}, "geometry": {"type": "Point", "coordinates": [9.322968, 45.3568623]}}, {"type": "Feature", "properties": {"name": "mediolanum", "place_type": "urban,settlement", "pleiades_uri": "http://pleiades.stoa.org/places/383706", "vocab_label": "Mediolan(i)um|Mediolanium/Mediolanum, Milano|Milan"}, "geometry": {"type": "Point", "coordinates": [9.1881, 45.4637]}}]}