"UUID","FILE","QUOTE_TRANSCRIPTION","ANCHOR","TYPE","URI","VOCAB_LABEL","VOCAB_TEMPORAL_BOUNDS","LAT","LNG","PLACE_TYPE","VERIFICATION_STATUS","TAGS","COMMENTS","GROUP_ID","GROUP_ORDER"
"0b8a81b2-217b-4145-bd6a-96b16e423ce8","dorvm6vtatvrtt.tei.xml","Sirmium","from=/TEI[1]/teiHeader[1]/profileDesc[1]/settingDesc[1]/listPlace[1]/place[1]::15;to=/TEI[1]/teiHeader[1]/profileDesc[1]/settingDesc[1]/listPlace[1]/place[1]::22","PLACE","","","","","","","UNVERIFIED","","","",""
"91c2c345-b0c9-40d8-834d-bbcbe2ac7650","dorvm6vtatvrtt.tei.xml","Untitled","from=/TEI[1]/teiHeader[1]/profileDesc[1]/settingDesc[1]/listPlace[1]/place[2]::15;to=/TEI[1]/teiHeader[1]/profileDesc[1]/settingDesc[1]/listPlace[1]/place[2]::23","PLACE","","","","","","","UNVERIFIED","","","",""
"8bb7fc81-e617-416f-98fb-fa2fe6b5dd86","dorvm6vtatvrtt.tei.xml","Tres Arbores","from=/TEI[1]/teiHeader[1]/profileDesc[1]/settingDesc[1]/listPlace[1]/place[3]::15;to=/TEI[1]/teiHeader[1]/profileDesc[1]/settingDesc[1]/listPlace[1]/place[3]::27","PLACE","","","","","","","UNVERIFIED","","","",""
"0ebb4bf2-21f5-43ed-a871-5db4d448ff1c","dorvm6vtatvrtt.tei.xml","Augusta Taurinorum","from=/TEI[1]/teiHeader[1]/profileDesc[1]/settingDesc[1]/listPlace[1]/place[4]::15;to=/TEI[1]/teiHeader[1]/profileDesc[1]/settingDesc[1]/listPlace[1]/place[4]::33","PLACE","","","","","","","UNVERIFIED","","","",""
"c2285355-fad4-4010-8897-fc60b7578fe7","dorvm6vtatvrtt.tei.xml","Ad Labores Pontis Ulcae/‘Leutuoano’","from=/TEI[1]/teiHeader[1]/profileDesc[1]/settingDesc[1]/listPlace[1]/place[5]::15;to=/TEI[1]/teiHeader[1]/profileDesc[1]/settingDesc[1]/listPlace[1]/place[5]::50","PLACE","","","","","","","UNVERIFIED","","","",""
"07239cbe-17f4-4a8a-a7df-2d32b4fc7cc4","dorvm6vtatvrtt.tei.xml","Stratonos Pyrgos/Caesarea","from=/TEI[1]/teiHeader[1]/profileDesc[1]/settingDesc[1]/listPlace[1]/place[6]::15;to=/TEI[1]/teiHeader[1]/profileDesc[1]/settingDesc[1]/listPlace[1]/place[6]::40","PLACE","","","","","","","UNVERIFIED","","","",""
"25df5221-8b78-46e9-8140-e9dfe98b42f9","dorvm6vtatvrtt.tei.xml","Altinum","from=/TEI[1]/teiHeader[1]/profileDesc[1]/settingDesc[1]/listPlace[1]/place[7]::15;to=/TEI[1]/teiHeader[1]/profileDesc[1]/settingDesc[1]/listPlace[1]/place[7]::22","PLACE","","","","","","","UNVERIFIED","","","",""
"f8149c40-51cd-4938-b20c-da45e521b3d1","dorvm6vtatvrtt.tei.xml","Alexandria ad Issum","from=/TEI[1]/teiHeader[1]/profileDesc[1]/settingDesc[1]/listPlace[1]/place[8]::15;to=/TEI[1]/teiHeader[1]/profileDesc[1]/settingDesc[1]/listPlace[1]/place[8]::34","PLACE","","","","","","","UNVERIFIED","","","",""
"570ec78a-eeab-4c61-9842-7aad2e403d54","dorvm6vtatvrtt.tei.xml","Batiana","from=/TEI[1]/teiHeader[1]/profileDesc[1]/settingDesc[1]/listPlace[1]/place[9]::15;to=/TEI[1]/teiHeader[1]/profileDesc[1]/settingDesc[1]/listPlace[1]/place[9]::22","PLACE","","","","","","","UNVERIFIED","","","",""
"bb95557a-decb-41ac-81c7-cee493b90766","dorvm6vtatvrtt.tei.xml","Umbennum","from=/TEI[1]/teiHeader[1]/profileDesc[1]/settingDesc[1]/listPlace[1]/place[10]::15;to=/TEI[1]/teiHeader[1]/profileDesc[1]/settingDesc[1]/listPlace[1]/place[10]::23","PLACE","","","","","","","UNVERIFIED","","","",""
"c3f52b48-45cf-44db-8247-033e00bfac31","dorvm6vtatvrtt.tei.xml","Ad VIII","from=/TEI[1]/teiHeader[1]/profileDesc[1]/settingDesc[1]/listPlace[1]/place[11]::15;to=/TEI[1]/teiHeader[1]/profileDesc[1]/settingDesc[1]/listPlace[1]/place[11]::22","PLACE","","","","","","","UNVERIFIED","","","",""
"20f573c4-636c-4ecb-9fe3-2cf0fb031524","dorvm6vtatvrtt.tei.xml","Araura/Cessero","from=/TEI[1]/teiHeader[1]/profileDesc[1]/settingDesc[1]/listPlace[1]/place[12]::15;to=/TEI[1]/teiHeader[1]/profileDesc[1]/settingDesc[1]/listPlace[1]/place[12]::29","PLACE","","","","","","","UNVERIFIED","","","",""
"b6cdbb7e-5375-42e9-b513-92269a367fa6","dorvm6vtatvrtt.tei.xml","Iulia Concordia","from=/TEI[1]/teiHeader[1]/profileDesc[1]/settingDesc[1]/listPlace[1]/place[13]::15;to=/TEI[1]/teiHeader[1]/profileDesc[1]/settingDesc[1]/listPlace[1]/place[13]::30","PLACE","","","","","","","UNVERIFIED","","","",""
"c8f21c89-7154-40f0-8b34-a3e9d2c1d1db","dorvm6vtatvrtt.tei.xml","Rama","from=/TEI[1]/teiHeader[1]/profileDesc[1]/settingDesc[1]/listPlace[1]/place[14]::15;to=/TEI[1]/teiHeader[1]/profileDesc[1]/settingDesc[1]/listPlace[1]/place[14]::19","PLACE","","","","","","","UNVERIFIED","","","",""
"9552ac6a-ad65-430b-98bc-0cde33e28988","dorvm6vtatvrtt.tei.xml","Sarepta/Makra Kome","from=/TEI[1]/teiHeader[1]/profileDesc[1]/settingDesc[1]/listPlace[1]/place[15]::15;to=/TEI[1]/teiHeader[1]/profileDesc[1]/settingDesc[1]/listPlace[1]/place[15]::33","PLACE","","","","","","","UNVERIFIED","","","",""
"e8646917-4045-4042-adf8-6174a72da219","dorvm6vtatvrtt.tei.xml","Andabalis","from=/TEI[1]/teiHeader[1]/profileDesc[1]/settingDesc[1]/listPlace[1]/place[16]::15;to=/TEI[1]/teiHeader[1]/profileDesc[1]/settingDesc[1]/listPlace[1]/place[16]::24","PLACE","","","","","","","UNVERIFIED","","","",""
"3c7f19f7-2d6c-47a4-8695-89a9e16e7724","dorvm6vtatvrtt.tei.xml","Col. Dea Vocontiorum","from=/TEI[1]/teiHeader[1]/profileDesc[1]/settingDesc[1]/listPlace[1]/place[17]::15;to=/TEI[1]/teiHeader[1]/profileDesc[1]/settingDesc[1]/listPlace[1]/place[17]::35","PLACE","","","","","","","UNVERIFIED","","","",""
"86ff5516-4fb1-43e6-95ee-34d348b1ce34","dorvm6vtatvrtt.tei.xml","Durriae","from=/TEI[1]/teiHeader[1]/profileDesc[1]/settingDesc[1]/listPlace[1]/place[18]::15;to=/TEI[1]/teiHeader[1]/profileDesc[1]/settingDesc[1]/listPlace[1]/place[18]::22","PLACE","","","","","","","UNVERIFIED","","","",""
"e3565fd0-b93d-4020-b2c4-a26f1b51aa08","dorvm6vtatvrtt.tei.xml","Pons Aerarius","from=/TEI[1]/teiHeader[1]/profileDesc[1]/settingDesc[1]/listPlace[1]/place[19]::15;to=/TEI[1]/teiHeader[1]/profileDesc[1]/settingDesc[1]/listPlace[1]/place[19]::28","PLACE","","","","","","","UNVERIFIED","","","",""
"3e99790d-6e6f-4788-a5f1-a681795fd43a","dorvm6vtatvrtt.tei.xml","Mursella","from=/TEI[1]/teiHeader[1]/profileDesc[1]/settingDesc[1]/listPlace[1]/place[20]::15;to=/TEI[1]/teiHeader[1]/profileDesc[1]/settingDesc[1]/listPlace[1]/place[20]::23","PLACE","","","","","","","UNVERIFIED","","","",""
"d2a25e36-2e75-4ca9-a9f3-c613dc0a947a","dorvm6vtatvrtt.tei.xml","‘Extuomne’","from=/TEI[1]/teiHeader[1]/profileDesc[1]/settingDesc[1]/listPlace[1]/place[21]::15;to=/TEI[1]/teiHeader[1]/profileDesc[1]/settingDesc[1]/listPlace[1]/place[21]::25","PLACE","","","","","","","UNVERIFIED","","","",""
"db73c15b-b8c1-48fa-9e36-bac51afee0cf","dorvm6vtatvrtt.tei.xml","Sextantio","from=/TEI[1]/teiHeader[1]/profileDesc[1]/settingDesc[1]/listPlace[1]/place[22]::15;to=/TEI[1]/teiHeader[1]/profileDesc[1]/settingDesc[1]/listPlace[1]/place[22]::24","PLACE","","","","","","","UNVERIFIED","","","",""
"a811d7d9-dec2-49a0-8b8f-f06fe0bae393","dorvm6vtatvrtt.tei.xml","Roma","from=/TEI[1]/teiHeader[1]/profileDesc[1]/settingDesc[1]/listPlace[1]/place[23]::15;to=/TEI[1]/teiHeader[1]/profileDesc[1]/settingDesc[1]/listPlace[1]/place[23]::19","PLACE","","","","","","","UNVERIFIED","","","",""
"71321af8-c459-4e07-9488-d5cf92c4e5b0","dorvm6vtatvrtt.tei.xml","Nicomedia","from=/TEI[1]/teiHeader[1]/profileDesc[1]/settingDesc[1]/listPlace[1]/place[24]::15;to=/TEI[1]/teiHeader[1]/profileDesc[1]/settingDesc[1]/listPlace[1]/place[24]::24","PLACE","","","","","","","UNVERIFIED","","","",""
"06e50ac9-c5a1-46de-9931-2e210a1ff543","dorvm6vtatvrtt.tei.xml","‘Translitis’","from=/TEI[1]/teiHeader[1]/profileDesc[1]/settingDesc[1]/listPlace[1]/place[25]::15;to=/TEI[1]/teiHeader[1]/profileDesc[1]/settingDesc[1]/listPlace[1]/place[25]::27","PLACE","","","","","","","UNVERIFIED","","","",""
"1caa173a-c708-46b7-b81f-c29fa048cd8a","dorvm6vtatvrtt.tei.xml","Tyana/Col. Aurelia Antoniniana","from=/TEI[1]/teiHeader[1]/profileDesc[1]/settingDesc[1]/listPlace[1]/place[26]::15;to=/TEI[1]/teiHeader[1]/profileDesc[1]/settingDesc[1]/listPlace[1]/place[26]::45","PLACE","","","","","","","UNVERIFIED","","","",""
"1d207317-1beb-415e-ac43-f0f3a22fbfb7","dorvm6vtatvrtt.tei.xml","Pannonia Inferior (province)","from=/TEI[1]/teiHeader[1]/profileDesc[1]/settingDesc[1]/listPlace[1]/place[27]::15;to=/TEI[1]/teiHeader[1]/profileDesc[1]/settingDesc[1]/listPlace[1]/place[27]::43","PLACE","","","","","","","UNVERIFIED","","","",""
"7f22626b-f35a-4c97-9ed7-5de3c2013e90","dorvm6vtatvrtt.tei.xml","Perinthus/Heraclea","from=/TEI[1]/teiHeader[1]/profileDesc[1]/settingDesc[1]/listPlace[1]/place[28]::15;to=/TEI[1]/teiHeader[1]/profileDesc[1]/settingDesc[1]/listPlace[1]/place[28]::33","PLACE","","","","","","","UNVERIFIED","","","",""
"779840f5-7d2d-4059-8aa6-46342f13a9e4","dorvm6vtatvrtt.tei.xml","Latina","from=/TEI[1]/teiHeader[1]/profileDesc[1]/settingDesc[1]/listPlace[1]/place[29]::15;to=/TEI[1]/teiHeader[1]/profileDesc[1]/settingDesc[1]/listPlace[1]/place[29]::21","PLACE","","","","","","","UNVERIFIED","","","",""
"f4de00b0-ab2d-43c0-baa4-79523e8ec17f","dorvm6vtatvrtt.tei.xml","Cest(a)e","from=/TEI[1]/teiHeader[1]/profileDesc[1]/settingDesc[1]/listPlace[1]/place[30]::15;to=/TEI[1]/teiHeader[1]/profileDesc[1]/settingDesc[1]/listPlace[1]/place[30]::23","PLACE","","","","","","","UNVERIFIED","","","",""
"b433f489-3acf-4401-90bd-c471d1d84759","dorvm6vtatvrtt.tei.xml","Dableis","from=/TEI[1]/teiHeader[1]/profileDesc[1]/settingDesc[1]/listPlace[1]/place[31]::15;to=/TEI[1]/teiHeader[1]/profileDesc[1]/settingDesc[1]/listPlace[1]/place[31]::22","PLACE","","","","","","","UNVERIFIED","","","",""
"67e962ab-2d02-4dde-82b1-4be57e687855","dorvm6vtatvrtt.tei.xml","Bergomum","from=/TEI[1]/teiHeader[1]/profileDesc[1]/settingDesc[1]/listPlace[1]/place[32]::15;to=/TEI[1]/teiHeader[1]/profileDesc[1]/settingDesc[1]/listPlace[1]/place[32]::23","PLACE","","","","","","","UNVERIFIED","","","",""
"5b56c84a-1753-4c06-bcd1-7b088f4dedee","dorvm6vtatvrtt.tei.xml","Altina","from=/TEI[1]/teiHeader[1]/profileDesc[1]/settingDesc[1]/listPlace[1]/place[33]::15;to=/TEI[1]/teiHeader[1]/profileDesc[1]/settingDesc[1]/listPlace[1]/place[33]::21","PLACE","","","","","","","UNVERIFIED","","","",""
"ca453aa4-ac98-4d60-aa08-d508697871f8","dorvm6vtatvrtt.tei.xml","Spaneta","from=/TEI[1]/teiHeader[1]/profileDesc[1]/settingDesc[1]/listPlace[1]/place[34]::15;to=/TEI[1]/teiHeader[1]/profileDesc[1]/settingDesc[1]/listPlace[1]/place[34]::22","PLACE","","","","","","","UNVERIFIED","","","",""
"b725dfdf-bb83-4755-abc3-5dac6230de97","dorvm6vtatvrtt.tei.xml","Caena","from=/TEI[1]/teiHeader[1]/profileDesc[1]/settingDesc[1]/listPlace[1]/place[35]::15;to=/TEI[1]/teiHeader[1]/profileDesc[1]/settingDesc[1]/listPlace[1]/place[35]::20","PLACE","","","","","","","UNVERIFIED","","","",""
"10028068-c062-47e7-ba23-87b6ff765618","dorvm6vtatvrtt.tei.xml","Galatia","from=/TEI[1]/teiHeader[1]/profileDesc[1]/settingDesc[1]/listPlace[1]/place[36]::15;to=/TEI[1]/teiHeader[1]/profileDesc[1]/settingDesc[1]/listPlace[1]/place[36]::22","PLACE","","","","","","","UNVERIFIED","","","",""
"9e20b817-13f9-49d6-b07f-0f3346352fc2","dorvm6vtatvrtt.tei.xml","In Alpe Iulia/Ad Pirum","from=/TEI[1]/teiHeader[1]/profileDesc[1]/settingDesc[1]/listPlace[1]/place[37]::15;to=/TEI[1]/teiHeader[1]/profileDesc[1]/settingDesc[1]/listPlace[1]/place[37]::37","PLACE","","","","","","","UNVERIFIED","","","",""
"79a9add3-ddfc-4b52-8c08-1e271190012c","dorvm6vtatvrtt.tei.xml","Longaticum","from=/TEI[1]/teiHeader[1]/profileDesc[1]/settingDesc[1]/listPlace[1]/place[38]::15;to=/TEI[1]/teiHeader[1]/profileDesc[1]/settingDesc[1]/listPlace[1]/place[38]::25","PLACE","","","","","","","UNVERIFIED","","","",""
"7b07a14c-857a-40d2-a6b4-0f70cf00e5a9","dorvm6vtatvrtt.tei.xml","Katabolos/Moutloubake","from=/TEI[1]/teiHeader[1]/profileDesc[1]/settingDesc[1]/listPlace[1]/place[39]::15;to=/TEI[1]/teiHeader[1]/profileDesc[1]/settingDesc[1]/listPlace[1]/place[39]::36","PLACE","","","","","","","UNVERIFIED","","","",""
"dd99638e-93b9-42ae-b2df-5ed5ab0ff620","dorvm6vtatvrtt.tei.xml","Ambrussum","from=/TEI[1]/teiHeader[1]/profileDesc[1]/settingDesc[1]/listPlace[1]/place[40]::15;to=/TEI[1]/teiHeader[1]/profileDesc[1]/settingDesc[1]/listPlace[1]/place[40]::24","PLACE","","","","","","","UNVERIFIED","","","",""
"a78b5561-b8f1-4a25-bc9b-48d27e080c23","dorvm6vtatvrtt.tei.xml","Ozzala/Ozizala","from=/TEI[1]/teiHeader[1]/profileDesc[1]/settingDesc[1]/listPlace[1]/place[41]::15;to=/TEI[1]/teiHeader[1]/profileDesc[1]/settingDesc[1]/listPlace[1]/place[41]::29","PLACE","","","","","","","UNVERIFIED","","","",""
"e701989f-b493-4b4f-aa5c-a1b22e496375","dorvm6vtatvrtt.tei.xml","Laumellum","from=/TEI[1]/teiHeader[1]/profileDesc[1]/settingDesc[1]/listPlace[1]/place[42]::15;to=/TEI[1]/teiHeader[1]/profileDesc[1]/settingDesc[1]/listPlace[1]/place[42]::24","PLACE","","","","","","","UNVERIFIED","","","",""
"a813785c-be6c-4b76-8e96-d11fa71a28c4","dorvm6vtatvrtt.tei.xml","Iezreel/Isdradela","from=/TEI[1]/teiHeader[1]/profileDesc[1]/settingDesc[1]/listPlace[1]/place[43]::15;to=/TEI[1]/teiHeader[1]/profileDesc[1]/settingDesc[1]/listPlace[1]/place[43]::32","PLACE","","","","","","","UNVERIFIED","","","",""
"d71baf38-5fe2-498c-a41f-30d75f8f3ef5","dorvm6vtatvrtt.tei.xml","Soneio","from=/TEI[1]/teiHeader[1]/profileDesc[1]/settingDesc[1]/listPlace[1]/place[44]::15;to=/TEI[1]/teiHeader[1]/profileDesc[1]/settingDesc[1]/listPlace[1]/place[44]::21","PLACE","","","","","","","UNVERIFIED","","","",""
"eacb0111-291d-4815-a7a6-c01d48bcdd1d","dorvm6vtatvrtt.tei.xml","Heldua","from=/TEI[1]/teiHeader[1]/profileDesc[1]/settingDesc[1]/listPlace[1]/place[45]::15;to=/TEI[1]/teiHeader[1]/profileDesc[1]/settingDesc[1]/listPlace[1]/place[45]::21","PLACE","","","","","","","UNVERIFIED","","","",""
"a882716a-9a2e-469a-9ebb-d4c3471193b1","dorvm6vtatvrtt.tei.xml","Gramrianae","from=/TEI[1]/teiHeader[1]/profileDesc[1]/settingDesc[1]/listPlace[1]/place[46]::15;to=/TEI[1]/teiHeader[1]/profileDesc[1]/settingDesc[1]/listPlace[1]/place[46]::25","PLACE","","","","","","","UNVERIFIED","","","",""
"e3185ab6-9ecd-464d-a755-d83042f3a4f4","dorvm6vtatvrtt.tei.xml","Idimum","from=/TEI[1]/teiHeader[1]/profileDesc[1]/settingDesc[1]/listPlace[1]/place[47]::15;to=/TEI[1]/teiHeader[1]/profileDesc[1]/settingDesc[1]/listPlace[1]/place[47]::21","PLACE","","","","","","","UNVERIFIED","","","",""
"3e62fc72-5ed1-498e-bfd1-843238ec2b45","dorvm6vtatvrtt.tei.xml","Potamoi","from=/TEI[1]/teiHeader[1]/profileDesc[1]/settingDesc[1]/listPlace[1]/place[48]::15;to=/TEI[1]/teiHeader[1]/profileDesc[1]/settingDesc[1]/listPlace[1]/place[48]::22","PLACE","","","","","","","UNVERIFIED","","","",""
"d8b2c8e5-bb26-4bc9-91d4-972ffff79d92","dorvm6vtatvrtt.tei.xml","Atrans","from=/TEI[1]/teiHeader[1]/profileDesc[1]/settingDesc[1]/listPlace[1]/place[49]::15;to=/TEI[1]/teiHeader[1]/profileDesc[1]/settingDesc[1]/listPlace[1]/place[49]::21","PLACE","","","","","","","UNVERIFIED","","","",""
"bb5673b1-4ae9-42af-be2a-32e86bc5e4f0","dorvm6vtatvrtt.tei.xml","Vappincum","from=/TEI[1]/teiHeader[1]/profileDesc[1]/settingDesc[1]/listPlace[1]/place[50]::15;to=/TEI[1]/teiHeader[1]/profileDesc[1]/settingDesc[1]/listPlace[1]/place[50]::24","PLACE","","","","","","","UNVERIFIED","","","",""
"d6a9c0b9-644d-449d-ad70-f844df83ef16","dorvm6vtatvrtt.tei.xml","Mediolan(i)um","from=/TEI[1]/teiHeader[1]/profileDesc[1]/settingDesc[1]/listPlace[1]/place[51]::15;to=/TEI[1]/teiHeader[1]/profileDesc[1]/settingDesc[1]/listPlace[1]/place[51]::28","PLACE","","","","","","","UNVERIFIED","","","",""
"fc017565-7e5d-49a5-bbf1-5cb367703deb","dorvm6vtatvrtt.tei.xml","Maraccas","from=/TEI[1]/teiHeader[1]/profileDesc[1]/settingDesc[1]/listPlace[1]/place[52]::15;to=/TEI[1]/teiHeader[1]/profileDesc[1]/settingDesc[1]/listPlace[1]/place[52]::23","PLACE","","","","","","","UNVERIFIED","","","",""
"85820444-fbf6-44ce-9ceb-359a5ae89133","dorvm6vtatvrtt.tei.xml","Antarados/Constantia","from=/TEI[1]/teiHeader[1]/profileDesc[1]/settingDesc[1]/listPlace[1]/place[53]::15;to=/TEI[1]/teiHeader[1]/profileDesc[1]/settingDesc[1]/listPlace[1]/place[53]::35","PLACE","","","","","","","UNVERIFIED","","","",""
"695623c9-35ed-4c09-a873-ef8d00753799","dorvm6vtatvrtt.tei.xml","Forum Domitii","from=/TEI[1]/teiHeader[1]/profileDesc[1]/settingDesc[1]/listPlace[1]/place[54]::15;to=/TEI[1]/teiHeader[1]/profileDesc[1]/settingDesc[1]/listPlace[1]/place[54]::28","PLACE","","","","","","","UNVERIFIED","","","",""
"c470de5c-fdce-4f05-89fb-07d3d689cd86","dorvm6vtatvrtt.tei.xml","‘Tarpodizo’","from=/TEI[1]/teiHeader[1]/profileDesc[1]/settingDesc[1]/listPlace[1]/place[55]::15;to=/TEI[1]/teiHeader[1]/profileDesc[1]/settingDesc[1]/listPlace[1]/place[55]::26","PLACE","","","","","","","UNVERIFIED","","","",""
"95d383ab-50ea-4957-b3b2-62d399e3e4f7","dorvm6vtatvrtt.tei.xml","Helikore/Nicaea","from=/TEI[1]/teiHeader[1]/profileDesc[1]/settingDesc[1]/listPlace[1]/place[56]::15;to=/TEI[1]/teiHeader[1]/profileDesc[1]/settingDesc[1]/listPlace[1]/place[56]::30","PLACE","","","","","","","UNVERIFIED","","","",""
"deb97367-45c5-4abe-a46a-f083685ed567","dorvm6vtatvrtt.tei.xml","Moesiae","from=/TEI[1]/teiHeader[1]/profileDesc[1]/settingDesc[1]/listPlace[1]/place[57]::15;to=/TEI[1]/teiHeader[1]/profileDesc[1]/settingDesc[1]/listPlace[1]/place[57]::22","PLACE","","","","","","","UNVERIFIED","","","",""
"7f44d1fb-45b4-418a-842c-0b1076f278f3","dorvm6vtatvrtt.tei.xml","Ceratae","from=/TEI[1]/teiHeader[1]/profileDesc[1]/settingDesc[1]/listPlace[1]/place[58]::15;to=/TEI[1]/teiHeader[1]/profileDesc[1]/settingDesc[1]/listPlace[1]/place[58]::22","PLACE","","","","","","","UNVERIFIED","","","",""
"9944334b-57a2-465d-ab2b-48b03ab69ebd","dorvm6vtatvrtt.tei.xml","Cappadocia","from=/TEI[1]/teiHeader[1]/profileDesc[1]/settingDesc[1]/listPlace[1]/place[59]::15;to=/TEI[1]/teiHeader[1]/profileDesc[1]/settingDesc[1]/listPlace[1]/place[59]::25","PLACE","","","","","","","UNVERIFIED","","","",""
"c91149d2-2827-4b85-801d-6b191d486c5d","dorvm6vtatvrtt.tei.xml","Dr(o)usipara","from=/TEI[1]/teiHeader[1]/profileDesc[1]/settingDesc[1]/listPlace[1]/place[60]::15;to=/TEI[1]/teiHeader[1]/profileDesc[1]/settingDesc[1]/listPlace[1]/place[60]::27","PLACE","","","","","","","UNVERIFIED","","","",""
"7d599dcb-8c35-4b43-a35a-c7da27e96c44","dorvm6vtatvrtt.tei.xml","Libyssa","from=/TEI[1]/teiHeader[1]/profileDesc[1]/settingDesc[1]/listPlace[1]/place[61]::15;to=/TEI[1]/teiHeader[1]/profileDesc[1]/settingDesc[1]/listPlace[1]/place[61]::22","PLACE","","","","","","","UNVERIFIED","","","",""
"a236164e-662b-4de9-82e1-2d32ea503cb1","dorvm6vtatvrtt.tei.xml","Laodicea","from=/TEI[1]/teiHeader[1]/profileDesc[1]/settingDesc[1]/listPlace[1]/place[62]::15;to=/TEI[1]/teiHeader[1]/profileDesc[1]/settingDesc[1]/listPlace[1]/place[62]::23","PLACE","","","","","","","UNVERIFIED","","","",""
"62214b91-ad9a-4b9f-be51-f42b9726d906","dorvm6vtatvrtt.tei.xml","Sarmates","from=/TEI[1]/teiHeader[1]/profileDesc[1]/settingDesc[1]/listPlace[1]/place[63]::15;to=/TEI[1]/teiHeader[1]/profileDesc[1]/settingDesc[1]/listPlace[1]/place[63]::23","PLACE","","","","","","","UNVERIFIED","","","",""
"864c8d4d-82c0-4c60-a9be-f1a1726a1955","dorvm6vtatvrtt.tei.xml","‘Thateso’","from=/TEI[1]/teiHeader[1]/profileDesc[1]/settingDesc[1]/listPlace[1]/place[64]::15;to=/TEI[1]/teiHeader[1]/profileDesc[1]/settingDesc[1]/listPlace[1]/place[64]::24","PLACE","","","","","","","UNVERIFIED","","","",""
"e7bd85b4-84d3-4e2a-9f9b-34f0dcd4f5db","dorvm6vtatvrtt.tei.xml","‘Ulmo’","from=/TEI[1]/teiHeader[1]/profileDesc[1]/settingDesc[1]/listPlace[1]/place[65]::15;to=/TEI[1]/teiHeader[1]/profileDesc[1]/settingDesc[1]/listPlace[1]/place[65]::21","PLACE","","","","","","","UNVERIFIED","","","",""
"ca84b8b3-8559-43d0-bf0c-c7ae6677350a","dorvm6vtatvrtt.tei.xml","Milia","from=/TEI[1]/teiHeader[1]/profileDesc[1]/settingDesc[1]/listPlace[1]/place[66]::15;to=/TEI[1]/teiHeader[1]/profileDesc[1]/settingDesc[1]/listPlace[1]/place[66]::20","PLACE","","","","","","","UNVERIFIED","","","",""
"44197d00-7f78-4bcd-8153-10a64edaa785","dorvm6vtatvrtt.tei.xml","‘Chogeae’","from=/TEI[1]/teiHeader[1]/profileDesc[1]/settingDesc[1]/listPlace[1]/place[67]::15;to=/TEI[1]/teiHeader[1]/profileDesc[1]/settingDesc[1]/listPlace[1]/place[67]::24","PLACE","","","","","","","UNVERIFIED","","","",""
"88928f43-759d-4d55-9258-83e1e1967b09","dorvm6vtatvrtt.tei.xml","Phoenice","from=/TEI[1]/teiHeader[1]/profileDesc[1]/settingDesc[1]/listPlace[1]/place[68]::15;to=/TEI[1]/teiHeader[1]/profileDesc[1]/settingDesc[1]/listPlace[1]/place[68]::23","PLACE","","","","","","","UNVERIFIED","","","",""
"9219aaf9-9b0f-4e92-9e6b-37f589ea8302","dorvm6vtatvrtt.tei.xml","Cambonum","from=/TEI[1]/teiHeader[1]/profileDesc[1]/settingDesc[1]/listPlace[1]/place[69]::15;to=/TEI[1]/teiHeader[1]/profileDesc[1]/settingDesc[1]/listPlace[1]/place[69]::23","PLACE","","","","","","","UNVERIFIED","","","",""
"7630e8ea-4b48-4d87-b0cc-3640999e8e69","dorvm6vtatvrtt.tei.xml","Nike","from=/TEI[1]/teiHeader[1]/profileDesc[1]/settingDesc[1]/listPlace[1]/place[70]::15;to=/TEI[1]/teiHeader[1]/profileDesc[1]/settingDesc[1]/listPlace[1]/place[70]::19","PLACE","","","","","","","UNVERIFIED","","","",""
"b14c2f38-5aaf-44c3-aa74-9015b55f41ea","dorvm6vtatvrtt.tei.xml","Pagrae","from=/TEI[1]/teiHeader[1]/profileDesc[1]/settingDesc[1]/listPlace[1]/place[71]::15;to=/TEI[1]/teiHeader[1]/profileDesc[1]/settingDesc[1]/listPlace[1]/place[71]::21","PLACE","","","","","","","UNVERIFIED","","","",""
"8d6b6cd5-1c3d-47d2-8051-fd8149eff023","dorvm6vtatvrtt.tei.xml","Nitazi/Nitalis","from=/TEI[1]/teiHeader[1]/profileDesc[1]/settingDesc[1]/listPlace[1]/place[72]::15;to=/TEI[1]/teiHeader[1]/profileDesc[1]/settingDesc[1]/listPlace[1]/place[72]::29","PLACE","","","","","","","UNVERIFIED","","","",""
"0cf109a5-e868-4ad7-b7b6-878150d17349","dorvm6vtatvrtt.tei.xml","Gaura M.","from=/TEI[1]/teiHeader[1]/profileDesc[1]/settingDesc[1]/listPlace[1]/place[73]::15;to=/TEI[1]/teiHeader[1]/profileDesc[1]/settingDesc[1]/listPlace[1]/place[73]::23","PLACE","","","","","","","UNVERIFIED","","","",""
"16a3dd61-a13f-48c9-800e-d00dadac529e","dorvm6vtatvrtt.tei.xml","‘Brunca’","from=/TEI[1]/teiHeader[1]/profileDesc[1]/settingDesc[1]/listPlace[1]/place[74]::15;to=/TEI[1]/teiHeader[1]/profileDesc[1]/settingDesc[1]/listPlace[1]/place[74]::23","PLACE","","","","","","","UNVERIFIED","","","",""
"9cd85159-0e9f-4380-87e0-7dec2ec927e7","dorvm6vtatvrtt.tei.xml","Ad Flexum/Sermione Mansio","from=/TEI[1]/teiHeader[1]/profileDesc[1]/settingDesc[1]/listPlace[1]/place[75]::15;to=/TEI[1]/teiHeader[1]/profileDesc[1]/settingDesc[1]/listPlace[1]/place[75]::40","PLACE","","","","","","","UNVERIFIED","","","",""
"3c49e6c2-4ca6-4f07-9ac8-4cbbc91c5719","dorvm6vtatvrtt.tei.xml","Bucconis","from=/TEI[1]/teiHeader[1]/profileDesc[1]/settingDesc[1]/listPlace[1]/place[76]::15;to=/TEI[1]/teiHeader[1]/profileDesc[1]/settingDesc[1]/listPlace[1]/place[76]::23","PLACE","","","","","","","UNVERIFIED","","","",""
"3057db5c-5d93-42ed-bf75-1c51e793351c","dorvm6vtatvrtt.tei.xml","Turres","from=/TEI[1]/teiHeader[1]/profileDesc[1]/settingDesc[1]/listPlace[1]/place[77]::15;to=/TEI[1]/teiHeader[1]/profileDesc[1]/settingDesc[1]/listPlace[1]/place[77]::21","PLACE","","","","","","","UNVERIFIED","","","",""
"fad86c5a-b181-46b2-8eab-73df61317191","dorvm6vtatvrtt.tei.xml","Arzus","from=/TEI[1]/teiHeader[1]/profileDesc[1]/settingDesc[1]/listPlace[1]/place[78]::15;to=/TEI[1]/teiHeader[1]/profileDesc[1]/settingDesc[1]/listPlace[1]/place[78]::20","PLACE","","","","","","","UNVERIFIED","","","",""
"73145464-ef56-49b3-bec5-0baa6a7f40ed","dorvm6vtatvrtt.tei.xml","Lucus Augusti","from=/TEI[1]/teiHeader[1]/profileDesc[1]/settingDesc[1]/listPlace[1]/place[79]::15;to=/TEI[1]/teiHeader[1]/profileDesc[1]/settingDesc[1]/listPlace[1]/place[79]::28","PLACE","","","","","","","UNVERIFIED","","","",""
"554d8c1d-fd90-4cae-9ec2-161a2d177bf1","dorvm6vtatvrtt.tei.xml","Causilena","from=/TEI[1]/teiHeader[1]/profileDesc[1]/settingDesc[1]/listPlace[1]/place[80]::15;to=/TEI[1]/teiHeader[1]/profileDesc[1]/settingDesc[1]/listPlace[1]/place[80]::24","PLACE","","","","","","","UNVERIFIED","","","",""
"d0e3a3ed-20ff-441c-8b52-f4b7a882cebd","dorvm6vtatvrtt.tei.xml","Matrona M.","from=/TEI[1]/teiHeader[1]/profileDesc[1]/settingDesc[1]/listPlace[1]/place[81]::15;to=/TEI[1]/teiHeader[1]/profileDesc[1]/settingDesc[1]/listPlace[1]/place[81]::25","PLACE","","","","","","","UNVERIFIED","","","",""
"a40576a5-ec8b-459d-a998-89af23ce9f64","dorvm6vtatvrtt.tei.xml","Brigantio","from=/TEI[1]/teiHeader[1]/profileDesc[1]/settingDesc[1]/listPlace[1]/place[82]::15;to=/TEI[1]/teiHeader[1]/profileDesc[1]/settingDesc[1]/listPlace[1]/place[82]::24","PLACE","","","","","","","UNVERIFIED","","","",""
"88e1689c-39b2-4890-a4ad-56ca5bf9ccdb","dorvm6vtatvrtt.tei.xml","Sotium/Scittio","from=/TEI[1]/teiHeader[1]/profileDesc[1]/settingDesc[1]/listPlace[1]/place[83]::15;to=/TEI[1]/teiHeader[1]/profileDesc[1]/settingDesc[1]/listPlace[1]/place[83]::29","PLACE","","","","","","","UNVERIFIED","","","",""
"39d4c571-38bf-436d-b067-3b3334bcd951","dorvm6vtatvrtt.tei.xml","Mesopotamia","from=/TEI[1]/teiHeader[1]/profileDesc[1]/settingDesc[1]/listPlace[1]/place[84]::15;to=/TEI[1]/teiHeader[1]/profileDesc[1]/settingDesc[1]/listPlace[1]/place[84]::26","PLACE","","","","","","","UNVERIFIED","","","",""
"5ab29f8d-2296-4e0f-bf10-a58995ca11ac","dorvm6vtatvrtt.tei.xml","Sely(m)bria/Eudoxiopolis","from=/TEI[1]/teiHeader[1]/profileDesc[1]/settingDesc[1]/listPlace[1]/place[85]::15;to=/TEI[1]/teiHeader[1]/profileDesc[1]/settingDesc[1]/listPlace[1]/place[85]::39","PLACE","","","","","","","UNVERIFIED","","","",""
"f768587a-4f02-4d33-96f2-2b4c7ccd1357","dorvm6vtatvrtt.tei.xml","Delemna/Dilimnia","from=/TEI[1]/teiHeader[1]/profileDesc[1]/settingDesc[1]/listPlace[1]/place[86]::15;to=/TEI[1]/teiHeader[1]/profileDesc[1]/settingDesc[1]/listPlace[1]/place[86]::31","PLACE","","","","","","","UNVERIFIED","","","",""
"cfe1a532-7455-4050-a5e8-3cad7f8341c3","dorvm6vtatvrtt.tei.xml","Ticinum","from=/TEI[1]/teiHeader[1]/profileDesc[1]/settingDesc[1]/listPlace[1]/place[87]::15;to=/TEI[1]/teiHeader[1]/profileDesc[1]/settingDesc[1]/listPlace[1]/place[87]::22","PLACE","","","","","","","UNVERIFIED","","","",""
"d560ab8c-5db6-4b97-b7df-44980f8e44b0","dorvm6vtatvrtt.tei.xml","Neapolis","from=/TEI[1]/teiHeader[1]/profileDesc[1]/settingDesc[1]/listPlace[1]/place[88]::15;to=/TEI[1]/teiHeader[1]/profileDesc[1]/settingDesc[1]/listPlace[1]/place[88]::23","PLACE","","","","","","","UNVERIFIED","","","",""
"805258bc-201b-4075-a7c2-09b5be449ba9","dorvm6vtatvrtt.tei.xml","Ragando","from=/TEI[1]/teiHeader[1]/profileDesc[1]/settingDesc[1]/listPlace[1]/place[89]::15;to=/TEI[1]/teiHeader[1]/profileDesc[1]/settingDesc[1]/listPlace[1]/place[89]::22","PLACE","","","","","","","UNVERIFIED","","","",""
"568586ae-cf1b-421a-aea8-c83a9a1eb6ae","dorvm6vtatvrtt.tei.xml","‘Bao’","from=/TEI[1]/teiHeader[1]/profileDesc[1]/settingDesc[1]/listPlace[1]/place[90]::15;to=/TEI[1]/teiHeader[1]/profileDesc[1]/settingDesc[1]/listPlace[1]/place[90]::20","PLACE","","","","","","","UNVERIFIED","","","",""
"de4e6ec7-1a6a-4cef-bd58-e15005069876","dorvm6vtatvrtt.tei.xml","Antiochia/Theoupolis","from=/TEI[1]/teiHeader[1]/profileDesc[1]/settingDesc[1]/listPlace[1]/place[91]::15;to=/TEI[1]/teiHeader[1]/profileDesc[1]/settingDesc[1]/listPlace[1]/place[91]::35","PLACE","","","","","","","UNVERIFIED","","","",""
"a26d824c-0016-4e31-a8b3-0ea8b8f4c701","dorvm6vtatvrtt.tei.xml","Aliassum","from=/TEI[1]/teiHeader[1]/profileDesc[1]/settingDesc[1]/listPlace[1]/place[92]::15;to=/TEI[1]/teiHeader[1]/profileDesc[1]/settingDesc[1]/listPlace[1]/place[92]::23","PLACE","","","","","","","UNVERIFIED","","","",""
"9cc0581d-b9aa-4cad-bbe1-714b72500aee","dorvm6vtatvrtt.tei.xml","Parambole","from=/TEI[1]/teiHeader[1]/profileDesc[1]/settingDesc[1]/listPlace[1]/place[93]::15;to=/TEI[1]/teiHeader[1]/profileDesc[1]/settingDesc[1]/listPlace[1]/place[93]::24","PLACE","","","","","","","UNVERIFIED","","","",""
"1ea02e2a-fdd5-48be-ac63-4473b244547b","dorvm6vtatvrtt.tei.xml","Davianum","from=/TEI[1]/teiHeader[1]/profileDesc[1]/settingDesc[1]/listPlace[1]/place[94]::15;to=/TEI[1]/teiHeader[1]/profileDesc[1]/settingDesc[1]/listPlace[1]/place[94]::23","PLACE","","","","","","","UNVERIFIED","","","",""
"c110627d-4cef-4c59-9e00-24436f2cdc8e","dorvm6vtatvrtt.tei.xml","Verona","from=/TEI[1]/teiHeader[1]/profileDesc[1]/settingDesc[1]/listPlace[1]/place[95]::15;to=/TEI[1]/teiHeader[1]/profileDesc[1]/settingDesc[1]/listPlace[1]/place[95]::21","PLACE","","","","","","","UNVERIFIED","","","",""
"04e23cbf-5c0f-4374-bcf2-17995c4cd5cb","dorvm6vtatvrtt.tei.xml","Argustana","from=/TEI[1]/teiHeader[1]/profileDesc[1]/settingDesc[1]/listPlace[1]/place[96]::15;to=/TEI[1]/teiHeader[1]/profileDesc[1]/settingDesc[1]/listPlace[1]/place[96]::24","PLACE","","","","","","","UNVERIFIED","","","",""
"7cdab47b-c8a4-48aa-bf0a-491a692a9e66","dorvm6vtatvrtt.tei.xml","Nandianulus/Nazianzos","from=/TEI[1]/teiHeader[1]/profileDesc[1]/settingDesc[1]/listPlace[1]/place[97]::15;to=/TEI[1]/teiHeader[1]/profileDesc[1]/settingDesc[1]/listPlace[1]/place[97]::36","PLACE","","","","","","","UNVERIFIED","","","",""
"fe36ee3e-0652-4e5c-8660-19398f253489","dorvm6vtatvrtt.tei.xml","Vinceia","from=/TEI[1]/teiHeader[1]/profileDesc[1]/settingDesc[1]/listPlace[1]/place[98]::15;to=/TEI[1]/teiHeader[1]/profileDesc[1]/settingDesc[1]/listPlace[1]/place[98]::22","PLACE","","","","","","","UNVERIFIED","","","",""
"5f5f6f01-d824-4b98-8c4a-3d1890f52c2f","dorvm6vtatvrtt.tei.xml","‘Callum’","from=/TEI[1]/teiHeader[1]/profileDesc[1]/settingDesc[1]/listPlace[1]/place[99]::15;to=/TEI[1]/teiHeader[1]/profileDesc[1]/settingDesc[1]/listPlace[1]/place[99]::23","PLACE","","","","","","","UNVERIFIED","","","",""
"3726d834-98b7-4d4f-bde1-8d9011dbc40f","dorvm6vtatvrtt.tei.xml","Col. Faustinopolis/Halala","from=/TEI[1]/teiHeader[1]/profileDesc[1]/settingDesc[1]/listPlace[1]/place[100]::15;to=/TEI[1]/teiHeader[1]/profileDesc[1]/settingDesc[1]/listPlace[1]/place[100]::40","PLACE","","","","","","","UNVERIFIED","","","",""
"0585b402-045e-477f-8856-09ac59530785","dorvm6vtatvrtt.tei.xml","Fossae","from=/TEI[1]/teiHeader[1]/profileDesc[1]/settingDesc[1]/listPlace[1]/place[101]::15;to=/TEI[1]/teiHeader[1]/profileDesc[1]/settingDesc[1]/listPlace[1]/place[101]::21","PLACE","","","","","","","UNVERIFIED","","","",""
"8c955238-3454-4edd-a1b6-245c6cda3d1c","dorvm6vtatvrtt.tei.xml","Elusio","from=/TEI[1]/teiHeader[1]/profileDesc[1]/settingDesc[1]/listPlace[1]/place[102]::15;to=/TEI[1]/teiHeader[1]/profileDesc[1]/settingDesc[1]/listPlace[1]/place[102]::21","PLACE","","","","","","","UNVERIFIED","","","",""
"2602cc4f-9c12-48b8-a7b1-ee9f21ac2bb7","dorvm6vtatvrtt.tei.xml","Bethar","from=/TEI[1]/teiHeader[1]/profileDesc[1]/settingDesc[1]/listPlace[1]/place[103]::15;to=/TEI[1]/teiHeader[1]/profileDesc[1]/settingDesc[1]/listPlace[1]/place[103]::21","PLACE","","","","","","","UNVERIFIED","","","",""
"e042a16c-423b-4882-b0cb-75295c334a11","dorvm6vtatvrtt.tei.xml","Ad Letoce","from=/TEI[1]/teiHeader[1]/profileDesc[1]/settingDesc[1]/listPlace[1]/place[104]::15;to=/TEI[1]/teiHeader[1]/profileDesc[1]/settingDesc[1]/listPlace[1]/place[104]::24","PLACE","","","","","","","UNVERIFIED","","","",""
"3857cd31-8f34-4a34-a269-32b40089c5a1","dorvm6vtatvrtt.tei.xml","Carassura","from=/TEI[1]/teiHeader[1]/profileDesc[1]/settingDesc[1]/listPlace[1]/place[105]::15;to=/TEI[1]/teiHeader[1]/profileDesc[1]/settingDesc[1]/listPlace[1]/place[105]::24","PLACE","","","","","","","UNVERIFIED","","","",""
"4cc3067d-2708-4e53-b2d7-1d547f2ab02f","dorvm6vtatvrtt.tei.xml","Beneventum","from=/TEI[1]/teiHeader[1]/profileDesc[1]/settingDesc[1]/listPlace[1]/place[106]::15;to=/TEI[1]/teiHeader[1]/profileDesc[1]/settingDesc[1]/listPlace[1]/place[106]::25","PLACE","","","","","","","UNVERIFIED","","","",""
"026db469-406a-4d1e-b646-b12a7f72dd74","dorvm6vtatvrtt.tei.xml","*Ad Fornulos","from=/TEI[1]/teiHeader[1]/profileDesc[1]/settingDesc[1]/listPlace[1]/place[107]::15;to=/TEI[1]/teiHeader[1]/profileDesc[1]/settingDesc[1]/listPlace[1]/place[107]::27","PLACE","","","","","","","UNVERIFIED","","","",""
"f50eb78a-1842-4a19-ba4d-0fc97c932d8d","dorvm6vtatvrtt.tei.xml","Elusa","from=/TEI[1]/teiHeader[1]/profileDesc[1]/settingDesc[1]/listPlace[1]/place[108]::15;to=/TEI[1]/teiHeader[1]/profileDesc[1]/settingDesc[1]/listPlace[1]/place[108]::20","PLACE","","","","","","","UNVERIFIED","","","",""
"435ed9ff-5ccc-4ed9-bd83-3914f49d169d","dorvm6vtatvrtt.tei.xml","Sonista","from=/TEI[1]/teiHeader[1]/profileDesc[1]/settingDesc[1]/listPlace[1]/place[109]::15;to=/TEI[1]/teiHeader[1]/profileDesc[1]/settingDesc[1]/listPlace[1]/place[109]::22","PLACE","","","","","","","UNVERIFIED","","","",""
"66067a0f-c808-45b3-813b-a30b19916141","dorvm6vtatvrtt.tei.xml","Burdigala","from=/TEI[1]/teiHeader[1]/profileDesc[1]/settingDesc[1]/listPlace[1]/place[110]::15;to=/TEI[1]/teiHeader[1]/profileDesc[1]/settingDesc[1]/listPlace[1]/place[110]::24","PLACE","","","","","","","UNVERIFIED","","","",""
"b1cd980e-8213-4a8d-91a3-7391304685e2","dorvm6vtatvrtt.tei.xml","‘Beodizo’","from=/TEI[1]/teiHeader[1]/profileDesc[1]/settingDesc[1]/listPlace[1]/place[111]::15;to=/TEI[1]/teiHeader[1]/profileDesc[1]/settingDesc[1]/listPlace[1]/place[111]::24","PLACE","","","","","","","UNVERIFIED","","","",""
"489227b2-36c7-4870-8178-f42cca9274d7","dorvm6vtatvrtt.tei.xml","Arca/Herakleia en Phoinike/Caesarea ad Libanum","from=/TEI[1]/teiHeader[1]/profileDesc[1]/settingDesc[1]/listPlace[1]/place[112]::15;to=/TEI[1]/teiHeader[1]/profileDesc[1]/settingDesc[1]/listPlace[1]/place[112]::61","PLACE","","","","","","","UNVERIFIED","","","",""
"8c733990-b179-419d-be1d-f009881be74b","dorvm6vtatvrtt.tei.xml","Tyrus/Col. Septimia Severa","from=/TEI[1]/teiHeader[1]/profileDesc[1]/settingDesc[1]/listPlace[1]/place[113]::15;to=/TEI[1]/teiHeader[1]/profileDesc[1]/settingDesc[1]/listPlace[1]/place[113]::41","PLACE","","","","","","","UNVERIFIED","","","",""
"9b8645ce-1de7-4c19-9370-b2a80474e8c0","dorvm6vtatvrtt.tei.xml","Vicetia","from=/TEI[1]/teiHeader[1]/profileDesc[1]/settingDesc[1]/listPlace[1]/place[114]::15;to=/TEI[1]/teiHeader[1]/profileDesc[1]/settingDesc[1]/listPlace[1]/place[114]::22","PLACE","","","","","","","UNVERIFIED","","","",""
"71e0be2c-08c1-4d55-8e57-c63cc178a021","dorvm6vtatvrtt.tei.xml","Pultovia","from=/TEI[1]/teiHeader[1]/profileDesc[1]/settingDesc[1]/listPlace[1]/place[115]::15;to=/TEI[1]/teiHeader[1]/profileDesc[1]/settingDesc[1]/listPlace[1]/place[115]::23","PLACE","","","","","","","UNVERIFIED","","","",""
"d38ebdff-bb4e-4e1d-85d2-e1de381725c6","dorvm6vtatvrtt.tei.xml","Tricensimum","from=/TEI[1]/teiHeader[1]/profileDesc[1]/settingDesc[1]/listPlace[1]/place[116]::15;to=/TEI[1]/teiHeader[1]/profileDesc[1]/settingDesc[1]/listPlace[1]/place[116]::26","PLACE","","","","","","","UNVERIFIED","","","",""
"06fa7f4f-7149-40e2-83a5-21a461589950","dorvm6vtatvrtt.tei.xml","Vanesia","from=/TEI[1]/teiHeader[1]/profileDesc[1]/settingDesc[1]/listPlace[1]/place[117]::15;to=/TEI[1]/teiHeader[1]/profileDesc[1]/settingDesc[1]/listPlace[1]/place[117]::22","PLACE","","","","","","","UNVERIFIED","","","",""
"f2af99fd-66a2-4f35-9511-1d004ec57e5a","dorvm6vtatvrtt.tei.xml","Hungunverro","from=/TEI[1]/teiHeader[1]/profileDesc[1]/settingDesc[1]/listPlace[1]/place[118]::15;to=/TEI[1]/teiHeader[1]/profileDesc[1]/settingDesc[1]/listPlace[1]/place[118]::26","PLACE","","","","","","","UNVERIFIED","","","",""
"a6da469e-fce5-47f6-a956-b7a9162178f3","dorvm6vtatvrtt.tei.xml","Ierusalem/Hierosolyma/Col. Aelia Capitolina","from=/TEI[1]/teiHeader[1]/profileDesc[1]/settingDesc[1]/listPlace[1]/place[119]::15;to=/TEI[1]/teiHeader[1]/profileDesc[1]/settingDesc[1]/listPlace[1]/place[119]::58","PLACE","","","","","","","UNVERIFIED","","","",""
"dca03c22-8cb6-4d91-9201-6f6cf16eb6f8","dorvm6vtatvrtt.tei.xml","Athyras","from=/TEI[1]/teiHeader[1]/profileDesc[1]/settingDesc[1]/listPlace[1]/place[120]::15;to=/TEI[1]/teiHeader[1]/profileDesc[1]/settingDesc[1]/listPlace[1]/place[120]::22","PLACE","","","","","","","UNVERIFIED","","","",""
"0e3497b9-ba3a-4be0-ac61-5d1e7598d177","dorvm6vtatvrtt.tei.xml","Scretisca","from=/TEI[1]/teiHeader[1]/profileDesc[1]/settingDesc[1]/listPlace[1]/place[121]::15;to=/TEI[1]/teiHeader[1]/profileDesc[1]/settingDesc[1]/listPlace[1]/place[121]::24","PLACE","","","","","","","UNVERIFIED","","","",""
"efedb006-3e5f-4b81-98e8-69cb8c30c146","dorvm6vtatvrtt.tei.xml","Ad Nonum","from=/TEI[1]/teiHeader[1]/profileDesc[1]/settingDesc[1]/listPlace[1]/place[122]::15;to=/TEI[1]/teiHeader[1]/profileDesc[1]/settingDesc[1]/listPlace[1]/place[122]::23","PLACE","","","","","","","UNVERIFIED","","","",""
"c7c8edfc-696a-4f13-b458-7e7f5eaa4963","dorvm6vtatvrtt.tei.xml","Castra Iarba","from=/TEI[1]/teiHeader[1]/profileDesc[1]/settingDesc[1]/listPlace[1]/place[123]::15;to=/TEI[1]/teiHeader[1]/profileDesc[1]/settingDesc[1]/listPlace[1]/place[123]::27","PLACE","","","","","","","UNVERIFIED","","","",""
"70221838-8674-43e1-adff-3c0233867d5a","dorvm6vtatvrtt.tei.xml","Dacia","from=/TEI[1]/teiHeader[1]/profileDesc[1]/settingDesc[1]/listPlace[1]/place[124]::15;to=/TEI[1]/teiHeader[1]/profileDesc[1]/settingDesc[1]/listPlace[1]/place[124]::20","PLACE","","","","","","","UNVERIFIED","","","",""
"049cea0d-b1c1-47b8-9c96-a7e6cdf01af7","dorvm6vtatvrtt.tei.xml","Serota","from=/TEI[1]/teiHeader[1]/profileDesc[1]/settingDesc[1]/listPlace[1]/place[125]::15;to=/TEI[1]/teiHeader[1]/profileDesc[1]/settingDesc[1]/listPlace[1]/place[125]::21","PLACE","","","","","","","UNVERIFIED","","","",""
"2c86d151-0d22-40a4-8581-fa846b6117d5","dorvm6vtatvrtt.tei.xml","Meldia","from=/TEI[1]/teiHeader[1]/profileDesc[1]/settingDesc[1]/listPlace[1]/place[126]::15;to=/TEI[1]/teiHeader[1]/profileDesc[1]/settingDesc[1]/listPlace[1]/place[126]::21","PLACE","","","","","","","UNVERIFIED","","","",""
"a4752dc1-ac25-4ad0-9d57-c263afde1161","dorvm6vtatvrtt.tei.xml","*Radices","from=/TEI[1]/teiHeader[1]/profileDesc[1]/settingDesc[1]/listPlace[1]/place[127]::15;to=/TEI[1]/teiHeader[1]/profileDesc[1]/settingDesc[1]/listPlace[1]/place[127]::23","PLACE","","","","","","","UNVERIFIED","","","",""
"03cd0570-9d7b-4933-8da8-85239066526a","dorvm6vtatvrtt.tei.xml","Aulon","from=/TEI[1]/teiHeader[1]/profileDesc[1]/settingDesc[1]/listPlace[1]/place[128]::15;to=/TEI[1]/teiHeader[1]/profileDesc[1]/settingDesc[1]/listPlace[1]/place[128]::20","PLACE","","","","","","","UNVERIFIED","","","",""
"7e6e8d55-aaa6-4886-9bea-184b4c51925d","dorvm6vtatvrtt.tei.xml","Carbantia/Ad Medias","from=/TEI[1]/teiHeader[1]/profileDesc[1]/settingDesc[1]/listPlace[1]/place[129]::15;to=/TEI[1]/teiHeader[1]/profileDesc[1]/settingDesc[1]/listPlace[1]/place[129]::34","PLACE","","","","","","","UNVERIFIED","","","",""
"e9404fa5-4675-4ab0-8aae-7b2819a54ff6","dorvm6vtatvrtt.tei.xml","Tetellus","from=/TEI[1]/teiHeader[1]/profileDesc[1]/settingDesc[1]/listPlace[1]/place[130]::15;to=/TEI[1]/teiHeader[1]/profileDesc[1]/settingDesc[1]/listPlace[1]/place[130]::23","PLACE","","","","","","","UNVERIFIED","","","",""
"502ba3af-8799-4b67-8fc1-490619a8577d","dorvm6vtatvrtt.tei.xml","Pons Ucasi","from=/TEI[1]/teiHeader[1]/profileDesc[1]/settingDesc[1]/listPlace[1]/place[131]::15;to=/TEI[1]/teiHeader[1]/profileDesc[1]/settingDesc[1]/listPlace[1]/place[131]::25","PLACE","","","","","","","UNVERIFIED","","","",""
"14c80cf8-71a2-4b4a-8ca6-ece4c782a89c","dorvm6vtatvrtt.tei.xml","Ekdippa","from=/TEI[1]/teiHeader[1]/profileDesc[1]/settingDesc[1]/listPlace[1]/place[132]::15;to=/TEI[1]/teiHeader[1]/profileDesc[1]/settingDesc[1]/listPlace[1]/place[132]::22","PLACE","","","","","","","UNVERIFIED","","","",""
"ee22775f-aeb8-45b6-a7a0-516aa53fc6f8","dorvm6vtatvrtt.tei.xml","Balanea/Leukas","from=/TEI[1]/teiHeader[1]/profileDesc[1]/settingDesc[1]/listPlace[1]/place[133]::15;to=/TEI[1]/teiHeader[1]/profileDesc[1]/settingDesc[1]/listPlace[1]/place[133]::29","PLACE","","","","","","","UNVERIFIED","","","",""
"e868cae1-ccc9-4300-aa0e-88aee11b2ea4","dorvm6vtatvrtt.tei.xml","Ad XII/Meduacus Maior","from=/TEI[1]/teiHeader[1]/profileDesc[1]/settingDesc[1]/listPlace[1]/place[134]::15;to=/TEI[1]/teiHeader[1]/profileDesc[1]/settingDesc[1]/listPlace[1]/place[134]::36","PLACE","","","","","","","UNVERIFIED","","","",""
"a066c532-4171-46e0-82f0-2c64bf42dcac","dorvm6vtatvrtt.tei.xml","Daunion Teichos","from=/TEI[1]/teiHeader[1]/profileDesc[1]/settingDesc[1]/listPlace[1]/place[135]::15;to=/TEI[1]/teiHeader[1]/profileDesc[1]/settingDesc[1]/listPlace[1]/place[135]::30","PLACE","","","","","","","UNVERIFIED","","","",""
"6c108723-676f-4d53-8c99-75b37f2ce70d","dorvm6vtatvrtt.tei.xml","Mopsou(h)estia/Seleukeia pros to Pyramo","from=/TEI[1]/teiHeader[1]/profileDesc[1]/settingDesc[1]/listPlace[1]/place[136]::15;to=/TEI[1]/teiHeader[1]/profileDesc[1]/settingDesc[1]/listPlace[1]/place[136]::54","PLACE","","","","","","","UNVERIFIED","","","",""
"87876763-a43e-4c60-9d51-691d3b84a4f5","dorvm6vtatvrtt.tei.xml","Margum","from=/TEI[1]/teiHeader[1]/profileDesc[1]/settingDesc[1]/listPlace[1]/place[137]::15;to=/TEI[1]/teiHeader[1]/profileDesc[1]/settingDesc[1]/listPlace[1]/place[137]::21","PLACE","","","","","","","UNVERIFIED","","","",""
"c9c70cd2-6043-4ee8-9473-3f408e62f881","dorvm6vtatvrtt.tei.xml","Sychem","from=/TEI[1]/teiHeader[1]/profileDesc[1]/settingDesc[1]/listPlace[1]/place[138]::15;to=/TEI[1]/teiHeader[1]/profileDesc[1]/settingDesc[1]/listPlace[1]/place[138]::21","PLACE","","","","","","","UNVERIFIED","","","",""
"b965af07-fc3d-4d66-9890-87f0390f5964","dorvm6vtatvrtt.tei.xml","Parnassos","from=/TEI[1]/teiHeader[1]/profileDesc[1]/settingDesc[1]/listPlace[1]/place[139]::15;to=/TEI[1]/teiHeader[1]/profileDesc[1]/settingDesc[1]/listPlace[1]/place[139]::24","PLACE","","","","","","","UNVERIFIED","","","",""
"c0eade38-1c8f-4a4d-be04-a6120a7d1fd7","dorvm6vtatvrtt.tei.xml","Thracia (province)","from=/TEI[1]/teiHeader[1]/profileDesc[1]/settingDesc[1]/listPlace[1]/place[140]::15;to=/TEI[1]/teiHeader[1]/profileDesc[1]/settingDesc[1]/listPlace[1]/place[140]::33","PLACE","","","","","","","UNVERIFIED","","","",""
"9cc5c649-37e8-49a4-ba66-810f4511c3ce","dorvm6vtatvrtt.tei.xml","‘Protunica’","from=/TEI[1]/teiHeader[1]/profileDesc[1]/settingDesc[1]/listPlace[1]/place[141]::15;to=/TEI[1]/teiHeader[1]/profileDesc[1]/settingDesc[1]/listPlace[1]/place[141]::26","PLACE","","","","","","","UNVERIFIED","","","",""
"33bdd158-5138-467f-bde1-b81db155bcce","dorvm6vtatvrtt.tei.xml","Ad Vicesimum","from=/TEI[1]/teiHeader[1]/profileDesc[1]/settingDesc[1]/listPlace[1]/place[142]::15;to=/TEI[1]/teiHeader[1]/profileDesc[1]/settingDesc[1]/listPlace[1]/place[142]::27","PLACE","","","","","","","UNVERIFIED","","","",""
"26682c24-5d27-461b-8f5a-c332889e6a80","dorvm6vtatvrtt.tei.xml","Singidunum","from=/TEI[1]/teiHeader[1]/profileDesc[1]/settingDesc[1]/listPlace[1]/place[143]::15;to=/TEI[1]/teiHeader[1]/profileDesc[1]/settingDesc[1]/listPlace[1]/place[143]::25","PLACE","","","","","","","UNVERIFIED","","","",""
"c162a5cb-c230-4192-b43f-4ed495bc2317","dorvm6vtatvrtt.tei.xml","Trieres","from=/TEI[1]/teiHeader[1]/profileDesc[1]/settingDesc[1]/listPlace[1]/place[144]::15;to=/TEI[1]/teiHeader[1]/profileDesc[1]/settingDesc[1]/listPlace[1]/place[144]::22","PLACE","","","","","","","UNVERIFIED","","","",""
"d67b7124-68fe-4654-bbe8-e5d5a1b1d565","dorvm6vtatvrtt.tei.xml","Cenaxis Palus","from=/TEI[1]/teiHeader[1]/profileDesc[1]/settingDesc[1]/listPlace[1]/place[145]::15;to=/TEI[1]/teiHeader[1]/profileDesc[1]/settingDesc[1]/listPlace[1]/place[145]::28","PLACE","","","","","","","UNVERIFIED","","","",""
"2e2ca7b5-0904-4dfd-8848-a0061a62d13f","dorvm6vtatvrtt.tei.xml","Carcas(s)o/Col. Iulia","from=/TEI[1]/teiHeader[1]/profileDesc[1]/settingDesc[1]/listPlace[1]/place[146]::15;to=/TEI[1]/teiHeader[1]/profileDesc[1]/settingDesc[1]/listPlace[1]/place[146]::36","PLACE","","","","","","","UNVERIFIED","","","",""
"81e76a5d-ae61-42d1-9d84-dffac9b31258","dorvm6vtatvrtt.tei.xml","‘Urisio’","from=/TEI[1]/teiHeader[1]/profileDesc[1]/settingDesc[1]/listPlace[1]/place[147]::15;to=/TEI[1]/teiHeader[1]/profileDesc[1]/settingDesc[1]/listPlace[1]/place[147]::23","PLACE","","","","","","","UNVERIFIED","","","",""
"dd4b171f-6ca8-448f-9aa7-e853557da1bc","dorvm6vtatvrtt.tei.xml","Sidon/Col. Aurelia Pia","from=/TEI[1]/teiHeader[1]/profileDesc[1]/settingDesc[1]/listPlace[1]/place[148]::15;to=/TEI[1]/teiHeader[1]/profileDesc[1]/settingDesc[1]/listPlace[1]/place[148]::37","PLACE","","","","","","","UNVERIFIED","","","",""
"c5bff148-b0cc-41e4-8dc6-48d9dc9b3d95","dorvm6vtatvrtt.tei.xml","Iovis Pagus","from=/TEI[1]/teiHeader[1]/profileDesc[1]/settingDesc[1]/listPlace[1]/place[149]::15;to=/TEI[1]/teiHeader[1]/profileDesc[1]/settingDesc[1]/listPlace[1]/place[149]::26","PLACE","","","","","","","UNVERIFIED","","","",""
"21d43177-8b27-40b7-a5bb-b7fc0d9aaf37","dorvm6vtatvrtt.tei.xml","‘Cocconis’","from=/TEI[1]/teiHeader[1]/profileDesc[1]/settingDesc[1]/listPlace[1]/place[150]::15;to=/TEI[1]/teiHeader[1]/profileDesc[1]/settingDesc[1]/listPlace[1]/place[150]::25","PLACE","","","","","","","UNVERIFIED","","","",""
"08034b07-5d4b-4529-8652-672be4babf04","dorvm6vtatvrtt.tei.xml","Ad Finem","from=/TEI[1]/teiHeader[1]/profileDesc[1]/settingDesc[1]/listPlace[1]/place[151]::15;to=/TEI[1]/teiHeader[1]/profileDesc[1]/settingDesc[1]/listPlace[1]/place[151]::23","PLACE","","","","","","","UNVERIFIED","","","",""
"323cc25b-076a-4b0d-8d9b-97ff9274a4d9","dorvm6vtatvrtt.tei.xml","Constantinopolis","from=/TEI[1]/teiHeader[1]/profileDesc[1]/settingDesc[1]/listPlace[1]/place[152]::15;to=/TEI[1]/teiHeader[1]/profileDesc[1]/settingDesc[1]/listPlace[1]/place[152]::31","PLACE","","","","","","","UNVERIFIED","","","",""
"361cb95d-b75e-4475-b103-b1e74deb7649","dorvm6vtatvrtt.tei.xml","‘Noviciani’","from=/TEI[1]/teiHeader[1]/profileDesc[1]/settingDesc[1]/listPlace[1]/place[153]::15;to=/TEI[1]/teiHeader[1]/profileDesc[1]/settingDesc[1]/listPlace[1]/place[153]::26","PLACE","","","","","","","UNVERIFIED","","","",""
"7452dab5-8b01-43fb-8982-be9035af035c","dorvm6vtatvrtt.tei.xml","‘Transmonte’","from=/TEI[1]/teiHeader[1]/profileDesc[1]/settingDesc[1]/listPlace[1]/place[154]::15;to=/TEI[1]/teiHeader[1]/profileDesc[1]/settingDesc[1]/listPlace[1]/place[154]::27","PLACE","","","","","","","UNVERIFIED","","","",""
"2de750ae-d177-43d9-898e-ebe15cd62054","dorvm6vtatvrtt.tei.xml","Ad Undecimum 2","from=/TEI[1]/teiHeader[1]/profileDesc[1]/settingDesc[1]/listPlace[1]/place[155]::15;to=/TEI[1]/teiHeader[1]/profileDesc[1]/settingDesc[1]/listPlace[1]/place[155]::29","PLACE","","","","","","","UNVERIFIED","","","",""
"edf46104-a693-4d6a-933a-33604b5784f0","dorvm6vtatvrtt.tei.xml","Platanoi/‘Pictanus’","from=/TEI[1]/teiHeader[1]/profileDesc[1]/settingDesc[1]/listPlace[1]/place[156]::15;to=/TEI[1]/teiHeader[1]/profileDesc[1]/settingDesc[1]/listPlace[1]/place[156]::34","PLACE","","","","","","","UNVERIFIED","","","",""
"3ea97fde-60e3-4abf-8e69-a158bb795878","dorvm6vtatvrtt.tei.xml","Aquileia","from=/TEI[1]/teiHeader[1]/profileDesc[1]/settingDesc[1]/listPlace[1]/place[157]::15;to=/TEI[1]/teiHeader[1]/profileDesc[1]/settingDesc[1]/listPlace[1]/place[157]::23","PLACE","","","","","","","UNVERIFIED","","","",""
"7ec2b95b-9d93-4e7b-baf1-6356c097c1c6","dorvm6vtatvrtt.tei.xml","Tricornium","from=/TEI[1]/teiHeader[1]/profileDesc[1]/settingDesc[1]/listPlace[1]/place[158]::15;to=/TEI[1]/teiHeader[1]/profileDesc[1]/settingDesc[1]/listPlace[1]/place[158]::25","PLACE","","","","","","","UNVERIFIED","","","",""
"0efaf669-de9e-409e-8fa6-ae9d4afefbda","dorvm6vtatvrtt.tei.xml","Aqua Viva","from=/TEI[1]/teiHeader[1]/profileDesc[1]/settingDesc[1]/listPlace[1]/place[159]::15;to=/TEI[1]/teiHeader[1]/profileDesc[1]/settingDesc[1]/listPlace[1]/place[159]::24","PLACE","","","","","","","UNVERIFIED","","","",""
"2db16085-c144-4a1a-8acd-2df090825586","dorvm6vtatvrtt.tei.xml","Philippopolis/Trimontium","from=/TEI[1]/teiHeader[1]/profileDesc[1]/settingDesc[1]/listPlace[1]/place[160]::15;to=/TEI[1]/teiHeader[1]/profileDesc[1]/settingDesc[1]/listPlace[1]/place[160]::39","PLACE","","","","","","","UNVERIFIED","","","",""
"5459db98-f951-494c-8bb9-28347e3e02d2","dorvm6vtatvrtt.tei.xml","Syria (Roman imperial province)","from=/TEI[1]/teiHeader[1]/profileDesc[1]/settingDesc[1]/listPlace[1]/place[161]::15;to=/TEI[1]/teiHeader[1]/profileDesc[1]/settingDesc[1]/listPlace[1]/place[161]::46","PLACE","","","","","","","UNVERIFIED","","","",""
"4beec246-152d-4799-b8f1-6b1eb7d3bf8d","dorvm6vtatvrtt.tei.xml","Auraei","from=/TEI[1]/teiHeader[1]/profileDesc[1]/settingDesc[1]/listPlace[1]/place[162]::15;to=/TEI[1]/teiHeader[1]/profileDesc[1]/settingDesc[1]/listPlace[1]/place[162]::21","PLACE","","","","","","","UNVERIFIED","","","",""
"b3965356-1844-4235-9b27-38c61af576df","dorvm6vtatvrtt.tei.xml","Cadianum","from=/TEI[1]/teiHeader[1]/profileDesc[1]/settingDesc[1]/listPlace[1]/place[163]::15;to=/TEI[1]/teiHeader[1]/profileDesc[1]/settingDesc[1]/listPlace[1]/place[163]::23","PLACE","","","","","","","UNVERIFIED","","","",""
"6e716d75-0ae3-496b-a2a6-31fdefa1d245","dorvm6vtatvrtt.tei.xml","Usuerva","from=/TEI[1]/teiHeader[1]/profileDesc[1]/settingDesc[1]/listPlace[1]/place[164]::15;to=/TEI[1]/teiHeader[1]/profileDesc[1]/settingDesc[1]/listPlace[1]/place[164]::22","PLACE","","","","","","","UNVERIFIED","","","",""
"7584db81-4c08-407d-877d-d2d7126f825a","dorvm6vtatvrtt.tei.xml","‘Ulmo’","from=/TEI[1]/teiHeader[1]/profileDesc[1]/settingDesc[1]/listPlace[1]/place[165]::15;to=/TEI[1]/teiHeader[1]/profileDesc[1]/settingDesc[1]/listPlace[1]/place[165]::21","PLACE","","","","","","","UNVERIFIED","","","",""
"941be695-7dc4-42f9-852a-b14d4b647f69","dorvm6vtatvrtt.tei.xml","Alexandroschene","from=/TEI[1]/teiHeader[1]/profileDesc[1]/settingDesc[1]/listPlace[1]/place[166]::15;to=/TEI[1]/teiHeader[1]/profileDesc[1]/settingDesc[1]/listPlace[1]/place[166]::30","PLACE","","","","","","","UNVERIFIED","","","",""
"b48b8e47-8405-4351-80b2-3045e1445fa3","dorvm6vtatvrtt.tei.xml","Ma(m)psoukrenai","from=/TEI[1]/teiHeader[1]/profileDesc[1]/settingDesc[1]/listPlace[1]/place[167]::15;to=/TEI[1]/teiHeader[1]/profileDesc[1]/settingDesc[1]/listPlace[1]/place[167]::30","PLACE","","","","","","","UNVERIFIED","","","",""
"64bfc6f8-0f96-4d5a-90fb-38e38600e130","dorvm6vtatvrtt.tei.xml","‘Liada’","from=/TEI[1]/teiHeader[1]/profileDesc[1]/settingDesc[1]/listPlace[1]/place[168]::15;to=/TEI[1]/teiHeader[1]/profileDesc[1]/settingDesc[1]/listPlace[1]/place[168]::22","PLACE","","","","","","","UNVERIFIED","","","",""
"c8a156ec-cf82-4650-b999-630765aa9db6","dorvm6vtatvrtt.tei.xml","Ad X","from=/TEI[1]/teiHeader[1]/profileDesc[1]/settingDesc[1]/listPlace[1]/place[169]::15;to=/TEI[1]/teiHeader[1]/profileDesc[1]/settingDesc[1]/listPlace[1]/place[169]::19","PLACE","","","","","","","UNVERIFIED","","","",""
"07b471ed-0368-42d5-95c5-8f665f05341d","dorvm6vtatvrtt.tei.xml","Sykamina","from=/TEI[1]/teiHeader[1]/profileDesc[1]/settingDesc[1]/listPlace[1]/place[170]::15;to=/TEI[1]/teiHeader[1]/profileDesc[1]/settingDesc[1]/listPlace[1]/place[170]::23","PLACE","","","","","","","UNVERIFIED","","","",""
"951d1dfa-8d18-438e-a7cf-8b682a915cd0","dorvm6vtatvrtt.tei.xml","‘Nassete’","from=/TEI[1]/teiHeader[1]/profileDesc[1]/settingDesc[1]/listPlace[1]/place[171]::15;to=/TEI[1]/teiHeader[1]/profileDesc[1]/settingDesc[1]/listPlace[1]/place[171]::24","PLACE","","","","","","","UNVERIFIED","","","",""
"60e32a8d-98b8-4713-a37d-204f8b82d695","dorvm6vtatvrtt.tei.xml","‘Vereis’","from=/TEI[1]/teiHeader[1]/profileDesc[1]/settingDesc[1]/listPlace[1]/place[172]::15;to=/TEI[1]/teiHeader[1]/profileDesc[1]/settingDesc[1]/listPlace[1]/place[172]::23","PLACE","","","","","","","UNVERIFIED","","","",""
"11edb997-1786-4161-b32a-264106cf86e4","dorvm6vtatvrtt.tei.xml","Iovalia","from=/TEI[1]/teiHeader[1]/profileDesc[1]/settingDesc[1]/listPlace[1]/place[173]::15;to=/TEI[1]/teiHeader[1]/profileDesc[1]/settingDesc[1]/listPlace[1]/place[173]::22","PLACE","","","","","","","UNVERIFIED","","","",""
"fb3a62ec-4c26-492d-8e9a-73a61dbe60d0","dorvm6vtatvrtt.tei.xml","Serena?","from=/TEI[1]/teiHeader[1]/profileDesc[1]/settingDesc[1]/listPlace[1]/place[174]::15;to=/TEI[1]/teiHeader[1]/profileDesc[1]/settingDesc[1]/listPlace[1]/place[174]::22","PLACE","","","","","","","UNVERIFIED","","","",""
"82bf71ce-6657-45b9-b507-53c7e8ba6956","dorvm6vtatvrtt.tei.xml","Cilicia","from=/TEI[1]/teiHeader[1]/profileDesc[1]/settingDesc[1]/listPlace[1]/place[175]::15;to=/TEI[1]/teiHeader[1]/profileDesc[1]/settingDesc[1]/listPlace[1]/place[175]::22","PLACE","","","","","","","UNVERIFIED","","","",""
"b9b9feaa-bd26-4e06-8615-52195de5e975","dorvm6vtatvrtt.tei.xml","Aspona","from=/TEI[1]/teiHeader[1]/profileDesc[1]/settingDesc[1]/listPlace[1]/place[176]::15;to=/TEI[1]/teiHeader[1]/profileDesc[1]/settingDesc[1]/listPlace[1]/place[176]::21","PLACE","","","","","","","UNVERIFIED","","","",""
"d8a50e55-f7ac-4220-8d11-2b208d741dbc","dorvm6vtatvrtt.tei.xml","Galatia","from=/TEI[1]/teiHeader[1]/profileDesc[1]/settingDesc[1]/listPlace[1]/place[177]::15;to=/TEI[1]/teiHeader[1]/profileDesc[1]/settingDesc[1]/listPlace[1]/place[177]::22","PLACE","","","","","","","UNVERIFIED","","","",""
"4eeb4bf1-9d04-4ac5-85a2-f4b3c77bccc4","dorvm6vtatvrtt.tei.xml","Rigomagus","from=/TEI[1]/teiHeader[1]/profileDesc[1]/settingDesc[1]/listPlace[1]/place[178]::15;to=/TEI[1]/teiHeader[1]/profileDesc[1]/settingDesc[1]/listPlace[1]/place[178]::24","PLACE","","","","","","","UNVERIFIED","","","",""
"f3ee46b6-1fde-43fc-ab06-91c417de9168","dorvm6vtatvrtt.tei.xml","Ad X","from=/TEI[1]/teiHeader[1]/profileDesc[1]/settingDesc[1]/listPlace[1]/place[179]::15;to=/TEI[1]/teiHeader[1]/profileDesc[1]/settingDesc[1]/listPlace[1]/place[179]::19","PLACE","","","","","","","UNVERIFIED","","","",""
"f6332982-bf9c-43ea-a539-c6391f174185","dorvm6vtatvrtt.tei.xml","Stomatas","from=/TEI[1]/teiHeader[1]/profileDesc[1]/settingDesc[1]/listPlace[1]/place[180]::15;to=/TEI[1]/teiHeader[1]/profileDesc[1]/settingDesc[1]/listPlace[1]/place[180]::23","PLACE","","","","","","","UNVERIFIED","","","",""
"4300246e-6e0f-4fab-ab2a-b931c75c8928","dorvm6vtatvrtt.tei.xml","Ake/Ptolemais","from=/TEI[1]/teiHeader[1]/profileDesc[1]/settingDesc[1]/listPlace[1]/place[181]::15;to=/TEI[1]/teiHeader[1]/profileDesc[1]/settingDesc[1]/listPlace[1]/place[181]::28","PLACE","","","","","","","UNVERIFIED","","","",""
"c8fbe424-8b46-4315-838f-1e6172cccad3","dorvm6vtatvrtt.tei.xml","Horreum Margi","from=/TEI[1]/teiHeader[1]/profileDesc[1]/settingDesc[1]/listPlace[1]/place[182]::15;to=/TEI[1]/teiHeader[1]/profileDesc[1]/settingDesc[1]/listPlace[1]/place[182]::28","PLACE","","","","","","","UNVERIFIED","","","",""
"f44af439-f553-4bc2-83f6-a83a69bb3ccc","dorvm6vtatvrtt.tei.xml","Eburodunum","from=/TEI[1]/teiHeader[1]/profileDesc[1]/settingDesc[1]/listPlace[1]/place[183]::15;to=/TEI[1]/teiHeader[1]/profileDesc[1]/settingDesc[1]/listPlace[1]/place[183]::25","PLACE","","","","","","","UNVERIFIED","","","",""
"caab3380-89e9-44cd-92e3-cb36fdbe2356","dorvm6vtatvrtt.tei.xml","Adana/Antiochia ad Sarum","from=/TEI[1]/teiHeader[1]/profileDesc[1]/settingDesc[1]/listPlace[1]/place[184]::15;to=/TEI[1]/teiHeader[1]/profileDesc[1]/settingDesc[1]/listPlace[1]/place[184]::39","PLACE","","","","","","","UNVERIFIED","","","",""
"b71dd39e-aa2d-43cd-8dca-863018188f57","dorvm6vtatvrtt.tei.xml","Orsologiakos/Rosolodiacus","from=/TEI[1]/teiHeader[1]/profileDesc[1]/settingDesc[1]/listPlace[1]/place[185]::15;to=/TEI[1]/teiHeader[1]/profileDesc[1]/settingDesc[1]/listPlace[1]/place[185]::40","PLACE","","","","","","","UNVERIFIED","","","",""
"eadbb478-5136-40de-8e12-e73ed80c7421","dorvm6vtatvrtt.tei.xml","Vologatae","from=/TEI[1]/teiHeader[1]/profileDesc[1]/settingDesc[1]/listPlace[1]/place[186]::15;to=/TEI[1]/teiHeader[1]/profileDesc[1]/settingDesc[1]/listPlace[1]/place[186]::24","PLACE","","","","","","","UNVERIFIED","","","",""
"bdc903ea-05fd-4147-bafa-376cfdf8b52b","dorvm6vtatvrtt.tei.xml","Sernota","from=/TEI[1]/teiHeader[1]/profileDesc[1]/settingDesc[1]/listPlace[1]/place[187]::15;to=/TEI[1]/teiHeader[1]/profileDesc[1]/settingDesc[1]/listPlace[1]/place[187]::22","PLACE","","","","","","","UNVERIFIED","","","",""
"68d5b458-2c46-46a2-a66a-e4917556de19","dorvm6vtatvrtt.tei.xml","Hydatos Potamoi/Seleukeia Pieria","from=/TEI[1]/teiHeader[1]/profileDesc[1]/settingDesc[1]/listPlace[1]/place[188]::15;to=/TEI[1]/teiHeader[1]/profileDesc[1]/settingDesc[1]/listPlace[1]/place[188]::47","PLACE","","","","","","","UNVERIFIED","","","",""
"55027e24-3c38-450c-bead-29e0c16cabdd","dorvm6vtatvrtt.tei.xml","Col. Baeterrae","from=/TEI[1]/teiHeader[1]/profileDesc[1]/settingDesc[1]/listPlace[1]/place[189]::15;to=/TEI[1]/teiHeader[1]/profileDesc[1]/settingDesc[1]/listPlace[1]/place[189]::29","PLACE","","","","","","","UNVERIFIED","","","",""
"f208b007-1673-4205-ba03-2c352a357977","dorvm6vtatvrtt.tei.xml","Iudaea","from=/TEI[1]/teiHeader[1]/profileDesc[1]/settingDesc[1]/listPlace[1]/place[190]::15;to=/TEI[1]/teiHeader[1]/profileDesc[1]/settingDesc[1]/listPlace[1]/place[190]::21","PLACE","","","","","","","UNVERIFIED","","","",""
"3d7028ab-f787-4823-bcf5-f0c7a0d22307","dorvm6vtatvrtt.tei.xml","‘Lentulis’","from=/TEI[1]/teiHeader[1]/profileDesc[1]/settingDesc[1]/listPlace[1]/place[191]::15;to=/TEI[1]/teiHeader[1]/profileDesc[1]/settingDesc[1]/listPlace[1]/place[191]::25","PLACE","","","","","","","UNVERIFIED","","","",""
"67a12af0-e8c4-4735-91ee-8ee9ae0d3c7f","dorvm6vtatvrtt.tei.xml","Akousion/Acunum","from=/TEI[1]/teiHeader[1]/profileDesc[1]/settingDesc[1]/listPlace[1]/place[192]::15;to=/TEI[1]/teiHeader[1]/profileDesc[1]/settingDesc[1]/listPlace[1]/place[192]::30","PLACE","","","","","","","UNVERIFIED","","","",""
"4eeafaaf-95f3-4d66-8bc4-c9484ad35482","dorvm6vtatvrtt.tei.xml","Ad IX","from=/TEI[1]/teiHeader[1]/profileDesc[1]/settingDesc[1]/listPlace[1]/place[193]::15;to=/TEI[1]/teiHeader[1]/profileDesc[1]/settingDesc[1]/listPlace[1]/place[193]::20","PLACE","","","","","","","UNVERIFIED","","","",""
"2cedbaca-f25c-4f25-8b1e-2aa59b159960","dorvm6vtatvrtt.tei.xml","Iovia","from=/TEI[1]/teiHeader[1]/profileDesc[1]/settingDesc[1]/listPlace[1]/place[194]::15;to=/TEI[1]/teiHeader[1]/profileDesc[1]/settingDesc[1]/listPlace[1]/place[194]::20","PLACE","","","","","","","UNVERIFIED","","","",""
"a8c28d3c-6502-47ce-ab51-c1537a8ec99d","dorvm6vtatvrtt.tei.xml","‘Schinae’","from=/TEI[1]/teiHeader[1]/profileDesc[1]/settingDesc[1]/listPlace[1]/place[195]::15;to=/TEI[1]/teiHeader[1]/profileDesc[1]/settingDesc[1]/listPlace[1]/place[195]::24","PLACE","","","","","","","UNVERIFIED","","","",""
"58b4305b-fbe0-47d1-9805-eaf052c6ac1e","dorvm6vtatvrtt.tei.xml","Ancyra","from=/TEI[1]/teiHeader[1]/profileDesc[1]/settingDesc[1]/listPlace[1]/place[196]::15;to=/TEI[1]/teiHeader[1]/profileDesc[1]/settingDesc[1]/listPlace[1]/place[196]::21","PLACE","","","","","","","UNVERIFIED","","","",""
"9330cd1e-392a-4939-a6d7-32ceb7673b62","dorvm6vtatvrtt.tei.xml","Gabala","from=/TEI[1]/teiHeader[1]/profileDesc[1]/settingDesc[1]/listPlace[1]/place[197]::15;to=/TEI[1]/teiHeader[1]/profileDesc[1]/settingDesc[1]/listPlace[1]/place[197]::21","PLACE","","","","","","","UNVERIFIED","","","",""
"ed103188-a3a1-4a78-b898-e029719a0794","dorvm6vtatvrtt.tei.xml","Baiae","from=/TEI[1]/teiHeader[1]/profileDesc[1]/settingDesc[1]/listPlace[1]/place[198]::15;to=/TEI[1]/teiHeader[1]/profileDesc[1]/settingDesc[1]/listPlace[1]/place[198]::20","PLACE","","","","","","","UNVERIFIED","","","",""
"1f1fd352-a36c-4043-8ac4-c88d4c2fcf69","dorvm6vtatvrtt.tei.xml","Bithynia (region)","from=/TEI[1]/teiHeader[1]/profileDesc[1]/settingDesc[1]/listPlace[1]/place[199]::15;to=/TEI[1]/teiHeader[1]/profileDesc[1]/settingDesc[1]/listPlace[1]/place[199]::32","PLACE","","","","","","","UNVERIFIED","","","",""
"599bda5f-b645-42f5-943a-b3cbe4e4f0ee","dorvm6vtatvrtt.tei.xml","Dadastana","from=/TEI[1]/teiHeader[1]/profileDesc[1]/settingDesc[1]/listPlace[1]/place[200]::15;to=/TEI[1]/teiHeader[1]/profileDesc[1]/settingDesc[1]/listPlace[1]/place[200]::24","PLACE","","","","","","","UNVERIFIED","","","",""
"ab3c797a-3fd0-4e74-9443-eeee387a4c76","dorvm6vtatvrtt.tei.xml","Pannonia Superior (province)","from=/TEI[1]/teiHeader[1]/profileDesc[1]/settingDesc[1]/listPlace[1]/place[201]::15;to=/TEI[1]/teiHeader[1]/profileDesc[1]/settingDesc[1]/listPlace[1]/place[201]::43","PLACE","","","","","","","UNVERIFIED","","","",""
"fd449549-f104-4a06-b7bd-bccd0bfae502","dorvm6vtatvrtt.tei.xml","‘Tipaso’","from=/TEI[1]/teiHeader[1]/profileDesc[1]/settingDesc[1]/listPlace[1]/place[202]::15;to=/TEI[1]/teiHeader[1]/profileDesc[1]/settingDesc[1]/listPlace[1]/place[202]::23","PLACE","","","","","","","UNVERIFIED","","","",""
"87014ca9-6ac9-4ceb-86d5-0291311f2441","dorvm6vtatvrtt.tei.xml","Ad Octavum","from=/TEI[1]/teiHeader[1]/profileDesc[1]/settingDesc[1]/listPlace[1]/place[203]::15;to=/TEI[1]/teiHeader[1]/profileDesc[1]/settingDesc[1]/listPlace[1]/place[203]::25","PLACE","","","","","","","UNVERIFIED","","","",""
"3f791811-ff32-4d26-ad8f-0e142ef66636","dorvm6vtatvrtt.tei.xml","Libum","from=/TEI[1]/teiHeader[1]/profileDesc[1]/settingDesc[1]/listPlace[1]/place[204]::15;to=/TEI[1]/teiHeader[1]/profileDesc[1]/settingDesc[1]/listPlace[1]/place[204]::20","PLACE","","","","","","","UNVERIFIED","","","",""
"89031b21-6380-484e-9c98-cf99594c0284","dorvm6vtatvrtt.tei.xml","Praesidium Pompei","from=/TEI[1]/teiHeader[1]/profileDesc[1]/settingDesc[1]/listPlace[1]/place[205]::15;to=/TEI[1]/teiHeader[1]/profileDesc[1]/settingDesc[1]/listPlace[1]/place[205]::32","PLACE","","","","","","","UNVERIFIED","","","",""
"c1bad650-8225-4e42-b305-bd39ac3d6396","dorvm6vtatvrtt.tei.xml","Berg(o)ule/Arkadioupolis","from=/TEI[1]/teiHeader[1]/profileDesc[1]/settingDesc[1]/listPlace[1]/place[206]::15;to=/TEI[1]/teiHeader[1]/profileDesc[1]/settingDesc[1]/listPlace[1]/place[206]::39","PLACE","","","","","","","UNVERIFIED","","","",""
"cddf085f-a52f-4276-a79f-d8c2db6d606b","dorvm6vtatvrtt.tei.xml","Col. Narbo Martius","from=/TEI[1]/teiHeader[1]/profileDesc[1]/settingDesc[1]/listPlace[1]/place[207]::15;to=/TEI[1]/teiHeader[1]/profileDesc[1]/settingDesc[1]/listPlace[1]/place[207]::33","PLACE","","","","","","","UNVERIFIED","","","",""
"a59f1df1-e380-4191-816e-b814e44f9ec5","dorvm6vtatvrtt.tei.xml","Eribolon","from=/TEI[1]/teiHeader[1]/profileDesc[1]/settingDesc[1]/listPlace[1]/place[208]::15;to=/TEI[1]/teiHeader[1]/profileDesc[1]/settingDesc[1]/listPlace[1]/place[208]::23","PLACE","","","","","","","UNVERIFIED","","","",""
"aca139fd-26bd-44cf-aac4-0ca4b6802cd7","dorvm6vtatvrtt.tei.xml","Ad Martis","from=/TEI[1]/teiHeader[1]/profileDesc[1]/settingDesc[1]/listPlace[1]/place[209]::15;to=/TEI[1]/teiHeader[1]/profileDesc[1]/settingDesc[1]/listPlace[1]/place[209]::24","PLACE","","","","","","","UNVERIFIED","","","",""
"a17d2762-1b45-4fe9-a841-3b384d6f9adb","dorvm6vtatvrtt.tei.xml","Tattaios","from=/TEI[1]/teiHeader[1]/profileDesc[1]/settingDesc[1]/listPlace[1]/place[210]::15;to=/TEI[1]/teiHeader[1]/profileDesc[1]/settingDesc[1]/listPlace[1]/place[210]::23","PLACE","","","","","","","UNVERIFIED","","","",""
"3773a35c-9ff9-4db9-a14b-275d42254f1e","dorvm6vtatvrtt.tei.xml","Ad Fines","from=/TEI[1]/teiHeader[1]/profileDesc[1]/settingDesc[1]/listPlace[1]/place[211]::15;to=/TEI[1]/teiHeader[1]/profileDesc[1]/settingDesc[1]/listPlace[1]/place[211]::23","PLACE","","","","","","","UNVERIFIED","","","",""
"8d484a92-64a6-4fe4-a915-12601ef2992c","dorvm6vtatvrtt.tei.xml","Pargais","from=/TEI[1]/teiHeader[1]/profileDesc[1]/settingDesc[1]/listPlace[1]/place[212]::15;to=/TEI[1]/teiHeader[1]/profileDesc[1]/settingDesc[1]/listPlace[1]/place[212]::22","PLACE","","","","","","","UNVERIFIED","","","",""
"a7bd2e28-40f5-4bb4-b375-116fae0ee914","dorvm6vtatvrtt.tei.xml","Ad Lotodos","from=/TEI[1]/teiHeader[1]/profileDesc[1]/settingDesc[1]/listPlace[1]/place[213]::15;to=/TEI[1]/teiHeader[1]/profileDesc[1]/settingDesc[1]/listPlace[1]/place[213]::25","PLACE","","","","","","","UNVERIFIED","","","",""
"532b843d-ff19-446b-afc8-947da6f725aa","dorvm6vtatvrtt.tei.xml","Helice","from=/TEI[1]/teiHeader[1]/profileDesc[1]/settingDesc[1]/listPlace[1]/place[214]::15;to=/TEI[1]/teiHeader[1]/profileDesc[1]/settingDesc[1]/listPlace[1]/place[214]::21","PLACE","","","","","","","UNVERIFIED","","","",""
"bf7a8594-8927-4b4c-9fc5-07fec80b08c6","dorvm6vtatvrtt.tei.xml","Garsaura/Col. Claudia Archelais/Koloneia","from=/TEI[1]/teiHeader[1]/profileDesc[1]/settingDesc[1]/listPlace[1]/place[215]::15;to=/TEI[1]/teiHeader[1]/profileDesc[1]/settingDesc[1]/listPlace[1]/place[215]::55","PLACE","","","","","","","UNVERIFIED","","","",""
"8b9c90b5-8d8a-4f07-9d19-011e5c572482","dorvm6vtatvrtt.tei.xml","Col. Valentia","from=/TEI[1]/teiHeader[1]/profileDesc[1]/settingDesc[1]/listPlace[1]/place[216]::15;to=/TEI[1]/teiHeader[1]/profileDesc[1]/settingDesc[1]/listPlace[1]/place[216]::28","PLACE","","","","","","","UNVERIFIED","","","",""
"03177ee8-6f4a-49b0-88f4-674404554bcb","dorvm6vtatvrtt.tei.xml","Sirio","from=/TEI[1]/teiHeader[1]/profileDesc[1]/settingDesc[1]/listPlace[1]/place[217]::15;to=/TEI[1]/teiHeader[1]/profileDesc[1]/settingDesc[1]/listPlace[1]/place[217]::20","PLACE","","","","","","","UNVERIFIED","","","",""
"6f8c69c4-2b32-49a4-933e-b678a4007a73","dorvm6vtatvrtt.tei.xml","Pannonia","from=/TEI[1]/teiHeader[1]/profileDesc[1]/settingDesc[1]/listPlace[1]/place[218]::15;to=/TEI[1]/teiHeader[1]/profileDesc[1]/settingDesc[1]/listPlace[1]/place[218]::23","PLACE","","","","","","","UNVERIFIED","","","",""
"efe331b5-6c97-49cb-a265-a5412460bf69","dorvm6vtatvrtt.tei.xml","Ad Finem","from=/TEI[1]/teiHeader[1]/profileDesc[1]/settingDesc[1]/listPlace[1]/place[219]::15;to=/TEI[1]/teiHeader[1]/profileDesc[1]/settingDesc[1]/listPlace[1]/place[219]::23","PLACE","","","","","","","UNVERIFIED","","","",""
"c7167168-1006-4443-aba8-67190ed62c0e","dorvm6vtatvrtt.tei.xml","Galea","from=/TEI[1]/teiHeader[1]/profileDesc[1]/settingDesc[1]/listPlace[1]/place[220]::15;to=/TEI[1]/teiHeader[1]/profileDesc[1]/settingDesc[1]/listPlace[1]/place[220]::20","PLACE","","","","","","","UNVERIFIED","","","",""
"dcca09e4-9f59-47e7-8709-c445eb1e7b9b","dorvm6vtatvrtt.tei.xml","Tarsus/Antiochia ad Cydnum","from=/TEI[1]/teiHeader[1]/profileDesc[1]/settingDesc[1]/listPlace[1]/place[221]::15;to=/TEI[1]/teiHeader[1]/profileDesc[1]/settingDesc[1]/listPlace[1]/place[221]::41","PLACE","","","","","","","UNVERIFIED","","","",""
"abc814be-8eb6-410c-b8c4-c2d98d63ffb9","dorvm6vtatvrtt.tei.xml","Caturigomagus","from=/TEI[1]/teiHeader[1]/profileDesc[1]/settingDesc[1]/listPlace[1]/place[222]::15;to=/TEI[1]/teiHeader[1]/profileDesc[1]/settingDesc[1]/listPlace[1]/place[222]::28","PLACE","","","","","","","UNVERIFIED","","","",""
"cdedae6a-bbbc-4b6b-bb86-560dd32a6718","dorvm6vtatvrtt.tei.xml","Bolentia","from=/TEI[1]/teiHeader[1]/profileDesc[1]/settingDesc[1]/listPlace[1]/place[223]::15;to=/TEI[1]/teiHeader[1]/profileDesc[1]/settingDesc[1]/listPlace[1]/place[223]::23","PLACE","","","","","","","UNVERIFIED","","","",""
"d26823a1-b689-44ea-b197-c7fdddeeb1f4","dorvm6vtatvrtt.tei.xml","‘Cardono’/Iovia","from=/TEI[1]/teiHeader[1]/profileDesc[1]/settingDesc[1]/listPlace[1]/place[224]::15;to=/TEI[1]/teiHeader[1]/profileDesc[1]/settingDesc[1]/listPlace[1]/place[224]::30","PLACE","","","","","","","UNVERIFIED","","","",""
"7d31bbbd-6a98-46a4-ad66-3245d3f5c2ed","dorvm6vtatvrtt.tei.xml","Elimberrum","from=/TEI[1]/teiHeader[1]/profileDesc[1]/settingDesc[1]/listPlace[1]/place[225]::15;to=/TEI[1]/teiHeader[1]/profileDesc[1]/settingDesc[1]/listPlace[1]/place[225]::25","PLACE","","","","","","","UNVERIFIED","","","",""
"e9adee74-0d4f-4b5e-ab92-3452e08338cf","dorvm6vtatvrtt.tei.xml","‘Cametas’","from=/TEI[1]/teiHeader[1]/profileDesc[1]/settingDesc[1]/listPlace[1]/place[226]::15;to=/TEI[1]/teiHeader[1]/profileDesc[1]/settingDesc[1]/listPlace[1]/place[226]::24","PLACE","","","","","","","UNVERIFIED","","","",""
"33f58a37-bc15-45d5-8949-7ff43648fa32","dorvm6vtatvrtt.tei.xml","Lagania/Anastasioupolis","from=/TEI[1]/teiHeader[1]/profileDesc[1]/settingDesc[1]/listPlace[1]/place[227]::15;to=/TEI[1]/teiHeader[1]/profileDesc[1]/settingDesc[1]/listPlace[1]/place[227]::38","PLACE","","","","","","","UNVERIFIED","","","",""
"bf61888a-b2ea-4e6f-95a1-507101fd7088","dorvm6vtatvrtt.tei.xml","Palaestina","from=/TEI[1]/teiHeader[1]/profileDesc[1]/settingDesc[1]/listPlace[1]/place[228]::15;to=/TEI[1]/teiHeader[1]/profileDesc[1]/settingDesc[1]/listPlace[1]/place[228]::25","PLACE","","","","","","","UNVERIFIED","","","",""
"fc198012-7cd8-4784-8024-9fb996e2d6bd","dorvm6vtatvrtt.tei.xml","Berytus/Laodikeia en te Phoinike/Col. Iulia Augusta Felix","from=/TEI[1]/teiHeader[1]/profileDesc[1]/settingDesc[1]/listPlace[1]/place[229]::15;to=/TEI[1]/teiHeader[1]/profileDesc[1]/settingDesc[1]/listPlace[1]/place[229]::72","PLACE","","","","","","","UNVERIFIED","","","",""
"ab2ee170-e69e-4dce-829a-ab54d6c51d21","dorvm6vtatvrtt.tei.xml","Ad Sextum Miliarem","from=/TEI[1]/teiHeader[1]/profileDesc[1]/settingDesc[1]/listPlace[1]/place[230]::15;to=/TEI[1]/teiHeader[1]/profileDesc[1]/settingDesc[1]/listPlace[1]/place[230]::33","PLACE","","","","","","","UNVERIFIED","","","",""
"52b7fc34-d985-4744-b7d1-0ca8e00b0ce1","dorvm6vtatvrtt.tei.xml","Augusta","from=/TEI[1]/teiHeader[1]/profileDesc[1]/settingDesc[1]/listPlace[1]/place[231]::15;to=/TEI[1]/teiHeader[1]/profileDesc[1]/settingDesc[1]/listPlace[1]/place[231]::22","PLACE","","","","","","","UNVERIFIED","","","",""
"58aa808d-1557-4ea9-a818-d9c72e319c1b","dorvm6vtatvrtt.tei.xml","Ad Medias","from=/TEI[1]/teiHeader[1]/profileDesc[1]/settingDesc[1]/listPlace[1]/place[232]::15;to=/TEI[1]/teiHeader[1]/profileDesc[1]/settingDesc[1]/listPlace[1]/place[232]::24","PLACE","","","","","","","UNVERIFIED","","","",""
"d4206ba1-efd3-4294-85b7-e1aa4390ef04","dorvm6vtatvrtt.tei.xml","Brixia","from=/TEI[1]/teiHeader[1]/profileDesc[1]/settingDesc[1]/listPlace[1]/place[233]::15;to=/TEI[1]/teiHeader[1]/profileDesc[1]/settingDesc[1]/listPlace[1]/place[233]::21","PLACE","","","","","","","UNVERIFIED","","","",""
"e15c847f-97fe-485c-988c-426962e599df","dorvm6vtatvrtt.tei.xml","Bellintum","from=/TEI[1]/teiHeader[1]/profileDesc[1]/settingDesc[1]/listPlace[1]/place[234]::15;to=/TEI[1]/teiHeader[1]/profileDesc[1]/settingDesc[1]/listPlace[1]/place[234]::24","PLACE","","","","","","","UNVERIFIED","","","",""
"078bae97-a77a-4c85-99f1-7b7017569db9","dorvm6vtatvrtt.tei.xml","Ramista","from=/TEI[1]/teiHeader[1]/profileDesc[1]/settingDesc[1]/listPlace[1]/place[235]::15;to=/TEI[1]/teiHeader[1]/profileDesc[1]/settingDesc[1]/listPlace[1]/place[235]::22","PLACE","","","","","","","UNVERIFIED","","","",""
"61c2267f-2efc-4c21-ac28-65bfda22dd94","dorvm6vtatvrtt.tei.xml","Tardequeia","from=/TEI[1]/teiHeader[1]/profileDesc[1]/settingDesc[1]/listPlace[1]/place[236]::15;to=/TEI[1]/teiHeader[1]/profileDesc[1]/settingDesc[1]/listPlace[1]/place[236]::25","PLACE","","","","","","","UNVERIFIED","","","",""
"802e6838-8556-44d5-99cf-b5dee102819e","dorvm6vtatvrtt.tei.xml","Carmel M.","from=/TEI[1]/teiHeader[1]/profileDesc[1]/settingDesc[1]/listPlace[1]/place[237]::15;to=/TEI[1]/teiHeader[1]/profileDesc[1]/settingDesc[1]/listPlace[1]/place[237]::24","PLACE","","","","","","","UNVERIFIED","","","",""
"c204c090-bae2-4eee-ba7a-2ec1fa927c91","dorvm6vtatvrtt.tei.xml","Bassiana","from=/TEI[1]/teiHeader[1]/profileDesc[1]/settingDesc[1]/listPlace[1]/place[238]::15;to=/TEI[1]/teiHeader[1]/profileDesc[1]/settingDesc[1]/listPlace[1]/place[238]::23","PLACE","","","","","","","UNVERIFIED","","","",""
"faba4b98-fec2-4265-9829-25bf700e2538","dorvm6vtatvrtt.tei.xml","Podandus","from=/TEI[1]/teiHeader[1]/profileDesc[1]/settingDesc[1]/listPlace[1]/place[239]::15;to=/TEI[1]/teiHeader[1]/profileDesc[1]/settingDesc[1]/listPlace[1]/place[239]::23","PLACE","","","","","","","UNVERIFIED","","","",""
"04163f0c-357b-466d-b2b5-6a91acf584f6","dorvm6vtatvrtt.tei.xml","Legio/Caporcotani/Maximianopolis","from=/TEI[1]/teiHeader[1]/profileDesc[1]/settingDesc[1]/listPlace[1]/place[240]::15;to=/TEI[1]/teiHeader[1]/profileDesc[1]/settingDesc[1]/listPlace[1]/place[240]::47","PLACE","","","","","","","UNVERIFIED","","","",""
"6b37d3f0-926f-47ad-ba80-98275614494f","dorvm6vtatvrtt.tei.xml","Ad XII","from=/TEI[1]/teiHeader[1]/profileDesc[1]/settingDesc[1]/listPlace[1]/place[241]::15;to=/TEI[1]/teiHeader[1]/profileDesc[1]/settingDesc[1]/listPlace[1]/place[241]::21","PLACE","","","","","","","UNVERIFIED","","","",""
"d7733db8-c6a8-43a7-b1c5-a3c90e6cfe7d","dorvm6vtatvrtt.tei.xml","Populi","from=/TEI[1]/teiHeader[1]/profileDesc[1]/settingDesc[1]/listPlace[1]/place[242]::15;to=/TEI[1]/teiHeader[1]/profileDesc[1]/settingDesc[1]/listPlace[1]/place[242]::21","PLACE","","","","","","","UNVERIFIED","","","",""
"45d4403b-47ef-485d-a35a-86ac6b27ea8d","dorvm6vtatvrtt.tei.xml","Poetovio","from=/TEI[1]/teiHeader[1]/profileDesc[1]/settingDesc[1]/listPlace[1]/place[243]::15;to=/TEI[1]/teiHeader[1]/profileDesc[1]/settingDesc[1]/listPlace[1]/place[243]::23","PLACE","","","","","","","UNVERIFIED","","","",""
"1078dca8-5911-4072-85e0-131d46432668","dorvm6vtatvrtt.tei.xml","Col. Arausio","from=/TEI[1]/teiHeader[1]/profileDesc[1]/settingDesc[1]/listPlace[1]/place[244]::15;to=/TEI[1]/teiHeader[1]/profileDesc[1]/settingDesc[1]/listPlace[1]/place[244]::27","PLACE","","","","","","","UNVERIFIED","","","",""
"49dd52d9-252f-4725-9b1b-20cfaa07e4f3","dorvm6vtatvrtt.tei.xml","Ernaginum","from=/TEI[1]/teiHeader[1]/profileDesc[1]/settingDesc[1]/listPlace[1]/place[245]::15;to=/TEI[1]/teiHeader[1]/profileDesc[1]/settingDesc[1]/listPlace[1]/place[245]::24","PLACE","","","","","","","UNVERIFIED","","","",""
"d2358bb4-c753-4035-8526-99b1825489c7","dorvm6vtatvrtt.tei.xml","Samaria/Sebaste","from=/TEI[1]/teiHeader[1]/profileDesc[1]/settingDesc[1]/listPlace[1]/place[246]::15;to=/TEI[1]/teiHeader[1]/profileDesc[1]/settingDesc[1]/listPlace[1]/place[246]::30","PLACE","","","","","","","UNVERIFIED","","","",""
"7c879262-e50e-4c01-ad20-8b1319a1f4c8","dorvm6vtatvrtt.tei.xml","‘Petobrogen’","from=/TEI[1]/teiHeader[1]/profileDesc[1]/settingDesc[1]/listPlace[1]/place[247]::15;to=/TEI[1]/teiHeader[1]/profileDesc[1]/settingDesc[1]/listPlace[1]/place[247]::27","PLACE","","","","","","","UNVERIFIED","","","",""
"1dac3081-415e-4a39-9298-c4e00e7ad909","dorvm6vtatvrtt.tei.xml","Budalia","from=/TEI[1]/teiHeader[1]/profileDesc[1]/settingDesc[1]/listPlace[1]/place[248]::15;to=/TEI[1]/teiHeader[1]/profileDesc[1]/settingDesc[1]/listPlace[1]/place[248]::22","PLACE","","","","","","","UNVERIFIED","","","",""
"9b22a9ae-7a52-4f4e-9cfd-31723eb7769e","dorvm6vtatvrtt.tei.xml","Tellegate","from=/TEI[1]/teiHeader[1]/profileDesc[1]/settingDesc[1]/listPlace[1]/place[249]::15;to=/TEI[1]/teiHeader[1]/profileDesc[1]/settingDesc[1]/listPlace[1]/place[249]::24","PLACE","","","","","","","UNVERIFIED","","","",""
"128e98a9-8185-4c23-8126-40ff38128533","dorvm6vtatvrtt.tei.xml","Remesiana","from=/TEI[1]/teiHeader[1]/profileDesc[1]/settingDesc[1]/listPlace[1]/place[250]::15;to=/TEI[1]/teiHeader[1]/profileDesc[1]/settingDesc[1]/listPlace[1]/place[250]::24","PLACE","","","","","","","UNVERIFIED","","","",""
"e758499e-78aa-48bb-8ecf-c28a896d71d5","dorvm6vtatvrtt.tei.xml","Porphyreon Polis","from=/TEI[1]/teiHeader[1]/profileDesc[1]/settingDesc[1]/listPlace[1]/place[251]::15;to=/TEI[1]/teiHeader[1]/profileDesc[1]/settingDesc[1]/listPlace[1]/place[251]::31","PLACE","","","","","","","UNVERIFIED","","","",""
"b0d1129e-08c2-46ed-a1c5-588c5edb4c49","dorvm6vtatvrtt.tei.xml","Ad Nonum","from=/TEI[1]/teiHeader[1]/profileDesc[1]/settingDesc[1]/listPlace[1]/place[252]::15;to=/TEI[1]/teiHeader[1]/profileDesc[1]/settingDesc[1]/listPlace[1]/place[252]::23","PLACE","","","","","","","UNVERIFIED","","","",""
"15c6c7fd-ea09-4851-9bf3-7bd9bcf80701","dorvm6vtatvrtt.tei.xml","Bruttus","from=/TEI[1]/teiHeader[1]/profileDesc[1]/settingDesc[1]/listPlace[1]/place[253]::15;to=/TEI[1]/teiHeader[1]/profileDesc[1]/settingDesc[1]/listPlace[1]/place[253]::22","PLACE","","","","","","","UNVERIFIED","","","",""
"1ea68745-6701-45eb-8f2e-f37e8a14d76c","dorvm6vtatvrtt.tei.xml","Ad Iovem","from=/TEI[1]/teiHeader[1]/profileDesc[1]/settingDesc[1]/listPlace[1]/place[254]::15;to=/TEI[1]/teiHeader[1]/profileDesc[1]/settingDesc[1]/listPlace[1]/place[254]::23","PLACE","","","","","","","UNVERIFIED","","","",""
"c5541b7e-fcb7-4018-8803-f4c2c95f8b8c","dorvm6vtatvrtt.tei.xml","‘Narco’","from=/TEI[1]/teiHeader[1]/profileDesc[1]/settingDesc[1]/listPlace[1]/place[255]::15;to=/TEI[1]/teiHeader[1]/profileDesc[1]/settingDesc[1]/listPlace[1]/place[255]::22","PLACE","","","","","","","UNVERIFIED","","","",""
"c320107d-0e45-4808-a74e-958127ff7508","dorvm6vtatvrtt.tei.xml","Sparata","from=/TEI[1]/teiHeader[1]/profileDesc[1]/settingDesc[1]/listPlace[1]/place[256]::15;to=/TEI[1]/teiHeader[1]/profileDesc[1]/settingDesc[1]/listPlace[1]/place[256]::22","PLACE","","","","","","","UNVERIFIED","","","",""
"6ca8f97e-0153-4a38-9a8d-7ec78857844f","dorvm6vtatvrtt.tei.xml","Prasmon","from=/TEI[1]/teiHeader[1]/profileDesc[1]/settingDesc[1]/listPlace[1]/place[257]::15;to=/TEI[1]/teiHeader[1]/profileDesc[1]/settingDesc[1]/listPlace[1]/place[257]::22","PLACE","","","","","","","UNVERIFIED","","","",""
"3b9428d5-c927-43b0-b8f1-50a21172975b","dorvm6vtatvrtt.tei.xml","*Oscincium","from=/TEI[1]/teiHeader[1]/profileDesc[1]/settingDesc[1]/listPlace[1]/place[258]::15;to=/TEI[1]/teiHeader[1]/profileDesc[1]/settingDesc[1]/listPlace[1]/place[258]::25","PLACE","","","","","","","UNVERIFIED","","","",""
"2a4cb02a-17a1-4f57-bebf-45d9544303e7","dorvm6vtatvrtt.tei.xml","Pons Aureoli","from=/TEI[1]/teiHeader[1]/profileDesc[1]/settingDesc[1]/listPlace[1]/place[259]::15;to=/TEI[1]/teiHeader[1]/profileDesc[1]/settingDesc[1]/listPlace[1]/place[259]::27","PLACE","","","","","","","UNVERIFIED","","","",""
"36d7c79e-5405-4ac1-8f48-d53a0a7e65f8","dorvm6vtatvrtt.tei.xml","Scythopolis/Nysa","from=/TEI[1]/teiHeader[1]/profileDesc[1]/settingDesc[1]/listPlace[1]/place[260]::15;to=/TEI[1]/teiHeader[1]/profileDesc[1]/settingDesc[1]/listPlace[1]/place[260]::31","PLACE","","","","","","","UNVERIFIED","","","",""
"29711a4f-e477-4b03-aa84-2e281dcd4562","dorvm6vtatvrtt.tei.xml","Mnizos","from=/TEI[1]/teiHeader[1]/profileDesc[1]/settingDesc[1]/listPlace[1]/place[261]::15;to=/TEI[1]/teiHeader[1]/profileDesc[1]/settingDesc[1]/listPlace[1]/place[261]::21","PLACE","","","","","","","UNVERIFIED","","","",""
"8161c210-508a-4c2e-9d29-4b954c45e5e6","dorvm6vtatvrtt.tei.xml","Sostomagus","from=/TEI[1]/teiHeader[1]/profileDesc[1]/settingDesc[1]/listPlace[1]/place[262]::15;to=/TEI[1]/teiHeader[1]/profileDesc[1]/settingDesc[1]/listPlace[1]/place[262]::25","PLACE","","","","","","","UNVERIFIED","","","",""
"10427a7f-8fd9-4f6e-9441-fcfff8c4583a","dorvm6vtatvrtt.tei.xml","Mons Seleucus","from=/TEI[1]/teiHeader[1]/profileDesc[1]/settingDesc[1]/listPlace[1]/place[263]::15;to=/TEI[1]/teiHeader[1]/profileDesc[1]/settingDesc[1]/listPlace[1]/place[263]::28","PLACE","","","","","","","UNVERIFIED","","","",""
"9becb7b8-c388-4477-8a86-4a4b13b69e5d","dorvm6vtatvrtt.tei.xml","Cossium","from=/TEI[1]/teiHeader[1]/profileDesc[1]/settingDesc[1]/listPlace[1]/place[264]::15;to=/TEI[1]/teiHeader[1]/profileDesc[1]/settingDesc[1]/listPlace[1]/place[264]::22","PLACE","","","","","","","UNVERIFIED","","","",""
"a4b5e90c-c9de-4351-ab78-e2502cb933f4","dorvm6vtatvrtt.tei.xml","Tzouroulon/Silta?","from=/TEI[1]/teiHeader[1]/profileDesc[1]/settingDesc[1]/listPlace[1]/place[265]::15;to=/TEI[1]/teiHeader[1]/profileDesc[1]/settingDesc[1]/listPlace[1]/place[265]::32","PLACE","","","","","","","UNVERIFIED","","","",""
"ddb2e8a3-ee43-4df9-9c00-1b8595e11649","dorvm6vtatvrtt.tei.xml","Cuttiae","from=/TEI[1]/teiHeader[1]/profileDesc[1]/settingDesc[1]/listPlace[1]/place[266]::15;to=/TEI[1]/teiHeader[1]/profileDesc[1]/settingDesc[1]/listPlace[1]/place[266]::22","PLACE","","","","","","","UNVERIFIED","","","",""
"5c026930-4a2f-412c-8d1e-867fde8c66b6","dorvm6vtatvrtt.tei.xml","Fluvio Frigido/Castra","from=/TEI[1]/teiHeader[1]/profileDesc[1]/settingDesc[1]/listPlace[1]/place[267]::15;to=/TEI[1]/teiHeader[1]/profileDesc[1]/settingDesc[1]/listPlace[1]/place[267]::36","PLACE","","","","","","","UNVERIFIED","","","",""
"d437d132-1429-4420-9eb1-fa9470b87051","dorvm6vtatvrtt.tei.xml","Argentea","from=/TEI[1]/teiHeader[1]/profileDesc[1]/settingDesc[1]/listPlace[1]/place[268]::15;to=/TEI[1]/teiHeader[1]/profileDesc[1]/settingDesc[1]/listPlace[1]/place[268]::23","PLACE","","","","","","","UNVERIFIED","","","",""
"f20fd5e4-072c-4273-a598-6adc251fdba3","dorvm6vtatvrtt.tei.xml","Mursa","from=/TEI[1]/teiHeader[1]/profileDesc[1]/settingDesc[1]/listPlace[1]/place[269]::15;to=/TEI[1]/teiHeader[1]/profileDesc[1]/settingDesc[1]/listPlace[1]/place[269]::20","PLACE","","","","","","","UNVERIFIED","","","",""
"162358b6-c97f-4422-a3e2-b041c8ac691f","dorvm6vtatvrtt.tei.xml","Naissus","from=/TEI[1]/teiHeader[1]/profileDesc[1]/settingDesc[1]/listPlace[1]/place[270]::15;to=/TEI[1]/teiHeader[1]/profileDesc[1]/settingDesc[1]/listPlace[1]/place[270]::22","PLACE","","","","","","","UNVERIFIED","","","",""
"97c8dafe-6705-410d-978c-1779fd8dc110","dorvm6vtatvrtt.tei.xml","Gordioukome/Iuliopolis","from=/TEI[1]/teiHeader[1]/profileDesc[1]/settingDesc[1]/listPlace[1]/place[271]::15;to=/TEI[1]/teiHeader[1]/profileDesc[1]/settingDesc[1]/listPlace[1]/place[271]::37","PLACE","","","","","","","UNVERIFIED","","","",""
"77669b69-f3c3-447b-be02-8fc726eb9ecc","dorvm6vtatvrtt.tei.xml","Ballanstra","from=/TEI[1]/teiHeader[1]/profileDesc[1]/settingDesc[1]/listPlace[1]/place[272]::15;to=/TEI[1]/teiHeader[1]/profileDesc[1]/settingDesc[1]/listPlace[1]/place[272]::25","PLACE","","","","","","","UNVERIFIED","","","",""
"fe5e52d4-2ee7-48fc-a943-429e13cdea1d","dorvm6vtatvrtt.tei.xml","Rhegion","from=/TEI[1]/teiHeader[1]/profileDesc[1]/settingDesc[1]/listPlace[1]/place[273]::15;to=/TEI[1]/teiHeader[1]/profileDesc[1]/settingDesc[1]/listPlace[1]/place[273]::22","PLACE","","","","","","","UNVERIFIED","","","",""
"1b5d8825-2e6a-4fe4-a1c7-04b709acef3a","dorvm6vtatvrtt.tei.xml","Cerebelliaca","from=/TEI[1]/teiHeader[1]/profileDesc[1]/settingDesc[1]/listPlace[1]/place[274]::15;to=/TEI[1]/teiHeader[1]/profileDesc[1]/settingDesc[1]/listPlace[1]/place[274]::27","PLACE","","","","","","","UNVERIFIED","","","",""
"09befadb-1635-44f2-9c9b-29badff21591","dorvm6vtatvrtt.tei.xml","Serdica","from=/TEI[1]/teiHeader[1]/profileDesc[1]/settingDesc[1]/listPlace[1]/place[275]::15;to=/TEI[1]/teiHeader[1]/profileDesc[1]/settingDesc[1]/listPlace[1]/place[275]::22","PLACE","","","","","","","UNVERIFIED","","","",""
"b451e198-0601-4e94-8c52-f4fa51ae05d8","dorvm6vtatvrtt.tei.xml","*Hieronpotamon","from=/TEI[1]/teiHeader[1]/profileDesc[1]/settingDesc[1]/listPlace[1]/place[276]::15;to=/TEI[1]/teiHeader[1]/profileDesc[1]/settingDesc[1]/listPlace[1]/place[276]::29","PLACE","","","","","","","UNVERIFIED","","","",""
"1890e6bb-e3a6-4b48-ae8c-588a5d8b1085","dorvm6vtatvrtt.tei.xml","Gaesao/Tyrium","from=/TEI[1]/teiHeader[1]/profileDesc[1]/settingDesc[1]/listPlace[1]/place[277]::15;to=/TEI[1]/teiHeader[1]/profileDesc[1]/settingDesc[1]/listPlace[1]/place[277]::28","PLACE","","","","","","","UNVERIFIED","","","",""
"38413e77-2fc2-49bb-bf63-457d3853bbbd","dorvm6vtatvrtt.tei.xml","Gorbeus","from=/TEI[1]/teiHeader[1]/profileDesc[1]/settingDesc[1]/listPlace[1]/place[278]::15;to=/TEI[1]/teiHeader[1]/profileDesc[1]/settingDesc[1]/listPlace[1]/place[278]::22","PLACE","","","","","","","UNVERIFIED","","","",""
"ebb595c4-f163-412d-bb94-c93a04a83e39","dorvm6vtatvrtt.tei.xml","Chalcedon","from=/TEI[1]/teiHeader[1]/profileDesc[1]/settingDesc[1]/listPlace[1]/place[279]::15;to=/TEI[1]/teiHeader[1]/profileDesc[1]/settingDesc[1]/listPlace[1]/place[279]::24","PLACE","","","","","","","UNVERIFIED","","","",""
"f5a2fd9c-f6c6-4e8e-82b3-70a090494062","dorvm6vtatvrtt.tei.xml","Ad Sextum","from=/TEI[1]/teiHeader[1]/profileDesc[1]/settingDesc[1]/listPlace[1]/place[280]::15;to=/TEI[1]/teiHeader[1]/profileDesc[1]/settingDesc[1]/listPlace[1]/place[280]::24","PLACE","","","","","","","UNVERIFIED","","","",""
"2d9f88e5-9998-486c-8321-68cce60a64f5","dorvm6vtatvrtt.tei.xml","Hebromagus/Eburomagus","from=/TEI[1]/teiHeader[1]/profileDesc[1]/settingDesc[1]/listPlace[1]/place[281]::15;to=/TEI[1]/teiHeader[1]/profileDesc[1]/settingDesc[1]/listPlace[1]/place[281]::36","PLACE","","","","","","","UNVERIFIED","","","",""
"f2e0ad8d-4d98-477c-af04-1071eda2e8b0","dorvm6vtatvrtt.tei.xml","Bourdepa","from=/TEI[1]/teiHeader[1]/profileDesc[1]/settingDesc[1]/listPlace[1]/place[282]::15;to=/TEI[1]/teiHeader[1]/profileDesc[1]/settingDesc[1]/listPlace[1]/place[282]::23","PLACE","","","","","","","UNVERIFIED","","","",""
"f59fa860-18b4-498e-8479-a8e8dc366db0","dorvm6vtatvrtt.tei.xml","‘Piretis’","from=/TEI[1]/teiHeader[1]/profileDesc[1]/settingDesc[1]/listPlace[1]/place[283]::15;to=/TEI[1]/teiHeader[1]/profileDesc[1]/settingDesc[1]/listPlace[1]/place[283]::24","PLACE","","","","","","","UNVERIFIED","","","",""
"4a7dbf34-97b7-474a-9972-b6933d36df4b","dorvm6vtatvrtt.tei.xml","Ad Undecimum 1","from=/TEI[1]/teiHeader[1]/profileDesc[1]/settingDesc[1]/listPlace[1]/place[284]::15;to=/TEI[1]/teiHeader[1]/profileDesc[1]/settingDesc[1]/listPlace[1]/place[284]::29","PLACE","","","","","","","UNVERIFIED","","","",""
"c5f1e88f-5d4c-4226-ba03-2c3932dc1359","dorvm6vtatvrtt.tei.xml","Quadrata","from=/TEI[1]/teiHeader[1]/profileDesc[1]/settingDesc[1]/listPlace[1]/place[285]::15;to=/TEI[1]/teiHeader[1]/profileDesc[1]/settingDesc[1]/listPlace[1]/place[285]::23","PLACE","","","","","","","UNVERIFIED","","","",""
"f80c8209-6834-4861-9036-dd6c83b873e3","dorvm6vtatvrtt.tei.xml","Nemausus","from=/TEI[1]/teiHeader[1]/profileDesc[1]/settingDesc[1]/listPlace[1]/place[286]::15;to=/TEI[1]/teiHeader[1]/profileDesc[1]/settingDesc[1]/listPlace[1]/place[286]::23","PLACE","","","","","","","UNVERIFIED","","","",""
"7dacb890-9ca4-46db-85fc-fb3213b42484","dorvm6vtatvrtt.tei.xml","Ad Sanos","from=/TEI[1]/teiHeader[1]/profileDesc[1]/settingDesc[1]/listPlace[1]/place[287]::15;to=/TEI[1]/teiHeader[1]/profileDesc[1]/settingDesc[1]/listPlace[1]/place[287]::23","PLACE","","","","","","","UNVERIFIED","","","",""
"fbd22365-32ad-4070-ab17-1bb47cf3fe96","dorvm6vtatvrtt.tei.xml","Avennio","from=/TEI[1]/teiHeader[1]/profileDesc[1]/settingDesc[1]/listPlace[1]/place[288]::15;to=/TEI[1]/teiHeader[1]/profileDesc[1]/settingDesc[1]/listPlace[1]/place[288]::22","PLACE","","","","","","","UNVERIFIED","","","",""
"0b26d284-aac5-4ccb-848e-6e8c1e877f9b","dorvm6vtatvrtt.tei.xml","Cedros","from=/TEI[1]/teiHeader[1]/profileDesc[1]/settingDesc[1]/listPlace[1]/place[289]::15;to=/TEI[1]/teiHeader[1]/profileDesc[1]/settingDesc[1]/listPlace[1]/place[289]::21","PLACE","","","","","","","UNVERIFIED","","","",""
"41735907-b90f-4448-b8e9-cdc865f21561","dorvm6vtatvrtt.tei.xml","Patavium","from=/TEI[1]/teiHeader[1]/profileDesc[1]/settingDesc[1]/listPlace[1]/place[290]::15;to=/TEI[1]/teiHeader[1]/profileDesc[1]/settingDesc[1]/listPlace[1]/place[290]::23","PLACE","","","","","","","UNVERIFIED","","","",""
"d4cd81a5-dc68-4df2-b8ce-52350c27ba38","dorvm6vtatvrtt.tei.xml","Ad Quartodecimum","from=/TEI[1]/teiHeader[1]/profileDesc[1]/settingDesc[1]/listPlace[1]/place[291]::15;to=/TEI[1]/teiHeader[1]/profileDesc[1]/settingDesc[1]/listPlace[1]/place[291]::31","PLACE","","","","","","","UNVERIFIED","","","",""
"ed9b1af3-1272-4a31-ba89-7f6b8eff549c","dorvm6vtatvrtt.tei.xml","Darentiaca","from=/TEI[1]/teiHeader[1]/profileDesc[1]/settingDesc[1]/listPlace[1]/place[292]::15;to=/TEI[1]/teiHeader[1]/profileDesc[1]/settingDesc[1]/listPlace[1]/place[292]::25","PLACE","","","","","","","UNVERIFIED","","","",""
"a266bacb-4455-42b4-9edc-fb21ccc995d6","dorvm6vtatvrtt.tei.xml","Italia","from=/TEI[1]/teiHeader[1]/profileDesc[1]/settingDesc[1]/listPlace[1]/place[293]::15;to=/TEI[1]/teiHeader[1]/profileDesc[1]/settingDesc[1]/listPlace[1]/place[293]::21","PLACE","","","","","","","UNVERIFIED","","","",""
"ee086bbb-b954-4b33-a9d9-e251292704d5","dorvm6vtatvrtt.tei.xml","‘Apicilia’","from=/TEI[1]/teiHeader[1]/profileDesc[1]/settingDesc[1]/listPlace[1]/place[294]::15;to=/TEI[1]/teiHeader[1]/profileDesc[1]/settingDesc[1]/listPlace[1]/place[294]::25","PLACE","","","","","","","UNVERIFIED","","","",""
"0e86e2e6-a93b-4690-a26d-00d9f7d5bc51","dorvm6vtatvrtt.tei.xml","Theline/Col. Arelate/Constantina","from=/TEI[1]/teiHeader[1]/profileDesc[1]/settingDesc[1]/listPlace[1]/place[295]::15;to=/TEI[1]/teiHeader[1]/profileDesc[1]/settingDesc[1]/listPlace[1]/place[295]::47","PLACE","","","","","","","UNVERIFIED","","","",""
"c52f57ef-327d-4ea8-a6f1-1738cfdf3b4b","dorvm6vtatvrtt.tei.xml","Daphne","from=/TEI[1]/teiHeader[1]/profileDesc[1]/settingDesc[1]/listPlace[1]/place[296]::15;to=/TEI[1]/teiHeader[1]/profileDesc[1]/settingDesc[1]/listPlace[1]/place[296]::21","PLACE","","","","","","","UNVERIFIED","","","",""
"8136a754-cdb3-452c-9500-3dba43a27968","dorvm6vtatvrtt.tei.xml","Mygdum/‘Midum’","from=/TEI[1]/teiHeader[1]/profileDesc[1]/settingDesc[1]/listPlace[1]/place[297]::15;to=/TEI[1]/teiHeader[1]/profileDesc[1]/settingDesc[1]/listPlace[1]/place[297]::29","PLACE","","","","","","","UNVERIFIED","","","",""
"762c6106-95ad-430a-9d38-b4bbd3e31057","dorvm6vtatvrtt.tei.xml","Druantium/*Alpis Cottia/Summae Alpes","from=/TEI[1]/teiHeader[1]/profileDesc[1]/settingDesc[1]/listPlace[1]/place[298]::15;to=/TEI[1]/teiHeader[1]/profileDesc[1]/settingDesc[1]/listPlace[1]/place[298]::51","PLACE","","","","","","","UNVERIFIED","","","",""
"77b3777a-d852-416c-bdbd-f6dc8d6a1007","dorvm6vtatvrtt.tei.xml","Momasson","from=/TEI[1]/teiHeader[1]/profileDesc[1]/settingDesc[1]/listPlace[1]/place[299]::15;to=/TEI[1]/teiHeader[1]/profileDesc[1]/settingDesc[1]/listPlace[1]/place[299]::23","PLACE","","","","","","","UNVERIFIED","","","",""
"cd603148-6b99-4a1d-abc4-dae659b365af","dorvm6vtatvrtt.tei.xml","Rhamis","from=/TEI[1]/teiHeader[1]/profileDesc[1]/settingDesc[1]/listPlace[1]/place[300]::15;to=/TEI[1]/teiHeader[1]/profileDesc[1]/settingDesc[1]/listPlace[1]/place[300]::21","PLACE","","","","","","","UNVERIFIED","","","",""
"4ef1b828-74a9-4df8-a98f-858fee4b1efe","dorvm6vtatvrtt.tei.xml","Emona","from=/TEI[1]/teiHeader[1]/profileDesc[1]/settingDesc[1]/listPlace[1]/place[301]::15;to=/TEI[1]/teiHeader[1]/profileDesc[1]/settingDesc[1]/listPlace[1]/place[301]::20","PLACE","","","","","","","UNVERIFIED","","","",""
"c61984a3-c1ee-4dac-b376-8a05044bc830","dorvm6vtatvrtt.tei.xml","‘Marinianis’/Magniana","from=/TEI[1]/teiHeader[1]/profileDesc[1]/settingDesc[1]/listPlace[1]/place[302]::15;to=/TEI[1]/teiHeader[1]/profileDesc[1]/settingDesc[1]/listPlace[1]/place[302]::36","PLACE","","","","","","","UNVERIFIED","","","",""
"90097923-eb6f-497d-afef-d47d18d6b766","dorvm6vtatvrtt.tei.xml","Cibalae","from=/TEI[1]/teiHeader[1]/profileDesc[1]/settingDesc[1]/listPlace[1]/place[303]::15;to=/TEI[1]/teiHeader[1]/profileDesc[1]/settingDesc[1]/listPlace[1]/place[303]::22","PLACE","","","","","","","UNVERIFIED","","","",""
"6dbb18ac-222f-43b6-ad45-69887e99e20a","dorvm6vtatvrtt.tei.xml","Aser","from=/TEI[1]/teiHeader[1]/profileDesc[1]/settingDesc[1]/listPlace[1]/place[304]::15;to=/TEI[1]/teiHeader[1]/profileDesc[1]/settingDesc[1]/listPlace[1]/place[304]::19","PLACE","","","","","","","UNVERIFIED","","","",""
"98c0bfc4-1118-4936-9581-9b15e4febe58","dorvm6vtatvrtt.tei.xml","Garizein M.","from=/TEI[1]/teiHeader[1]/profileDesc[1]/settingDesc[1]/listPlace[1]/place[305]::15;to=/TEI[1]/teiHeader[1]/profileDesc[1]/settingDesc[1]/listPlace[1]/place[305]::26","PLACE","","","","","","","UNVERIFIED","","","",""
"bb777232-bc98-46e6-8d1a-804dea6ac761","dorvm6vtatvrtt.tei.xml","Ad Nonum","from=/TEI[1]/teiHeader[1]/profileDesc[1]/settingDesc[1]/listPlace[1]/place[306]::15;to=/TEI[1]/teiHeader[1]/profileDesc[1]/settingDesc[1]/listPlace[1]/place[306]::23","PLACE","","","","","","","UNVERIFIED","","","",""
"a84ec0d9-e4a0-4a39-8c92-45edeca9f91f","dorvm6vtatvrtt.tei.xml","Celeia","from=/TEI[1]/teiHeader[1]/profileDesc[1]/settingDesc[1]/listPlace[1]/place[307]::15;to=/TEI[1]/teiHeader[1]/profileDesc[1]/settingDesc[1]/listPlace[1]/place[307]::21","PLACE","","","","","","","UNVERIFIED","","","",""
"3354a185-15a8-4d5f-98ed-35459e3b77fc","dorvm6vtatvrtt.tei.xml","Burgaraca","from=/TEI[1]/teiHeader[1]/profileDesc[1]/settingDesc[1]/listPlace[1]/place[308]::15;to=/TEI[1]/teiHeader[1]/profileDesc[1]/settingDesc[1]/listPlace[1]/place[308]::24","PLACE","","","","","","","UNVERIFIED","","","",""
"10746f89-353f-4d5f-aa92-65f4f1014b6a","dorvm6vtatvrtt.tei.xml","Panteichion","from=/TEI[1]/teiHeader[1]/profileDesc[1]/settingDesc[1]/listPlace[1]/place[309]::15;to=/TEI[1]/teiHeader[1]/profileDesc[1]/settingDesc[1]/listPlace[1]/place[309]::26","PLACE","","","","","","","UNVERIFIED","","","",""
"196de21a-fc9a-4f14-a71f-ae9518b81163","dorvm6vtatvrtt.tei.xml","Municipium","from=/TEI[1]/teiHeader[1]/profileDesc[1]/settingDesc[1]/listPlace[1]/place[310]::15;to=/TEI[1]/teiHeader[1]/profileDesc[1]/settingDesc[1]/listPlace[1]/place[310]::25","PLACE","","","","","","","UNVERIFIED","","","",""
"8ca2c87c-81ff-457e-b46c-306d4aae145d","dorvm6vtatvrtt.tei.xml","Phoenice","from=/TEI[1]/teiHeader[1]/profileDesc[1]/settingDesc[1]/listPlace[1]/place[311]::15;to=/TEI[1]/teiHeader[1]/profileDesc[1]/settingDesc[1]/listPlace[1]/place[311]::23","PLACE","","","","","","","UNVERIFIED","","","",""
"33a50fce-5df0-47ed-9b5a-0f9d1ebc859c","dorvm6vtatvrtt.tei.xml","Cypresseta","from=/TEI[1]/teiHeader[1]/profileDesc[1]/settingDesc[1]/listPlace[1]/place[312]::15;to=/TEI[1]/teiHeader[1]/profileDesc[1]/settingDesc[1]/listPlace[1]/place[312]::25","PLACE","","","","","","","UNVERIFIED","","","",""
"90cfdbac-5ebe-4f71-acea-18b8570083a4","dorvm6vtatvrtt.tei.xml","Chusa","from=/TEI[1]/teiHeader[1]/profileDesc[1]/settingDesc[1]/listPlace[1]/place[313]::15;to=/TEI[1]/teiHeader[1]/profileDesc[1]/settingDesc[1]/listPlace[1]/place[313]::20","PLACE","","","","","","","UNVERIFIED","","","",""
"cbac0bd7-bc17-4c06-a0a0-6e56f0a51a8a","dorvm6vtatvrtt.tei.xml","Galatia et Cappadocia","from=/TEI[1]/teiHeader[1]/profileDesc[1]/settingDesc[1]/listPlace[1]/place[314]::15;to=/TEI[1]/teiHeader[1]/profileDesc[1]/settingDesc[1]/listPlace[1]/place[314]::36","PLACE","","","","","","","UNVERIFIED","","","",""
"ca53a3b6-fd26-4c12-ae8b-486c0ce532cb","dorvm6vtatvrtt.tei.xml","Novem Craris","from=/TEI[1]/teiHeader[1]/profileDesc[1]/settingDesc[1]/listPlace[1]/place[315]::15;to=/TEI[1]/teiHeader[1]/profileDesc[1]/settingDesc[1]/listPlace[1]/place[315]::27","PLACE","","","","","","","UNVERIFIED","","","",""
"848aa923-8a6b-43ff-8aeb-18e2b3dfa108","dorvm6vtatvrtt.tei.xml","Cillis?","from=/TEI[1]/teiHeader[1]/profileDesc[1]/settingDesc[1]/listPlace[1]/place[316]::15;to=/TEI[1]/teiHeader[1]/profileDesc[1]/settingDesc[1]/listPlace[1]/place[316]::22","PLACE","","","","","","","UNVERIFIED","","","",""
"3e3cddb8-2388-4f55-8f83-8c8eb3d6e89c","dorvm6vtatvrtt.tei.xml","Bosphorus","from=/TEI[1]/teiHeader[1]/profileDesc[1]/settingDesc[1]/listPlace[1]/place[317]::15;to=/TEI[1]/teiHeader[1]/profileDesc[1]/settingDesc[1]/listPlace[1]/place[317]::24","PLACE","","","","","","","UNVERIFIED","","","",""
"20224bc0-70f8-4245-ab68-80fb391a3415","dorvm6vtatvrtt.tei.xml","*Aureus Mons","from=/TEI[1]/teiHeader[1]/profileDesc[1]/settingDesc[1]/listPlace[1]/place[318]::15;to=/TEI[1]/teiHeader[1]/profileDesc[1]/settingDesc[1]/listPlace[1]/place[318]::27","PLACE","","","","","","","UNVERIFIED","","","",""
"b12cf45b-b4d7-49d4-a061-6a6e05cd58ba","dorvm6vtatvrtt.tei.xml","Syna M.","from=/TEI[1]/teiHeader[1]/profileDesc[1]/settingDesc[1]/listPlace[1]/place[319]::15;to=/TEI[1]/teiHeader[1]/profileDesc[1]/settingDesc[1]/listPlace[1]/place[319]::22","PLACE","","","","","","","UNVERIFIED","","","",""
"96d6fa7b-107d-453e-aadf-917e281878bc","dorvm6vtatvrtt.tei.xml","Segusio","from=/TEI[1]/teiHeader[1]/profileDesc[1]/settingDesc[1]/listPlace[1]/place[320]::15;to=/TEI[1]/teiHeader[1]/profileDesc[1]/settingDesc[1]/listPlace[1]/place[320]::22","PLACE","","","","","","","UNVERIFIED","","","",""
"c6798862-62d7-4b85-afb5-6317aaae0c96","dorvm6vtatvrtt.tei.xml","Kilikiai Pylai","from=/TEI[1]/teiHeader[1]/profileDesc[1]/settingDesc[1]/listPlace[1]/place[321]::15;to=/TEI[1]/teiHeader[1]/profileDesc[1]/settingDesc[1]/listPlace[1]/place[321]::29","PLACE","","","","","","","UNVERIFIED","","","",""
"583daf06-4426-4308-82dc-f31539a4c46f","dorvm6vtatvrtt.tei.xml","Viminacium","from=/TEI[1]/teiHeader[1]/profileDesc[1]/settingDesc[1]/listPlace[1]/place[322]::15;to=/TEI[1]/teiHeader[1]/profileDesc[1]/settingDesc[1]/listPlace[1]/place[322]::25","PLACE","","","","","","","UNVERIFIED","","","",""
"756dbac1-3c52-498a-9e16-84541e6f3b83","dorvm6vtatvrtt.tei.xml","Bessapara","from=/TEI[1]/teiHeader[1]/profileDesc[1]/settingDesc[1]/listPlace[1]/place[323]::15;to=/TEI[1]/teiHeader[1]/profileDesc[1]/settingDesc[1]/listPlace[1]/place[323]::24","PLACE","","","","","","","UNVERIFIED","","","",""
"f6d638d4-9a77-4b7f-80e7-bd57e37e30f8","dorvm6vtatvrtt.tei.xml","Garumna (river)","from=/TEI[1]/teiHeader[1]/profileDesc[1]/settingDesc[1]/listPlace[1]/place[324]::15;to=/TEI[1]/teiHeader[1]/profileDesc[1]/settingDesc[1]/listPlace[1]/place[324]::30","PLACE","","","","","","","UNVERIFIED","","","",""
"84f0cc94-27ae-40e7-b152-913aebe2e0be","dorvm6vtatvrtt.tei.xml","Sasima","from=/TEI[1]/teiHeader[1]/profileDesc[1]/settingDesc[1]/listPlace[1]/place[325]::15;to=/TEI[1]/teiHeader[1]/profileDesc[1]/settingDesc[1]/listPlace[1]/place[325]::21","PLACE","","","","","","","UNVERIFIED","","","",""
"e06a706a-590d-46cf-bd02-d48515328c41","dorvm6vtatvrtt.tei.xml","‘Manegordo’","from=/TEI[1]/teiHeader[1]/profileDesc[1]/settingDesc[1]/listPlace[1]/place[326]::15;to=/TEI[1]/teiHeader[1]/profileDesc[1]/settingDesc[1]/listPlace[1]/place[326]::26","PLACE","","","","","","","UNVERIFIED","","","",""
"0697298e-81aa-43bd-95bf-b718df932a06","dorvm6vtatvrtt.tei.xml","Byblos","from=/TEI[1]/teiHeader[1]/profileDesc[1]/settingDesc[1]/listPlace[1]/place[327]::15;to=/TEI[1]/teiHeader[1]/profileDesc[1]/settingDesc[1]/listPlace[1]/place[327]::21","PLACE","","","","","","","UNVERIFIED","","","",""
"b650e81a-1fe3-4e8b-9f17-b46cb378950a","dorvm6vtatvrtt.tei.xml","Tolosa","from=/TEI[1]/teiHeader[1]/profileDesc[1]/settingDesc[1]/listPlace[1]/place[328]::15;to=/TEI[1]/teiHeader[1]/profileDesc[1]/settingDesc[1]/listPlace[1]/place[328]::21","PLACE","","","","","","","UNVERIFIED","","","",""
"fcae6b0a-814d-40a8-b79d-efc7b002797d","dorvm6vtatvrtt.tei.xml","Botrys","from=/TEI[1]/teiHeader[1]/profileDesc[1]/settingDesc[1]/listPlace[1]/place[329]::15;to=/TEI[1]/teiHeader[1]/profileDesc[1]/settingDesc[1]/listPlace[1]/place[329]::21","PLACE","","","","","","","UNVERIFIED","","","",""
"9014c222-87b9-4313-aa3c-d55c0d909d48","dorvm6vtatvrtt.tei.xml","BVRDIGALA","from=/TEI[1]/text[1]/body[1]/div[1]/p[1]::20;to=/TEI[1]/text[1]/body[1]/div[1]/p[1]::29","PLACE","http://pleiades.stoa.org/places/138248","Burdigala|Mithraeum, Bordeaux|Burdigala, Bordeaux|Piliers de Tutelle, Bordeaux|Bordeaux","-0030/2100","44.834764","-0.573687","amphitheatre,settlement","VERIFIED","@ana:#Summary|@cert:high","","",""
"8efe5d97-f024-432d-9fbb-d3efbc735b03","dorvm6vtatvrtt.tei.xml","HIERVSALEM","from=/TEI[1]/text[1]/body[1]/div[1]/p[1]::30;to=/TEI[1]/text[1]/body[1]/div[1]/p[1]::40","PLACE","http://pleiades.stoa.org/places/687928","Ierusalem/Hierosolyma/Col. Aelia Capitolina|Ierusalem/Hierosolyma/Col. Aelia Capitolina, Jerusalem","-3300/2000","31.776667","35.234167","church-2,settlement,temple-2","VERIFIED","@ana:#Summary|@cert:high","","",""
"1a5d1a17-85d9-4d3d-a580-d10d9b16ba1d","dorvm6vtatvrtt.tei.xml","HERACLEA","from=/TEI[1]/text[1]/body[1]/div[1]/p[1]::53;to=/TEI[1]/text[1]/body[1]/div[1]/p[1]::61","PLACE","http://pleiades.stoa.org/places/511357","Perinthus/Heraclea|Perinthus/Perinthos/Heraclea, Marmara Ereğlisi Adliyesi","-0330/0640","40.97089","27.95454","settlement","VERIFIED","@ana:#Summary|@cert:high","","",""
"174cb09a-4e08-4ac6-b914-7f1bed83b81c","dorvm6vtatvrtt.tei.xml","AVLONAM","from=/TEI[1]/text[1]/body[1]/div[1]/p[1]::66;to=/TEI[1]/text[1]/body[1]/div[1]/p[1]::73","PLACE","http://pleiades.stoa.org/places/481750","Aulon|Aulon/Aulona, Kepi Triportit, Vlorë","-0030/0640","40.46725","19.49278","settlement","VERIFIED","@ana:#Summary|@cert:high","","",""
"3acdb4ed-9276-40d9-94dc-47f22244d731","dorvm6vtatvrtt.tei.xml","ROMAM","from=/TEI[1]/text[1]/body[1]/div[1]/p[1]::87;to=/TEI[1]/text[1]/body[1]/div[1]/p[1]::92","PLACE","http://pleiades.stoa.org/places/423025","Roma|Roma, Roma|Rome","-0750/2100","41.89262","12.4843457","settlement,urban","VERIFIED","@ana:#Summary #urbs|@cert:high","","",""
"f105c82f-1d88-418d-b560-69f32eeb1d85","dorvm6vtatvrtt.tei.xml","MEDIOLANVM","from=/TEI[1]/text[1]/body[1]/div[1]/p[1]::93;to=/TEI[1]/text[1]/body[1]/div[1]/p[1]::103","PLACE","http://pleiades.stoa.org/places/383706","Mediolan(i)um|Mediolanium/Mediolanum, Milano|Milan","-0550/2100","45.4637","9.1881","urban,settlement","VERIFIED","@ana:#Summary|@cert:high","","",""
"ee38a0a3-cd24-4f6f-9219-56513c3dc5d6","dorvm6vtatvrtt.tei.xml","burdigala","from=/TEI[1]/text[1]/body[1]/div[1]/p[1]::123;to=/TEI[1]/text[1]/body[1]/div[1]/p[1]::132","PLACE","http://pleiades.stoa.org/places/138248","Burdigala|Mithraeum, Bordeaux|Burdigala, Bordeaux|Piliers de Tutelle, Bordeaux|Bordeaux","-0030/2100","44.834764","-0.573687","amphitheatre,settlement","VERIFIED","@ana:#civitas|@cert:high","","",""
"2f25becd-988c-45ef-bd3f-3661c1615f9d","dorvm6vtatvrtt.tei.xml","garonna","from=/TEI[1]/text[1]/body[1]/div[1]/p[1]::150;to=/TEI[1]/text[1]/body[1]/div[1]/p[1]::157","PLACE","http://pleiades.stoa.org/places/138369","Garumna (river)|Garumna, Garonne (La)","-0330/0640","45.585693","-1.047134","river","VERIFIED","@cert:high","","",""
"35d86f5a-827e-451c-bdc4-e60ec8a7279a","dorvm6vtatvrtt.tei.xml","stomatas","from=/TEI[1]/text[1]/body[1]/div[1]/p[2]::14;to=/TEI[1]/text[1]/body[1]/div[1]/p[2]::22","PLACE","http://pleiades.stoa.org/places/138599","Stomatas|Stomatas, La Brède","-0030/0640","44.68148","-0.527753","station","VERIFIED","@ana:#change|@cert:high","","",""
"2acfeecb-2b14-4d63-95b5-9df30d288c77","dorvm6vtatvrtt.tei.xml","sirione","from=/TEI[1]/text[1]/body[1]/div[1]/p[2]::42;to=/TEI[1]/text[1]/body[1]/div[1]/p[2]::49","PLACE","http://pleiades.stoa.org/places/138593","Sirio|Sirio, Cérons|Cérons","-0030/0640","44.631404","-0.337996","station","VERIFIED","@ana:#change|@cert:high","","",""
"057d6f1a-7ca6-46b6-bfbf-33602a8dfc16","dorvm6vtatvrtt.tei.xml","vasatas","from=/TEI[1]/text[1]/body[1]/div[1]/p[2]::71;to=/TEI[1]/text[1]/body[1]/div[1]/p[2]::78","PLACE","http://pleiades.stoa.org/places/138313","Cossium|Cossium/Vasatis, Bazas|Bazas","-0030/0640","44.43146","-0.20973","settlement","VERIFIED","@ana:#civitas|@cert:high","","",""
"38279875-e1e6-4d60-8816-80a83fb6fcfd","dorvm6vtatvrtt.tei.xml","tres arbores","from=/TEI[1]/text[1]/body[1]/div[1]/p[2]::100;to=/TEI[1]/text[1]/body[1]/div[1]/p[2]::112","PLACE","http://pleiades.stoa.org/places/138626","Tres Arbores|Tres Arbores, Les Trois Chênes","-0030/0640","44.341177","-0.105492","station","VERIFIED","@ana:#change|@cert:high","","",""
"ff443ab4-bfec-45be-8d8c-5c3d22ad7a76","dorvm6vtatvrtt.tei.xml","oscineio","from=/TEI[1]/text[1]/body[1]/div[1]/p[2]::130;to=/TEI[1]/text[1]/body[1]/div[1]/p[2]::138","PLACE","http://pleiades.stoa.org/places/138504","*Oscincium|*Oscincium, Houeillès","0300/0640","44.194914","0.033055","station","VERIFIED","@ana:#change|@cert:high","","",""
"97851d5f-cdd7-41d0-8be0-944d48b9c490","dorvm6vtatvrtt.tei.xml","scittio","from=/TEI[1]/text[1]/body[1]/div[1]/p[2]::159;to=/TEI[1]/text[1]/body[1]/div[1]/p[2]::166","PLACE","http://pleiades.stoa.org/places/246662","Sotium/Scittio|Sotium/Scittio, Sos","-0550/0640","44.0426843194","0.139726091928","station","VERIFIED","@ana:#change|@cert:high","","",""
"9baba3ca-3e74-40a2-aaea-aa5c210bf97e","dorvm6vtatvrtt.tei.xml","elusa","from=/TEI[1]/text[1]/body[1]/div[1]/p[2]::189;to=/TEI[1]/text[1]/body[1]/div[1]/p[2]::194","PLACE","http://pleiades.stoa.org/places/246380","Elusa|Elusa, Eauze|Eauze","-0030/2100","43.8611","0.1032","settlement","VERIFIED","@ana:#civitates|@cert:high","","",""
"b5e76f8f-71dd-405b-a8f2-7ef6ed1c1533","dorvm6vtatvrtt.tei.xml","vanesia","from=/TEI[1]/text[1]/body[1]/div[1]/p[2]::215;to=/TEI[1]/text[1]/body[1]/div[1]/p[2]::222","PLACE","http://pleiades.stoa.org/places/246727","Vanesia|Vanesia, Saint-Jean-Poutge","-0030/0640","43.724899","0.377856","station","VERIFIED","@ana:#change|@cert:high","","",""
"142eefe6-b3da-410c-9b73-33755fef7bd2","dorvm6vtatvrtt.tei.xml","auscius","from=/TEI[1]/text[1]/body[1]/div[1]/p[2]::242;to=/TEI[1]/text[1]/body[1]/div[1]/p[2]::249","PLACE","http://pleiades.stoa.org/places/246379","Elimberrum|Elimberrum, Auch|Auch","-0030/2100","43.6477","0.5852","settlement","VERIFIED","@ana:#civitas|@cert:high","","",""
"9e910de2-08d7-477b-821f-b9716cefd1bb","dorvm6vtatvrtt.tei.xml","d sextum","from=/TEI[1]/text[1]/body[1]/div[1]/p[2]::271;to=/TEI[1]/text[1]/body[1]/div[1]/p[2]::279","PLACE","http://pleiades.stoa.org/places/246141","Ad Sextum|Ad Sextum, L'Aubergé, Marsan","0300/0640","43.64785","0.733189","station","VERIFIED","@ana:#change|@cert:high","","",""
"ef0b0da4-7568-4a87-8591-277eaf6cc0e2","dorvm6vtatvrtt.tei.xml","hungunuerro","from=/TEI[1]/text[1]/body[1]/div[1]/p[2]::298;to=/TEI[1]/text[1]/body[1]/div[1]/p[2]::309","PLACE","http://pleiades.stoa.org/places/246420","Hungunverro|Hungunverro, La Tonguère","0300/0640","43.594998","0.91825","station","VERIFIED","@ana:#change|@cert:high","","",""
"07b53f98-62c3-4d6d-a6d4-82054c9d1e19","dorvm6vtatvrtt.tei.xml","bucconis","from=/TEI[1]/text[1]/body[1]/div[1]/p[2]::329;to=/TEI[1]/text[1]/body[1]/div[1]/p[2]::337","PLACE","http://pleiades.stoa.org/places/246260","Bucconis|Bucconis, Forêt de Bouconne","0300/0640","43.611763","1.085786","station","VERIFIED","@ana:#change|@cert:high","","",""
"f8c12141-9252-4492-91fe-3323d9355c6b","dorvm6vtatvrtt.tei.xml","ad iouem","from=/TEI[1]/text[1]/body[1]/div[1]/p[2]::363;to=/TEI[1]/text[1]/body[1]/div[1]/p[2]::371","PLACE","http://pleiades.stoa.org/places/246136","Ad Iovem|Ad Iovem, Pibrac","0300/0640","43.604874","1.276984","station","VERIFIED","@ana:#change|@cert:high","","",""
"1f21227f-5e9b-490c-b80a-d22cea89173c","dorvm6vtatvrtt.tei.xml","tholosa","from=/TEI[1]/text[1]/body[1]/div[1]/p[2]::391;to=/TEI[1]/text[1]/body[1]/div[1]/p[2]::398","PLACE","http://pleiades.stoa.org/places/246694","Purpan|Purpan-Ancely|Tolosa|Tolosa, Toulouse|Toulouse","-0330/2100","43.6147918","1.3976884","amphitheatre,settlement","VERIFIED","@ana:#civitas|@cert:high","","",""
"ddd89869-b949-471e-b12c-8dee3d6da40f","dorvm6vtatvrtt.tei.xml","ad nonum","from=/TEI[1]/text[1]/body[1]/div[1]/p[2]::418;to=/TEI[1]/text[1]/body[1]/div[1]/p[2]::426","PLACE","http://pleiades.stoa.org/places/246137","Ad Nonum|Ad Nonum, Pompertuzat|Pompertuzat","0300/0640","43.4916","1.5179","station","VERIFIED","@ana:#change|@cert:high","","",""
"cec13357-6a65-46c4-ac57-53fab8e99a3a","dorvm6vtatvrtt.tei.xml","ad vicesimum","from=/TEI[1]/text[1]/body[1]/div[1]/p[2]::447;to=/TEI[1]/text[1]/body[1]/div[1]/p[2]::459","PLACE","http://pleiades.stoa.org/places/246143","Ad Vicesimum|Ad Vicesimum, L’Hôpital","0300/0640","43.433758","1.668689","station","VERIFIED","@ana:#change|@cert:high","","",""
"e7668cf0-7bf9-4a79-881d-bc0acc825836","dorvm6vtatvrtt.tei.xml","elusione","from=/TEI[1]/text[1]/body[1]/div[1]/p[2]::476;to=/TEI[1]/text[1]/body[1]/div[1]/p[2]::484","PLACE","http://pleiades.stoa.org/places/246381","Elusio|Elusio, Saint-Pierre-d'Alzonne, Montferrand","-0330/2100","43.360676","1.8173718","station","VERIFIED","@ana:#halt|@cert:high","","",""
"7f26e0b7-250b-464d-94ec-b72f45f71693","dorvm6vtatvrtt.tei.xml","sostomago","from=/TEI[1]/text[1]/body[1]/div[1]/p[2]::505;to=/TEI[1]/text[1]/body[1]/div[1]/p[2]::514","PLACE","http://pleiades.stoa.org/places/246660","Sostomagus|Sostomagus, Castelnaudary|Castelnaudary","-0330/2100","43.31705","1.95681","station","VERIFIED","@ana:#change|@cert:high","","",""
"23ce71e5-fbfe-4c04-878b-e8a5fcd0ee25","dorvm6vtatvrtt.tei.xml","hebromago","from=/TEI[1]/text[1]/body[1]/div[1]/p[2]::533;to=/TEI[1]/text[1]/body[1]/div[1]/p[2]::542","PLACE","http://pleiades.stoa.org/places/246413","Hebromagus/Eburomagus|Hebromagus/Eburomagus, Bram|Bram","-0330/2100","43.24359","2.11342","settlement","VERIFIED","@ana:#vicus|@cert:high","","",""
"11be408e-6a51-4714-9576-bcc24d2013f3","dorvm6vtatvrtt.tei.xml","cedros","from=/TEI[1]/text[1]/body[1]/div[1]/p[2]::559;to=/TEI[1]/text[1]/body[1]/div[1]/p[2]::565","PLACE","http://pleiades.stoa.org/places/246320","Cedros|Cedros, Caux-et-Sauzens","-0030/0640","43.225184","2.2544606","station","VERIFIED","@ana:#change|@cert:high","","",""
"13f7d5f2-7358-442f-ba7c-0f3402554154","dorvm6vtatvrtt.tei.xml","carcassone","from=/TEI[1]/text[1]/body[1]/div[1]/p[2]::585;to=/TEI[1]/text[1]/body[1]/div[1]/p[2]::595","PLACE","http://pleiades.stoa.org/places/246294","Carcas(s)o/Col. Iulia|Carcasso/Carcaso/Col. Iulia, Carcassonne|Carcassonne","-0330/2100","43.205842","2.364076","settlement","VERIFIED","@ana:#castellum|@cert:high","","",""
"d05b3544-ef56-4e5b-9140-2943d38f8dcc","dorvm6vtatvrtt.tei.xml","tricensimum","from=/TEI[1]/text[1]/body[1]/div[1]/p[2]::615;to=/TEI[1]/text[1]/body[1]/div[1]/p[2]::626","PLACE","http://pleiades.stoa.org/places/246706","Tricensimum|Tricensimum, Crémadeills","0300/0640","43.1834709","2.4893213","station","VERIFIED","@ana:#change|@cert:high","","",""
"80abe4c3-eccb-4bdf-87f8-4f6d97d971c4","dorvm6vtatvrtt.tei.xml","hosuerbas","from=/TEI[1]/text[1]/body[1]/div[1]/p[2]::652;to=/TEI[1]/text[1]/body[1]/div[1]/p[2]::661","PLACE","http://pleiades.stoa.org/places/246720","Usuerva|Usuerva, Lézignan-Corbières|Lézignan-Corbières","0300/0640","43.2016515","2.7599705","station","VERIFIED","@ana:#change|@cert:high","","",""
"b41ac463-e010-49e9-a699-c957d3a72c6c","dorvm6vtatvrtt.tei.xml","narbone","from=/TEI[1]/text[1]/body[1]/div[1]/p[2]::679;to=/TEI[1]/text[1]/body[1]/div[1]/p[2]::686","PLACE","http://pleiades.stoa.org/places/246347","Col. Narbo Martius|Col. Narbo Martius, Narbonne|Narbonne","-0750/2100","43.184722","3.003611","settlement","VERIFIED","@ana:#civitas|@cert:high","","",""
"98d0bbca-b1a8-4b58-90cd-db6722249843","dorvm6vtatvrtt.tei.xml","beterris","from=/TEI[1]/text[1]/body[1]/div[1]/p[2]::704;to=/TEI[1]/text[1]/body[1]/div[1]/p[2]::712","PLACE","http://pleiades.stoa.org/places/148056","Amphithéâtre de Béziers|Col. Baeterrae|Col. Baeterrae, Béziers|Béziers","-0330/2100","43.339552","3.214097","amphitheatre,settlement","VERIFIED","@ana:#civitas|@cert:high","","",""
"9e19edde-7a2f-4c9b-83f1-3b0a2451831a","dorvm6vtatvrtt.tei.xml","cessarone","from=/TEI[1]/text[1]/body[1]/div[1]/p[2]::730;to=/TEI[1]/text[1]/body[1]/div[1]/p[2]::739","PLACE","http://pleiades.stoa.org/places/147997","Araura/Cessero|Cessero/Araura, Saint-Thibéry|Pont romain, Saint-Thibéry|Saint-Thibéry","-0750/2100","43.3951","3.4206","settlement","VERIFIED","@ana:#halt|@cert:high","","",""
"c5a8bb16-09f7-4636-ad0f-3fbe2747a7ed","dorvm6vtatvrtt.tei.xml","oro domiti","from=/TEI[1]/text[1]/body[1]/div[1]/p[2]::759;to=/TEI[1]/text[1]/body[1]/div[1]/p[2]::769","PLACE","http://pleiades.stoa.org/places/148081","Forum Domitii|Forum Domitii, Les Salles, Montbazin|Montbazin","-0330/2100","43.5115174","3.702392599999939","station","VERIFIED","@ana:#change|@cert:high","","",""
"8173a08d-cc9c-458e-8275-d2de78e5ddb3","dorvm6vtatvrtt.tei.xml","sostantione","from=/TEI[1]/text[1]/body[1]/div[1]/p[2]::790;to=/TEI[1]/text[1]/body[1]/div[1]/p[2]::801","PLACE","http://pleiades.stoa.org/places/148202","Sextantio|Sextantio/Substantion, Substantion|Castelnau-le-Lez","-0750/1453","43.64139","3.89573","bridge,settlement","VERIFIED","@ana:#change|@cert:high","","",""
"2857116e-8530-4726-bcf6-9ae86ed889bc","dorvm6vtatvrtt.tei.xml","ambrosi","from=/TEI[1]/text[1]/body[1]/div[1]/p[2]::819;to=/TEI[1]/text[1]/body[1]/div[1]/p[2]::826","PLACE","http://pleiades.stoa.org/places/147990","Ambrussum|Ambrussum, Pont-Ambroix (Ambrussum)","-0330/2100","43.715393","4.149532","settlement","VERIFIED","@ana:#change|@cert:high","","",""
"1bc711b2-4b1d-4e87-bcc2-627cda0c0030","dorvm6vtatvrtt.tei.xml","nemauso","from=/TEI[1]/text[1]/body[1]/div[1]/p[2]::844;to=/TEI[1]/text[1]/body[1]/div[1]/p[2]::851","PLACE","http://pleiades.stoa.org/places/148142","Nemausus|Barutel|Carrières de Barutel|Nemausus, Nîmes|Arènes de Nîmes|Nîmes","-0550/2100","43.8864857029","4.30012272177","amphitheatre,settlement-modern,mine,urban,fort,settlement","VERIFIED","@ana:#civitas|@cert:high","","",""
"24155e0d-3d07-4b55-9520-c2632edf9a16","dorvm6vtatvrtt.tei.xml","ponte aerarium","from=/TEI[1]/text[1]/body[1]/div[1]/p[2]::869;to=/TEI[1]/text[1]/body[1]/div[1]/p[2]::883","PLACE","http://pleiades.stoa.org/places/148160","Pons Aerarius|Pons Aerarius, Bellegarde|Bellegarde","0300/0640","43.753814","4.5144978","station","VERIFIED","@ana:#change|@cert:high","","",""
"2423387b-0bff-41b4-abbe-50121f1eaa06","dorvm6vtatvrtt.tei.xml","arelate","from=/TEI[1]/text[1]/body[1]/div[1]/p[2]::902;to=/TEI[1]/text[1]/body[1]/div[1]/p[2]::909","PLACE","http://pleiades.stoa.org/places/148217","Theline/Col. Arelate/Constantina|Théâtre antique, Arles|Col. Arelate/Theline/Constantina, Arles|Arènes d'Arles|Arles","-0750/2100","43.676389","4.629722","settlement","VERIFIED","@ana:#civitas|@cert:high","","",""
"4e010f17-2d26-4266-8f9e-c1409d2926a9","dorvm6vtatvrtt.tei.xml","burdigala","from=/TEI[1]/text[1]/body[1]/div[1]/p[3]::12;to=/TEI[1]/text[1]/body[1]/div[1]/p[3]::21","PLACE","http://pleiades.stoa.org/places/138248","Burdigala|Mithraeum, Bordeaux|Burdigala, Bordeaux|Piliers de Tutelle, Bordeaux|Bordeaux","-0030/2100","44.834764","-0.573687","amphitheatre,settlement","VERIFIED","@ana:#Summary|@cert:high","","",""
"dbd93604-1a11-48f9-8ffc-f8670f4dfcf5","dorvm6vtatvrtt.tei.xml","arelate","from=/TEI[1]/text[1]/body[1]/div[1]/p[3]::22;to=/TEI[1]/text[1]/body[1]/div[1]/p[3]::29","PLACE","http://pleiades.stoa.org/places/148217","Theline/Col. Arelate/Constantina|Théâtre antique, Arles|Col. Arelate/Theline/Constantina, Arles|Arènes d'Arles|Arles","-0750/2100","43.676389","4.629722","settlement","VERIFIED","@ana:#Summary|@cert:high","","",""
"efc4017d-9c71-40a8-9bd9-f9c87381f1ca","dorvm6vtatvrtt.tei.xml","arnagine","from=/TEI[1]/text[1]/body[1]/div[1]/p[3]::90;to=/TEI[1]/text[1]/body[1]/div[1]/p[3]::98","PLACE","http://pleiades.stoa.org/places/148074","Ernaginum|Ernaginum, Saint-Gabriel","-0030/0640","43.7666736","4.6980992","station","VERIFIED","@ana:#change|@cert:high","","",""
"50ded79e-ad0b-432e-8f09-d95acea1d27c","dorvm6vtatvrtt.tei.xml","bellinto","from=/TEI[1]/text[1]/body[1]/div[1]/p[3]::118;to=/TEI[1]/text[1]/body[1]/div[1]/p[3]::126","PLACE","http://pleiades.stoa.org/places/148019","Bellintum|Bellintum, Graveson/Rognonas","0300/0640","43.883","4.78","station","VERIFIED","@ana:#change|@cert:high","","",""
"303a03a8-36ff-4bcf-a43f-a6af42b440db","dorvm6vtatvrtt.tei.xml","auenione","from=/TEI[1]/text[1]/body[1]/div[1]/p[3]::143;to=/TEI[1]/text[1]/body[1]/div[1]/p[3]::151","PLACE","http://pleiades.stoa.org/places/148004","Avennio|Avennio, Avignon|Avignon","-0750/2100","43.95159","4.80769","settlement","VERIFIED","@ana:#civitas|@cert:high","","",""
"7f79a870-e282-421b-93f9-207b8c22f96d","dorvm6vtatvrtt.tei.xml","cypresseta","from=/TEI[1]/text[1]/body[1]/div[1]/p[3]::168;to=/TEI[1]/text[1]/body[1]/div[1]/p[3]::178","PLACE","http://pleiades.stoa.org/places/148065","Cypresseta|Cypresseta, Sorgues|Sorgues","0300/0640","44.0125","4.8727","station","VERIFIED","@ana:#change|@cert:high","","",""
"effffe05-127a-4caf-975e-48708a21d838","dorvm6vtatvrtt.tei.xml","arausione","from=/TEI[1]/text[1]/body[1]/div[1]/p[3]::195;to=/TEI[1]/text[1]/body[1]/div[1]/p[3]::204","PLACE","http://pleiades.stoa.org/places/148054","Col. Arausio|Col. Arausio, Orange|Gymnase romain, Orange|Théâtre antique, Orange|Orange","-0330/2100","44.138048","4.807393","arch,theatre,settlement","VERIFIED","@ana:#civitas|@cert:high","","",""
"dea44c99-ba88-406f-af91-38bc2548fc32","dorvm6vtatvrtt.tei.xml","ad letoce","from=/TEI[1]/text[1]/body[1]/div[1]/p[3]::222;to=/TEI[1]/text[1]/body[1]/div[1]/p[3]::231","PLACE","http://pleiades.stoa.org/places/167616","Barry|Ad Letoce|Ad Letoce, Gué du Lez|Bollène","-0030/0640","44.319455","4.758859","station","VERIFIED","@ana:#change|@cert:high","","",""
"94ca197a-156d-4774-bd17-74b49db167f8","dorvm6vtatvrtt.tei.xml","nouem","from=/TEI[1]/text[1]/body[1]/div[1]/p[3]::251;to=/TEI[1]/text[1]/body[1]/div[1]/p[3]::256","PLACE","http://pleiades.stoa.org/places/167856","Novem Craris|Novem Craris, Le Logis de Berre","-0330/2100","44.413686","4.74316","station","VERIFIED","@ana:#change|@cert:high","","",""
"be1347ce-c28d-4b04-b813-fbcb8c685a87","dorvm6vtatvrtt.tei.xml","acuno","from=/TEI[1]/text[1]/body[1]/div[1]/p[3]::279;to=/TEI[1]/text[1]/body[1]/div[1]/p[3]::284","PLACE","http://pleiades.stoa.org/places/167627","Dourion|Dourion, Géry, Montélimar|Akousion/Acunum|Akousion/Acunum, Montélimar|Montélimar","-0330/0640","44.55356","4.78607","settlement","VERIFIED","@ana:#halt|@cert:high","","",""
"fc82392c-e7aa-47f9-b0a5-70a3332e9ea5","dorvm6vtatvrtt.tei.xml","bantianis","from=/TEI[1]/text[1]/body[1]/div[1]/p[3]::307;to=/TEI[1]/text[1]/body[1]/div[1]/p[3]::316","PLACE","http://pleiades.stoa.org/places/167668","Batiana|Batiana, Bances|Umbennum|Umbennum, Étoile-sur-Rhône|Étoile-sur-Rhône","-0030/0640","44.706103","4.800244","station","VERIFIED","@ana:#change|@cert:high","","",""
"be8b4bc5-410a-4e80-9150-bb95334181d0","dorvm6vtatvrtt.tei.xml","vmbenno","from=/TEI[1]/text[1]/body[1]/div[1]/p[3]::335;to=/TEI[1]/text[1]/body[1]/div[1]/p[3]::342","PLACE","http://pleiades.stoa.org/places/167947","Batiana|Batiana, Bances|Umbennum|Umbennum, Étoile-sur-Rhône|Étoile-sur-Rhône","-0030/0640","44.706103","4.800244","station","VERIFIED","@ana:#change|@cert:high","","",""
"e6b44bcc-b5e8-4b66-9825-f2aa1e313afa","dorvm6vtatvrtt.tei.xml","valentia","from=/TEI[1]/text[1]/body[1]/div[1]/p[3]::361;to=/TEI[1]/text[1]/body[1]/div[1]/p[3]::369","PLACE","http://pleiades.stoa.org/places/167718","Col. Valentia|Col. Valentia, Valence|Valence","-0330/2100","44.931632","4.889528","settlement","VERIFIED","@ana:#civitas|@cert:high","","",""
"d9598c3e-1da5-4a62-9445-cf87adb0b80d","dorvm6vtatvrtt.tei.xml","cerebelliaca","from=/TEI[1]/text[1]/body[1]/div[1]/p[3]::390;to=/TEI[1]/text[1]/body[1]/div[1]/p[3]::402","PLACE","http://pleiades.stoa.org/places/167705","Cerebelliaca|Cerebelliaca, Ourches","-0030/0640","44.80499","5.04122","station","VERIFIED","@ana:#change|@cert:high","","",""
"7af85047-d97e-4086-adeb-6c28308470bc","dorvm6vtatvrtt.tei.xml","augusta","from=/TEI[1]/text[1]/body[1]/div[1]/p[3]::420;to=/TEI[1]/text[1]/body[1]/div[1]/p[3]::427","PLACE","http://pleiades.stoa.org/places/167658","Augusta|Augusta, Aouste-sur-Sye|Aouste-sur-Sye","-0030/0640","44.71597","5.05739","settlement","VERIFIED","@ana:#halt|@cert:high","","",""
"2d25b7e5-e088-4ed5-aeb3-5785ebbd0dfe","dorvm6vtatvrtt.tei.xml","darentiaca","from=/TEI[1]/text[1]/body[1]/div[1]/p[3]::444;to=/TEI[1]/text[1]/body[1]/div[1]/p[3]::454","PLACE","http://pleiades.stoa.org/places/167737","Darentiaca|Darentiaca, Saillans","-0030/0640","44.697838","5.197155","station","VERIFIED","@ana:#change|@cert:high","","",""
"baa44b65-5bf6-4641-92b3-9ea86dc370cb","dorvm6vtatvrtt.tei.xml","dea vocontiorum","from=/TEI[1]/text[1]/body[1]/div[1]/p[3]::473;to=/TEI[1]/text[1]/body[1]/div[1]/p[3]::488","PLACE","http://pleiades.stoa.org/places/167716","Col. Dea Vocontiorum|Col. Dea Vocontiorum/Dea Augusta, Die|Die","-0330/2100","44.75216","5.37102","settlement","VERIFIED","@ana:#civitas|@cert:high","","",""
"69521301-e999-4304-82f0-629224b54f7e","dorvm6vtatvrtt.tei.xml","luco","from=/TEI[1]/text[1]/body[1]/div[1]/p[3]::506;to=/TEI[1]/text[1]/body[1]/div[1]/p[3]::510","PLACE","http://pleiades.stoa.org/places/167815","Lucus Augusti|Lucus Augusti, Luc-en-Diois","-0030/0640","44.6157","5.4515","settlement","VERIFIED","@ana:#halt|@cert:high","","",""
"723cb3e4-13fd-4466-8371-dd6709cc8f06","dorvm6vtatvrtt.tei.xml","vologatis","from=/TEI[1]/text[1]/body[1]/div[1]/p[3]::529;to=/TEI[1]/text[1]/body[1]/div[1]/p[3]::538","PLACE","http://pleiades.stoa.org/places/167978","Vologatae|Vologatae, Beaurières","-0030/0640","44.5719477","5.5596675","settlement","VERIFIED","@ana:#change|@cert:high","","",""
"04c21fdd-3407-407a-b471-5c02ad569a9b","dorvm6vtatvrtt.tei.xml","gaura","from=/TEI[1]/text[1]/body[1]/div[1]/p[4]::22;to=/TEI[1]/text[1]/body[1]/div[1]/p[4]::27","PLACE","http://pleiades.stoa.org/places/167780","Gaura M.|Gaura Mons, Col de Cabre","-0030/0640","44.54963","5.59855","mountain","VERIFIED","@ana:#boundary|@cert:high","","",""
"1722bcd3-6d76-4468-8708-e38679dafa15","dorvm6vtatvrtt.tei.xml","cambono","from=/TEI[1]/text[1]/body[1]/div[1]/p[4]::42;to=/TEI[1]/text[1]/body[1]/div[1]/p[4]::49","PLACE","http://pleiades.stoa.org/places/167697","Cambonum|Cambonum, Font-Vineuse","-0030/0640","44.530062","5.684937","station","VERIFIED","@ana:#change|@cert:high","","",""
"1ba56fc0-d15e-4859-9a0b-194c1238abcd","dorvm6vtatvrtt.tei.xml","monte seleuci","from=/TEI[1]/text[1]/body[1]/div[1]/p[4]::68;to=/TEI[1]/text[1]/body[1]/div[1]/p[4]::81","PLACE","http://pleiades.stoa.org/places/167836","Mons Seleucus|Mons Seleucus, La Bâtie-Montsaléon","-0030/0640","44.457432","5.75141","sanctuary,settlement","VERIFIED","@ana:#halt|@cert:high","","",""
"982e6a50-75ed-4cea-87c8-10f68de8b2e5","dorvm6vtatvrtt.tei.xml","dauiano","from=/TEI[1]/text[1]/body[1]/div[1]/p[4]::101;to=/TEI[1]/text[1]/body[1]/div[1]/p[4]::108","PLACE","http://pleiades.stoa.org/places/167738","Davianum|Davianum, Veynes|Veynes","-0330/0640","44.5337","5.8211","station","VERIFIED","@ana:#change|@cert:high","","",""
"d1a4d847-c0b1-421b-ada9-e8633e1731e0","dorvm6vtatvrtt.tei.xml","ad finem","from=/TEI[1]/text[1]/body[1]/div[1]/p[4]::128;to=/TEI[1]/text[1]/body[1]/div[1]/p[4]::136","PLACE","http://pleiades.stoa.org/places/167615","Ad Finem|Ad Finem, La Roche-des-Arnauds|La Roche-des-Arnauds","-0030/0640","44.563424","5.958459","station","VERIFIED","@ana:#change|@cert:high","","",""
"e717f4da-0522-4e0c-9ba8-a1305a9ad9b1","dorvm6vtatvrtt.tei.xml","vappinco","from=/TEI[1]/text[1]/body[1]/div[1]/p[4]::154;to=/TEI[1]/text[1]/body[1]/div[1]/p[4]::162","PLACE","http://pleiades.stoa.org/places/167954","Vappincum|Vappincum, Gap|Gap","-0330/0640","44.55823","6.0781","settlement","VERIFIED","@ana:#halt|@cert:high","","",""
"0cf467f3-e6a6-44f0-b793-f10d32cb8b14","dorvm6vtatvrtt.tei.xml","catorigas","from=/TEI[1]/text[1]/body[1]/div[1]/p[4]::179;to=/TEI[1]/text[1]/body[1]/div[1]/p[4]::188","PLACE","http://pleiades.stoa.org/places/167701","Caturigomagus|Caturigomagus, Chorges|Chorges","-0330/0640","44.544438","6.275977","station","VERIFIED","@ana:#halt|@cert:high","","",""
"8d50ee6e-5c4f-45d4-9476-1da5c1ce6b7c","dorvm6vtatvrtt.tei.xml","ebreduno","from=/TEI[1]/text[1]/body[1]/div[1]/p[4]::206;to=/TEI[1]/text[1]/body[1]/div[1]/p[4]::214","PLACE","http://pleiades.stoa.org/places/167750","Eburodunum|Eburodunum, Embrun|Embrun","-0330/0640","44.562348","6.495055","settlement","VERIFIED","@ana:#halt|@cert:high","","",""
"9b611662-30d6-4168-a077-4dea5ac160c5","dorvm6vtatvrtt.tei.xml","alpes","from=/TEI[1]/text[1]/body[1]/div[1]/p[5]::15;to=/TEI[1]/text[1]/body[1]/div[1]/p[5]::20","PLACE","http://pleiades.stoa.org/places/167743","Druantium/*Alpis Cottia/Summae Alpes|Druantium/*Alpis Cottia/Summae Alpes, Montgenèvre","-0330/0640","44.93098","6.72341","settlement","VERIFIED","@ana:#boundary|@cert:high","","",""
"3d16a762-98b1-45ab-bd3c-2b15241de3e1","dorvm6vtatvrtt.tei.xml","ramae","from=/TEI[1]/text[1]/body[1]/div[1]/p[6]::8;to=/TEI[1]/text[1]/body[1]/div[1]/p[6]::13","PLACE","http://pleiades.stoa.org/places/167881","Rama|Rama, La Roche-de-Rame","-0330/0640","44.7505","6.5799","station","VERIFIED","@ana:#change|@cert:high","","",""
"1d4e5096-a8c6-44cb-b7a4-f9c196f74ae9","dorvm6vtatvrtt.tei.xml","byrigante","from=/TEI[1]/text[1]/body[1]/div[1]/p[6]::32;to=/TEI[1]/text[1]/body[1]/div[1]/p[6]::41","PLACE","http://pleiades.stoa.org/places/167691","Brigantio|Brigantio, Briançon|Briançon","-0030/0640","44.8969","6.6342","settlement","VERIFIED","@ana:#halt|@cert:high","","",""
"c7842fef-0e52-42e8-932f-fbbf7ab79134","dorvm6vtatvrtt.tei.xml","matronam","from=/TEI[1]/text[1]/body[1]/div[1]/p[7]::20;to=/TEI[1]/text[1]/body[1]/div[1]/p[7]::28","PLACE","http://pleiades.stoa.org/places/167826","Matrona M.|Matrona Mons, Mont Chaberton","0300/0640","44.9645385","6.7514195","mountain","VERIFIED","@cert:high","","",""
"90d63a3f-fc25-4c3c-bb3e-973a9fa8c100","dorvm6vtatvrtt.tei.xml","gesdaone","from=/TEI[1]/text[1]/body[1]/div[1]/p[7]::38;to=/TEI[1]/text[1]/body[1]/div[1]/p[7]::46","PLACE","http://pleiades.stoa.org/places/167778","Gaesao/Tyrium|Gaesao/Tyrium, Cesana Torinese","-0330/0300","44.95463","6.79464","settlement","VERIFIED","@ana:#change|@cert:high","","",""
"ab84b865-9211-407d-9f0c-4c1c5afc9b29","dorvm6vtatvrtt.tei.xml","ad marte","from=/TEI[1]/text[1]/body[1]/div[1]/p[7]::62;to=/TEI[1]/text[1]/body[1]/div[1]/p[7]::70","PLACE","http://pleiades.stoa.org/places/167617","Ad Martis|Ad Martis, Oulx|Oulx","-0030/0640","45.0333246","6.8336348","station","VERIFIED","@ana:#halt|@cert:high","","",""
"66ef34d1-4a1f-4034-8d79-de4c4f08d5cc","dorvm6vtatvrtt.tei.xml","segussione","from=/TEI[1]/text[1]/body[1]/div[1]/p[7]::91;to=/TEI[1]/text[1]/body[1]/div[1]/p[7]::101","PLACE","http://pleiades.stoa.org/places/167919","Segusio|Segusio, Susa|Susa","-0330/2100","45.13736","7.04537","settlement","VERIFIED","@ana:#civitas|@cert:high","","",""
"b0b407b5-3b7a-4415-a12c-66ba4b812234","dorvm6vtatvrtt.tei.xml","italia","from=/TEI[1]/text[1]/body[1]/div[1]/p[8]::13;to=/TEI[1]/text[1]/body[1]/div[1]/p[8]::19","PLACE","http://pleiades.stoa.org/places/1052","Italia","-0030/0300","42.5","12.5","region","VERIFIED","@ana:#boundary|@cert:high","","",""
"4105123d-3516-41a7-a7c6-09c43798a293","dorvm6vtatvrtt.tei.xml","duodecimum","from=/TEI[1]/text[1]/body[1]/div[1]/p[9]::11;to=/TEI[1]/text[1]/body[1]/div[1]/p[9]::21","PLACE","http://pleiades.stoa.org/places/167623","Ad XII|Ad XII, San Didero|San Didero","0300/0640","45.13486","7.21734","station","VERIFIED","@ana:#change|@cert:high","","",""
"32bbf3d0-fcb4-4cb0-a5b2-0c760feccfb4","dorvm6vtatvrtt.tei.xml","ad fines","from=/TEI[1]/text[1]/body[1]/div[1]/p[9]::39;to=/TEI[1]/text[1]/body[1]/div[1]/p[9]::47","PLACE","http://pleiades.stoa.org/places/383545","Ad Fines|Ad Fines, Drubiaglio, Avigliana|Avigliana","-0030/0640","45.09822","7.41951","settlement-modern,station","VERIFIED","@ana:#halt|@cert:high","","",""
"b19cb972-d549-40d9-a660-593f765aba51","dorvm6vtatvrtt.tei.xml","ad octauum","from=/TEI[1]/text[1]/body[1]/div[1]/p[9]::66;to=/TEI[1]/text[1]/body[1]/div[1]/p[9]::76","PLACE","http://pleiades.stoa.org/places/383557","Ad VIII|Ad VIII, Rivoli","-0030/0640","45.07054","7.518","station","VERIFIED","@ana:#change|@cert:high","","",""
"a719923d-20b4-4fbc-9f25-d87b5f07b6c7","dorvm6vtatvrtt.tei.xml","taurinis","from=/TEI[1]/text[1]/body[1]/div[1]/p[9]::96;to=/TEI[1]/text[1]/body[1]/div[1]/p[9]::104","PLACE","http://pleiades.stoa.org/places/383580","Augusta Taurinorum|Augusta Taurinorum, Torino|Turin","-0030/2100","45.073361","7.685433","settlement,fort","VERIFIED","@ana:#civitas|@cert:high","","",""
"c883f50a-8471-4b1a-9816-56c518b3d9bf","dorvm6vtatvrtt.tei.xml","ad decimum","from=/TEI[1]/text[1]/body[1]/div[1]/p[9]::124;to=/TEI[1]/text[1]/body[1]/div[1]/p[9]::134","PLACE","http://pleiades.stoa.org/places/383558","Ad X|Ad X, Brandizzo","-0030/0640","45.1782962","7.8389259","station","VERIFIED","@ana:#change|@cert:high","","",""
"7b842a26-7f90-4f07-92bf-e4fcfcf5b240","dorvm6vtatvrtt.tei.xml","quadratis","from=/TEI[1]/text[1]/body[1]/div[1]/p[9]::156;to=/TEI[1]/text[1]/body[1]/div[1]/p[9]::165","PLACE","http://pleiades.stoa.org/places/383753","Quadrata|Quadrata, Quarino Bianco di Verolengo","-0030/0640","45.1911111","7.9693888","station","VERIFIED","@ana:#halt|@cert:high","","",""
"6e60256c-0755-4fa3-8dce-46b584c6e08a","dorvm6vtatvrtt.tei.xml","ceste","from=/TEI[1]/text[1]/body[1]/div[1]/p[9]::184;to=/TEI[1]/text[1]/body[1]/div[1]/p[9]::189","PLACE","http://pleiades.stoa.org/places/383616","Cest(a)e|Cestae/Ceste, Crescentino","-0030/0640","45.189906","8.151744","station","VERIFIED","@ana:#change|@cert:high","","",""
"7583830d-daa8-47f2-816e-24717dcdad2e","dorvm6vtatvrtt.tei.xml","rigomago","from=/TEI[1]/text[1]/body[1]/div[1]/p[9]::206;to=/TEI[1]/text[1]/body[1]/div[1]/p[9]::214","PLACE","http://pleiades.stoa.org/places/383759","Rigomagus|Rigomagus, Trino|Trino","-0030/0640","45.1931","8.2974","station","VERIFIED","@ana:#halt|@cert:high","","",""
"32bb7c9e-9104-49c1-b417-92c7a1f686eb","dorvm6vtatvrtt.tei.xml","ad medias","from=/TEI[1]/text[1]/body[1]/div[1]/p[9]::234;to=/TEI[1]/text[1]/body[1]/div[1]/p[9]::243","PLACE","http://pleiades.stoa.org/places/383610","Carbantia/Ad Medias|Carbantia/Ad Medias, Villanova Monferrato","-0030/0640","45.18188","8.47943","station","VERIFIED","@ana:#change|@cert:high","","",""
"698e1e55-62e7-43a0-b6da-b3ecac18a55c","dorvm6vtatvrtt.tei.xml","ad cottias","from=/TEI[1]/text[1]/body[1]/div[1]/p[9]::260;to=/TEI[1]/text[1]/body[1]/div[1]/p[9]::270","PLACE","http://pleiades.stoa.org/places/383630","Cuttiae|Cuttiae, Cozzo|Cozzo","-0030/0640","45.19207","8.61114","station","VERIFIED","@ana:#change|@cert:high","","",""
"4ec8b38a-5a9e-4f37-85f8-8cd4e9bad992","dorvm6vtatvrtt.tei.xml","laumello","from=/TEI[1]/text[1]/body[1]/div[1]/p[9]::289;to=/TEI[1]/text[1]/body[1]/div[1]/p[9]::297","PLACE","http://pleiades.stoa.org/places/383690","Laumellum|Laumellum, Lomello|Lomello","-0030/0640","45.12266","8.79383","fort","VERIFIED","@ana:#halt|@cert:high","","",""
"b13e659c-e68c-454a-b328-b612f7f01eab","dorvm6vtatvrtt.tei.xml","duriis","from=/TEI[1]/text[1]/body[1]/div[1]/p[9]::316;to=/TEI[1]/text[1]/body[1]/div[1]/p[9]::322","PLACE","http://pleiades.stoa.org/places/383637","Durriae|Durriae, Dorno|Dorno","-0030/0640","45.15496","8.95161","station","VERIFIED","@ana:#change|@cert:high","","",""
"5d4ad60f-4c02-48c0-8595-072f205b9710","dorvm6vtatvrtt.tei.xml","ticino","from=/TEI[1]/text[1]/body[1]/div[1]/p[9]::342;to=/TEI[1]/text[1]/body[1]/div[1]/p[9]::348","PLACE","http://pleiades.stoa.org/places/383798","Ticinum|Ticinum/Ticenum, Pavia|Pavia","-0030/2100","45.1859","9.1566","settlement","VERIFIED","@ana:#civitas|@cert:high","","",""
"d8c8ac65-5af3-4283-bfe8-3bfe9a72df2b","dorvm6vtatvrtt.tei.xml","ad decimum","from=/TEI[1]/text[1]/body[1]/div[1]/p[9]::367;to=/TEI[1]/text[1]/body[1]/div[1]/p[9]::377","PLACE","http://pleiades.stoa.org/places/383559","Ad X|Ad X, Cascina Decima, Lacchiarella","-0030/0640","45.32437","9.15933","settlement-modern,station","VERIFIED","@ana:#change|@cert:high","","",""
"c0d13379-0b2d-4bf8-a2f6-35a5b3b92dfb","dorvm6vtatvrtt.tei.xml","mediolanum","from=/TEI[1]/text[1]/body[1]/div[1]/p[9]::394;to=/TEI[1]/text[1]/body[1]/div[1]/p[9]::404","PLACE","http://pleiades.stoa.org/places/383706","Mediolan(i)um|Mediolanium/Mediolanum, Milano|Milan","-0550/2100","45.4637","9.1881","urban,settlement","VERIFIED","@ana:#civitas|@cert:high","","",""
"8a8cd950-531e-4c55-bbb9-cf3eb78e6fc3","dorvm6vtatvrtt.tei.xml","fluuio frigido","from=/TEI[1]/text[1]/body[1]/div[1]/p[9]::421;to=/TEI[1]/text[1]/body[1]/div[1]/p[9]::435","PLACE","","","","","","","UNVERIFIED","@cert:unknown","","",""
"1776ca30-bf34-4dd7-97ea-45bf95814381","dorvm6vtatvrtt.tei.xml","arelate","from=/TEI[1]/text[1]/body[1]/div[1]/p[10]::13;to=/TEI[1]/text[1]/body[1]/div[1]/p[10]::20","PLACE","http://pleiades.stoa.org/places/148217","Theline/Col. Arelate/Constantina|Théâtre antique, Arles|Col. Arelate/Theline/Constantina, Arles|Arènes d'Arles|Arles","-0750/2100","43.676389","4.629722","settlement","VERIFIED","@ana:#summary|@cert:high","","",""
"66c66195-ee57-4877-82e9-ae3146532242","dorvm6vtatvrtt.tei.xml","mediolanum","from=/TEI[1]/text[1]/body[1]/div[1]/p[10]::21;to=/TEI[1]/text[1]/body[1]/div[1]/p[10]::31","PLACE","http://pleiades.stoa.org/places/383706","Mediolan(i)um|Mediolanium/Mediolanum, Milano|Milan","-0550/2100","45.4637","9.1881","urban,settlement","VERIFIED","@ana:#summary|@cert:high","","",""
"79482890-016b-4511-8f3f-d0767ed52251","dorvm6vtatvrtt.tei.xml","fluuio frigido","from=/TEI[1]/text[1]/body[1]/div[2]/p[1]::36;to=/TEI[1]/text[1]/body[1]/div[2]/p[1]::50","PLACE","","","","","","","UNVERIFIED","@cert:unknown","","",""
"b45cf279-55b4-4f5b-afcc-22664c62e629","dorvm6vtatvrtt.tei.xml","argentea","from=/TEI[1]/text[1]/body[1]/div[2]/p[2]::96;to=/TEI[1]/text[1]/body[1]/div[2]/p[2]::104","PLACE","http://pleiades.stoa.org/places/383575","Argentea|Argentea, Gorgonzola","-0030/0640","45.53126","9.40846","station","VERIFIED","@ana:#change|@cert:high","","",""
"51335c31-110c-498f-9093-83297bb5be1a","dorvm6vtatvrtt.tei.xml","ponte aureoli","from=/TEI[1]/text[1]/body[1]/div[2]/p[2]::121;to=/TEI[1]/text[1]/body[1]/div[2]/p[2]::134","PLACE","http://pleiades.stoa.org/places/383747","Pons Aureoli|Pons Aureoli, Canonica d'Adda","-0030/0640","45.57757","9.53731","station","VERIFIED","@ana:#change|@cert:high","","",""
"4df3371d-e29f-470c-bdac-2ce93f01b73f","dorvm6vtatvrtt.tei.xml","bergamo","from=/TEI[1]/text[1]/body[1]/div[2]/p[2]::151;to=/TEI[1]/text[1]/body[1]/div[2]/p[2]::158","PLACE","http://pleiades.stoa.org/places/383589","Bergomum|Bergomum, Bergamo|Bergamo","-0550/0640","45.6947","9.6687","settlement","VERIFIED","@ana:#civitas|@cert:high","","",""
"db34041e-4c6e-4f32-80f0-a9aa5eb1c7b0","dorvm6vtatvrtt.tei.xml","tellegate","from=/TEI[1]/text[1]/body[1]/div[2]/p[2]::178;to=/TEI[1]/text[1]/body[1]/div[2]/p[2]::187","PLACE","http://pleiades.stoa.org/places/383796","Tellegate|Tellegate, Telgate","-0030/0640","45.62681","9.85393","station","VERIFIED","@ana:#change|@cert:high","","",""
"edaf705c-617d-4fac-a12e-99829f5f3843","dorvm6vtatvrtt.tei.xml","tetellus","from=/TEI[1]/text[1]/body[1]/div[2]/p[2]::206;to=/TEI[1]/text[1]/body[1]/div[2]/p[2]::214","PLACE","http://pleiades.stoa.org/places/383797","Tetellus|Tetellus, Ospitaletto","-0030/0640","45.55597","10.07348","station","VERIFIED","@ana:#change|@cert:high","","",""
"7a9fd1d4-f0de-4bdc-b51c-476d5419ffb7","dorvm6vtatvrtt.tei.xml","brixa","from=/TEI[1]/text[1]/body[1]/div[2]/p[2]::231;to=/TEI[1]/text[1]/body[1]/div[2]/p[2]::236","PLACE","http://pleiades.stoa.org/places/383603","Brixia|Brixia, Brescia|Brescia","-0550/2100","45.5398","10.2229","theatre,church,settlement,temple-2","VERIFIED","@ana:#civitas|@cert:high","","",""
"75441cba-5509-44ac-ad55-7dea25c21742","dorvm6vtatvrtt.tei.xml","ad flexum","from=/TEI[1]/text[1]/body[1]/div[2]/p[2]::252;to=/TEI[1]/text[1]/body[1]/div[2]/p[2]::261","PLACE","http://pleiades.stoa.org/places/383546","Ad Flexum/Sermione Mansio|Ad Flexum/Sermione Mansio, Colombare, Sirmione","-0030/0640","45.46587","10.60554","settlement-modern,station","VERIFIED","@ana:#halt|@cert:high","","",""
"3ad78631-c81a-4bca-8d06-ac9db8e36bb5","dorvm6vtatvrtt.tei.xml","beneuentum","from=/TEI[1]/text[1]/body[1]/div[2]/p[2]::279;to=/TEI[1]/text[1]/body[1]/div[2]/p[2]::289","PLACE","http://pleiades.stoa.org/places/383588","Beneventum|Beneventum, Cavalcaselle, Castelnuovo del Garda","-0030/0640","45.43802","10.72455","station","VERIFIED","@ana:#change|@cert:high","","",""
"f304769c-0d3d-408b-b87b-6c962ad6d936","dorvm6vtatvrtt.tei.xml","verona","from=/TEI[1]/text[1]/body[1]/div[2]/p[2]::306;to=/TEI[1]/text[1]/body[1]/div[2]/p[2]::312","PLACE","http://pleiades.stoa.org/places/383816","Verona|Verona, Verona|Verona","-0030/0640","45.447243","10.997007","arch,settlement","VERIFIED","@ana:#civitas|@cert:high","","",""
"090b91c9-0be5-4573-9181-95d3b38f8cfc","dorvm6vtatvrtt.tei.xml","cadiano","from=/TEI[1]/text[1]/body[1]/div[2]/p[2]::329;to=/TEI[1]/text[1]/body[1]/div[2]/p[2]::336","PLACE","http://pleiades.stoa.org/places/393396","Cadianum|Cadianum, Caldiero","-0030/0640","45.415315","11.178444","station","VERIFIED","@ana:#change|@cert:high","","",""
"7c524864-78f6-4d82-aec3-7237b66685d1","dorvm6vtatvrtt.tei.xml","aureos","from=/TEI[1]/text[1]/body[1]/div[2]/p[2]::353;to=/TEI[1]/text[1]/body[1]/div[2]/p[2]::359","PLACE","http://pleiades.stoa.org/places/393387","Auraei|Auraei, Montebello Vicentino","-0750/0640","45.457519","11.384537","station","VERIFIED","@ana:#change|@cert:high","","",""
"45f8b577-b6f9-4cf8-b07a-7a0fce47442e","dorvm6vtatvrtt.tei.xml","vincentia","from=/TEI[1]/text[1]/body[1]/div[2]/p[2]::382;to=/TEI[1]/text[1]/body[1]/div[2]/p[2]::391","PLACE","http://pleiades.stoa.org/places/393513","Vicetia|Vicetia, Vicenza|Vicenza","-0750/2100","45.5459","11.5403","theatre,settlement","VERIFIED","@ana:#civitas|@cert:high","","",""
"b78a28ea-c04d-4b79-9ca0-a5041325d909","dorvm6vtatvrtt.tei.xml","ad finem","from=/TEI[1]/text[1]/body[1]/div[2]/p[2]::409;to=/TEI[1]/text[1]/body[1]/div[2]/p[2]::417","PLACE","http://pleiades.stoa.org/places/393361","Ad Finem|Ad Finem, Arlesega, Mestrino","-0030/0640","45.46073","11.71983","station","VERIFIED","@ana:#boundary|@cert:high","","",""
"727151aa-797a-4180-82fc-c5ba792e6e20","dorvm6vtatvrtt.tei.xml","pataui","from=/TEI[1]/text[1]/body[1]/div[2]/p[2]::435;to=/TEI[1]/text[1]/body[1]/div[2]/p[2]::441","PLACE","http://pleiades.stoa.org/places/393473","Patavium|Patavium, Padova|Padova","-0750/2100","45.4096","11.8766","settlement","VERIFIED","@ana:# #civitas|@cert:high","","",""
"46d2de90-28d3-4ada-b6d6-e7b75fdabc80","dorvm6vtatvrtt.tei.xml","ad duodecimum","from=/TEI[1]/text[1]/body[1]/div[2]/p[2]::458;to=/TEI[1]/text[1]/body[1]/div[2]/p[2]::471","PLACE","http://pleiades.stoa.org/places/393359","Ad XII/Meduacus Maior|Ad XII/Meduacus Maior, Sambruson, Dolo","-0030/0640","45.4132","12.10001","station","VERIFIED","@ana:#change|@cert:high","","",""
"67727dc7-384a-4c79-916b-6a59e19e14d5","dorvm6vtatvrtt.tei.xml","ad nonum","from=/TEI[1]/text[1]/body[1]/div[2]/p[2]::490;to=/TEI[1]/text[1]/body[1]/div[2]/p[2]::498","PLACE","http://pleiades.stoa.org/places/393358","Ad IX|Ad IX, Ponte di Pietra, Venezia","-0030/0640","45.4814175","12.2770176","station","VERIFIED","@ana:#change|@cert:high","","",""
"48176eb5-f18d-41fd-a3ba-cb8351870006","dorvm6vtatvrtt.tei.xml","altino","from=/TEI[1]/text[1]/body[1]/div[2]/p[2]::516;to=/TEI[1]/text[1]/body[1]/div[2]/p[2]::522","PLACE","http://pleiades.stoa.org/places/393374","Altinum|Altinum, Altino, Quarto d'Altino","-0550/0640","45.5462452","12.3994439","road,settlement","VERIFIED","@ana:#civitas|@cert:high","","",""
"225373fa-4e1c-4607-ae3e-c91cdca144e5","dorvm6vtatvrtt.tei.xml","sanos","from=/TEI[1]/text[1]/body[1]/div[2]/p[2]::543;to=/TEI[1]/text[1]/body[1]/div[2]/p[2]::548","PLACE","http://pleiades.stoa.org/places/393369","Ad Sanos|Untitled|Ponte romano, San Stino di Livenza|Ad Sanos, Santo Stino di Livenza","-0030/0640","45.71133","12.68856","bridge,station","VERIFIED","@ana:# #change|@cert:high","","",""
"e4aa61ce-7291-48c3-b347-6eab97ac4e6b","dorvm6vtatvrtt.tei.xml","concordia","from=/TEI[1]/text[1]/body[1]/div[2]/p[2]::565;to=/TEI[1]/text[1]/body[1]/div[2]/p[2]::574","PLACE","http://pleiades.stoa.org/places/393441","Iulia Concordia|Iulia Concordia, Concordia Sagittaria|Concordia Sagittaria","-0750/0640","45.75594","12.84547","settlement","VERIFIED","@ana:#civitas|@cert:high","","",""
"cb42f75c-64f2-4a0a-b519-25fd940796b1","dorvm6vtatvrtt.tei.xml","apicilia","from=/TEI[1]/text[1]/body[1]/div[2]/p[2]::595;to=/TEI[1]/text[1]/body[1]/div[2]/p[2]::603","PLACE","http://pleiades.stoa.org/places/187287","‘Apicilia’|‘Apicilia’, Latisanotta, Latisana","-0030/0640","45.78756","12.98675","station","VERIFIED","@ana:#change|@cert:high","","",""
"63580c1c-13ee-4741-9ef6-8d293745a763","dorvm6vtatvrtt.tei.xml","ad vndecimum","from=/TEI[1]/text[1]/body[1]/div[2]/p[2]::624;to=/TEI[1]/text[1]/body[1]/div[2]/p[2]::636","PLACE","http://pleiades.stoa.org/places/187260","Ad Undecimum 1|Ad Undecimum, Chiarisacco, San Giorgio di Nogaro","-0030/0640","45.833489","13.215652","station","VERIFIED","@ana:#change|@cert:high","","",""
"d71d082e-473f-4b0d-8a87-e38c36605f24","dorvm6vtatvrtt.tei.xml","aquileia","from=/TEI[1]/text[1]/body[1]/div[2]/p[2]::654;to=/TEI[1]/text[1]/body[1]/div[2]/p[2]::662","PLACE","http://pleiades.stoa.org/places/187290","Aquileia|Aquileia, Aquileia|Aquileia","-0330/0640","45.769631","13.370946","church,settlement","VERIFIED","@ana:#civitas|@cert:high","","",""
"108be306-091a-4b79-8c89-324d51bee4cc","dorvm6vtatvrtt.tei.xml","aquileia","from=/TEI[1]/text[1]/body[1]/div[2]/p[3]::16;to=/TEI[1]/text[1]/body[1]/div[2]/p[3]::24","PLACE","http://pleiades.stoa.org/places/187290","Aquileia|Aquileia, Aquileia|Aquileia","-0330/0640","45.769631","13.370946","church,settlement","VERIFIED","@ana:#summary|@cert:high","","",""
"09f1e837-d95a-4fe7-badd-530caeae0c0d","dorvm6vtatvrtt.tei.xml","ad vndecimum","from=/TEI[1]/text[1]/body[1]/div[2]/p[3]::87;to=/TEI[1]/text[1]/body[1]/div[2]/p[3]::99","PLACE","http://pleiades.stoa.org/places/187261","Ad Undecimum 2|Ad Undecimum, Gradisca d'Isonzo","-0030/0640","45.89305","13.50011","station","VERIFIED","@ana:#change|@cert:high","","",""
"e3bac159-ae7f-48b0-970e-323518dc84b1","dorvm6vtatvrtt.tei.xml","ad fornolus","from=/TEI[1]/text[1]/body[1]/div[2]/p[3]::123;to=/TEI[1]/text[1]/body[1]/div[2]/p[3]::134","PLACE","http://pleiades.stoa.org/places/197063","*Ad Fornulos|*Ad Fornulos, Prvačina","-0030/0640","45.8908528","13.720575","station","VERIFIED","@ana:#change|@cert:high","","",""
"69db44b8-b6a4-44b7-8727-b489bc890544","dorvm6vtatvrtt.tei.xml","castra","from=/TEI[1]/text[1]/body[1]/div[2]/p[3]::153;to=/TEI[1]/text[1]/body[1]/div[2]/p[3]::159","PLACE","http://pleiades.stoa.org/places/197276","Fluvio Frigido/Castra|Fluvio Frigido/Castra, Ajdovščina","-0030/0640","45.889328","13.905216","fort","VERIFIED","@ana:#change|@cert:high","","",""
"1c9c8b1c-686e-4595-a095-419d451764ec","dorvm6vtatvrtt.tei.xml","alpes iuliae","from=/TEI[1]/text[1]/body[1]/div[2]/p[4]::13;to=/TEI[1]/text[1]/body[1]/div[2]/p[4]::25","PLACE","http://pleiades.stoa.org/places/197317","In Alpe Iulia/Ad Pirum|In Alpe Iulia/Ad Pirum, Hrušica","-0030/0640","45.86363","14.11198","station,fort","VERIFIED","@ana:#boundary|@cert:high","","",""
"065e373b-f7ae-401e-8cab-3662ee86165b","dorvm6vtatvrtt.tei.xml","Ad pirum","from=/TEI[1]/text[1]/body[1]/div[2]/p[5]::0;to=/TEI[1]/text[1]/body[1]/div[2]/p[5]::8","PLACE","http://pleiades.stoa.org/places/197317","In Alpe Iulia/Ad Pirum|In Alpe Iulia/Ad Pirum, Hrušica","-0030/0640","45.86363","14.11198","station,fort","VERIFIED","@ana:#summit|@cert:high","","",""
"51dfd9fc-48f2-45c9-9f95-8be727e6e0fc","dorvm6vtatvrtt.tei.xml","longatico","from=/TEI[1]/text[1]/body[1]/div[2]/p[5]::41;to=/TEI[1]/text[1]/body[1]/div[2]/p[5]::50","PLACE","http://pleiades.stoa.org/places/197357","Longaticum|Longaticum, Logatec","-0030/0640","45.91769","14.22982","station","VERIFIED","@ana:#mansio|@cert:high","","",""
"98a04fe6-2557-4194-8a90-037bc97f886d","dorvm6vtatvrtt.tei.xml","ad nonum","from=/TEI[1]/text[1]/body[1]/div[2]/p[5]::67;to=/TEI[1]/text[1]/body[1]/div[2]/p[5]::75","PLACE","http://pleiades.stoa.org/places/197076","Ad Nonum|Ad Nonum, Log pri Brezovici","-0030/0640","46.00907","14.36629","station","VERIFIED","@ana:#change|@cert:high","","",""
"2a9963d5-21db-4b6c-ab80-74569d91b40a","dorvm6vtatvrtt.tei.xml","emona","from=/TEI[1]/text[1]/body[1]/div[2]/p[5]::96;to=/TEI[1]/text[1]/body[1]/div[2]/p[5]::101","PLACE","http://pleiades.stoa.org/places/197258","Emona|Emona, Ljubljana","-0330/2100","46.047361","14.501095","settlement","VERIFIED","@ana:#civitas|@cert:high","","",""
"80c86aff-3325-486d-bc28-971187cef28d","dorvm6vtatvrtt.tei.xml","ad quartodecimo","from=/TEI[1]/text[1]/body[1]/div[2]/p[5]::122;to=/TEI[1]/text[1]/body[1]/div[2]/p[5]::137","PLACE","http://pleiades.stoa.org/places/197082","Ad Quartodecimum|Ad Quartodecimum, Groblje pri Mengšu","-0030/0640","46.14973","14.58867","station","VERIFIED","@ana:#change|@cert:high","","",""
"fc06f398-9cfc-46bc-9bf3-86be671825ba","dorvm6vtatvrtt.tei.xml","hadrante","from=/TEI[1]/text[1]/body[1]/div[2]/p[5]::153;to=/TEI[1]/text[1]/body[1]/div[2]/p[5]::161","PLACE","http://pleiades.stoa.org/places/197147","Atrans|Atrans, Trojane","-0030/0640","46.188078","14.883019","station","VERIFIED","@ana:#mansio|@cert:high","","",""
"b4f78dca-5a7d-47c2-b8fa-e0985b4ae97e","dorvm6vtatvrtt.tei.xml","italiae","from=/TEI[1]/text[1]/body[1]/div[2]/p[6]::6;to=/TEI[1]/text[1]/body[1]/div[2]/p[6]::13","PLACE","http://pleiades.stoa.org/places/1052","Italia","-0030/0300","42.5","12.5","region","VERIFIED","@ana:#boundary|@cert:high","","",""
"27b9fe58-4992-47c2-8a52-24811a4a7dfd","dorvm6vtatvrtt.tei.xml","ad medias","from=/TEI[1]/text[1]/body[1]/div[2]/p[7]::8;to=/TEI[1]/text[1]/body[1]/div[2]/p[7]::17","PLACE","http://pleiades.stoa.org/places/197072","Ad Medias|Ad Medias, Ločica ob Savinji, Polzela","-0030/0640","46.263669","15.099633","station","VERIFIED","@ana:#change|@cert:high","","",""
"505888f6-d903-4455-9e3f-65b10fc6ac37","dorvm6vtatvrtt.tei.xml","celeia","from=/TEI[1]/text[1]/body[1]/div[2]/p[7]::37;to=/TEI[1]/text[1]/body[1]/div[2]/p[7]::43","PLACE","http://pleiades.stoa.org/places/197206","Celeia|Celeia, Celje","-0030/2100","46.231018","15.2602936","settlement","VERIFIED","@ana:#civitas|@cert:high","","",""
"01b89a7e-cb0f-4fe4-92fb-49c3ef090f12","dorvm6vtatvrtt.tei.xml","lotodos","from=/TEI[1]/text[1]/body[1]/div[2]/p[7]::69;to=/TEI[1]/text[1]/body[1]/div[2]/p[7]::76","PLACE","http://pleiades.stoa.org/places/197069","Ad Lotodos|Ad Lotodos, Stranice","-0030/0640","46.3629738","15.3644038","station","VERIFIED","@ana:#change|@cert:high","","",""
"a7a0e634-4184-4350-82f9-71ee3347ece1","dorvm6vtatvrtt.tei.xml","ragindone","from=/TEI[1]/text[1]/body[1]/div[2]/p[7]::94;to=/TEI[1]/text[1]/body[1]/div[2]/p[7]::103","PLACE","http://pleiades.stoa.org/places/197467","Ragando|Ragando, Spodnje Grušovje","-0030/0640","46.351","15.5","station","VERIFIED","@ana:#mansio|@cert:high","","",""
"af556606-e891-4f93-ab54-4415b406ae93","dorvm6vtatvrtt.tei.xml","pultouia","from=/TEI[1]/text[1]/body[1]/div[2]/p[7]::122;to=/TEI[1]/text[1]/body[1]/div[2]/p[7]::130","PLACE","http://pleiades.stoa.org/places/197460","Pultovia|Pultovia, Stražgonjca","-0030/0640","46.40644","15.69058","station","VERIFIED","@ana:#change|@cert:high","","",""
"73808945-c903-423b-afd2-c0bd9eafe597","dorvm6vtatvrtt.tei.xml","poetouione","from=/TEI[1]/text[1]/body[1]/div[2]/p[7]::149;to=/TEI[1]/text[1]/body[1]/div[2]/p[7]::159","PLACE","http://pleiades.stoa.org/places/197446","Poetovio|Poetovio, Ptuj","-0030/0640","46.4199885","15.8699813","settlement","VERIFIED","@ana:#civitas|@cert:high","","",""
"0b7e7836-5bcd-4149-b05d-985ab498956e","dorvm6vtatvrtt.tei.xml","pannoniam inferiorem","from=/TEI[1]/text[1]/body[1]/div[2]/p[8]::23;to=/TEI[1]/text[1]/body[1]/div[2]/p[8]::43","PLACE","http://pleiades.stoa.org/places/981540","Pannonia Inferior (province)","1700/2100","47.5","17.5","province","VERIFIED","@ana:#boundary|@cert:high","","",""
"71363ce0-c421-42e3-8bc1-5418d4acae04","dorvm6vtatvrtt.tei.xml","ramista","from=/TEI[1]/text[1]/body[1]/div[2]/p[9]::8;to=/TEI[1]/text[1]/body[1]/div[2]/p[9]::15","PLACE","http://pleiades.stoa.org/places/197468","Ramista|Ramista, Formin, Gorišnica","-0030/2100","46.405","16.038","station","VERIFIED","@ana:#change|@cert:high","","",""
"5dfc3315-5faf-47fb-9a86-9c0186032560","dorvm6vtatvrtt.tei.xml","aqua viua","from=/TEI[1]/text[1]/body[1]/div[2]/p[9]::35;to=/TEI[1]/text[1]/body[1]/div[2]/p[9]::44","PLACE","http://pleiades.stoa.org/places/197129","Aqua Viva|Aqua Viva, Petrijanec","-0030/0640","46.344","16.233","station","VERIFIED","@ana:#mansio|@cert:high","","",""
"7a671346-4de2-4285-84ac-bd52643ef52a","dorvm6vtatvrtt.tei.xml","populis","from=/TEI[1]/text[1]/body[1]/div[2]/p[9]::65;to=/TEI[1]/text[1]/body[1]/div[2]/p[9]::72","PLACE","http://pleiades.stoa.org/places/197454","Populi|Populi, Varaždin","-0030/0640","46.31","16.334","station","VERIFIED","@ana:#change|@cert:high","","",""
"ca594ad6-94df-4c28-b8be-814cd997c696","dorvm6vtatvrtt.tei.xml","iouia","from=/TEI[1]/text[1]/body[1]/div[2]/p[9]::89;to=/TEI[1]/text[1]/body[1]/div[2]/p[9]::94","PLACE","http://pleiades.stoa.org/places/197326","Iovia|Iovia, Ludbreg","-0030/0640","46.2537624","16.6150889","settlement","VERIFIED","@ana:#civitas|@cert:high","","",""
"f7665ad6-ee06-4c77-988d-ecb5e9077e5c","dorvm6vtatvrtt.tei.xml","sunista","from=/TEI[1]/text[1]/body[1]/div[2]/p[9]::115;to=/TEI[1]/text[1]/body[1]/div[2]/p[9]::122","PLACE","http://pleiades.stoa.org/places/197522","Sonista|Sonista, Kunovec Breg","-0030/0640","46.186","16.766","station","VERIFIED","@ana:#change|@cert:high","","",""
"24cff35b-12d3-4998-a614-7d6951ae7fae","dorvm6vtatvrtt.tei.xml","peritur","from=/TEI[1]/text[1]/body[1]/div[2]/p[9]::149;to=/TEI[1]/text[1]/body[1]/div[2]/p[9]::156","PLACE","http://pleiades.stoa.org/places/197440","‘Piretis’|‘Piretis’, Draganovec","-0030/0640","46.125","16.833","station","VERIFIED","@ana:#change|@cert:high","","",""
"6a248040-38e9-462a-846d-0121953070f4","dorvm6vtatvrtt.tei.xml","lentolis","from=/TEI[1]/text[1]/body[1]/div[2]/p[9]::174;to=/TEI[1]/text[1]/body[1]/div[2]/p[9]::182","PLACE","http://pleiades.stoa.org/places/197348","‘Lentulis’|‘Lentulis’, Stari Gradac","-0030/0640","45.92436","17.292695","station","VERIFIED","@ana:#mansio|@cert:high","","",""
"34a6c31a-9bbd-4798-8271-d711e8340ee6","dorvm6vtatvrtt.tei.xml","cardono","from=/TEI[1]/text[1]/body[1]/div[2]/p[9]::201;to=/TEI[1]/text[1]/body[1]/div[2]/p[9]::208","PLACE","http://pleiades.stoa.org/places/197191","‘Cardono’/Iovia|‘Cardono’/Iovia, Gradina","-0030/0640","45.854","17.511","fort","VERIFIED","@ana:#change|@cert:high","","",""
"5b4dd1af-c769-4a58-9c7b-88df53d4ac65","dorvm6vtatvrtt.tei.xml","cocconis","from=/TEI[1]/text[1]/body[1]/div[2]/p[9]::225;to=/TEI[1]/text[1]/body[1]/div[2]/p[9]::233","PLACE","http://pleiades.stoa.org/places/197215","‘Cocconis’|‘Cocconis’, Sopje","-0030/0640","45.805","17.74","station","VERIFIED","@ana:#change|@cert:high","","",""
"0dfe0ac5-4926-4b25-b627-1ccdd3d42ada","dorvm6vtatvrtt.tei.xml","serota","from=/TEI[1]/text[1]/body[1]/div[2]/p[9]::251;to=/TEI[1]/text[1]/body[1]/div[2]/p[9]::257","PLACE","http://pleiades.stoa.org/places/197508","Serota|Serota, Virovitica","-0030/0640","45.8334097","17.3837765","station","VERIFIED","@ana:#misplaced #mansio|@cert:high","","",""
"9c4e8c90-31d7-49a5-b4cd-93e5c97de5d0","dorvm6vtatvrtt.tei.xml","bolentia","from=/TEI[1]/text[1]/body[1]/div[2]/p[9]::274;to=/TEI[1]/text[1]/body[1]/div[2]/p[9]::282","PLACE","http://pleiades.stoa.org/places/203108","Bolentia","-0030/0640","","","unlocated","VERIFIED","@ana:#change|@cert:high","","",""
"4ec03672-abef-4973-8002-23ecc5bf87bf","dorvm6vtatvrtt.tei.xml","maurianis","from=/TEI[1]/text[1]/body[1]/div[2]/p[9]::298;to=/TEI[1]/text[1]/body[1]/div[2]/p[9]::307","PLACE","http://pleiades.stoa.org/places/197370","‘Marinianis’/Magniana|‘Marinianis’/Magniana, Donji Miholjac","-0550/-0030","45.759","18.161","station","VERIFIED","@ana:#mansio|@cert:high","","",""
"427b6881-120a-455c-a1b4-a99a72368a68","dorvm6vtatvrtt.tei.xml","pannoniam","from=/TEI[1]/text[1]/body[1]/div[2]/p[10]::7;to=/TEI[1]/text[1]/body[1]/div[2]/p[10]::16","PLACE","http://pleiades.stoa.org/places/981541","Pannonia Superior (province)","","48.113346","16.867891","province","VERIFIED","@ana:#boundary|@cert:high","","",""
"58a9b2f6-6e2b-4ced-8917-783af99aaed2","dorvm6vtatvrtt.tei.xml","serena","from=/TEI[1]/text[1]/body[1]/div[2]/p[10]::37;to=/TEI[1]/text[1]/body[1]/div[2]/p[10]::43","PLACE","http://pleiades.stoa.org/places/197507","Serena?|Serena?, Viljevo, Našice","-0030/0640","45.751","18.064","station","VERIFIED","@cert:high","","",""
"7e8f06b8-b7ae-4eca-ad92-1cbaac20ecdf","dorvm6vtatvrtt.tei.xml","vereis","from=/TEI[1]/text[1]/body[1]/div[2]/p[10]::62;to=/TEI[1]/text[1]/body[1]/div[2]/p[10]::68","PLACE","http://pleiades.stoa.org/places/197576","‘Vereis’|‘Vereis’, Podravski Podgajci","-0030/0640","45.731","18.267","station","VERIFIED","@cert:high","","",""
"486aaec5-2eba-496a-9904-ab085c685589","dorvm6vtatvrtt.tei.xml","vereis","from=/TEI[1]/text[1]/body[1]/div[2]/p[10]::84;to=/TEI[1]/text[1]/body[1]/div[2]/p[10]::90","PLACE","http://pleiades.stoa.org/places/197576","‘Vereis’|‘Vereis’, Podravski Podgajci","-0030/0640","45.731","18.267","station","VERIFIED","@cert:high","","",""
"9be360ba-d0de-4619-9597-b75a25d49ac6","dorvm6vtatvrtt.tei.xml","ioualia","from=/TEI[1]/text[1]/body[1]/div[2]/p[10]::107;to=/TEI[1]/text[1]/body[1]/div[2]/p[10]::114","PLACE","http://pleiades.stoa.org/places/197325","Iovalia|Iovalia, Valpovo","-0030/0640","45.6589","18.4171","station","VERIFIED","@cert:high","","",""
"0d8aa4d2-47b8-49ea-bfbc-0cd3cce26047","dorvm6vtatvrtt.tei.xml","mersella","from=/TEI[1]/text[1]/body[1]/div[2]/p[10]::134;to=/TEI[1]/text[1]/body[1]/div[2]/p[10]::142","PLACE","http://pleiades.stoa.org/places/197391","Mursella|Mursella, Petrijevci","-0030/0640","45.6163502","18.5369372","settlement","VERIFIED","@cert:high","","",""
"4792097d-1806-47db-b3fd-b2729b1c9357","dorvm6vtatvrtt.tei.xml","mursa","from=/TEI[1]/text[1]/body[1]/div[2]/p[10]::162;to=/TEI[1]/text[1]/body[1]/div[2]/p[10]::167","PLACE","http://pleiades.stoa.org/places/197389","Mursa|Mursa, Osijek","-0030/2100","45.5600028","18.6758848","settlement","VERIFIED","@cert:high","","",""
"fe1ca5bc-a0ef-4f25-9f76-9e407e65d232","dorvm6vtatvrtt.tei.xml","leutuoano","from=/TEI[1]/text[1]/body[1]/div[2]/p[10]::190;to=/TEI[1]/text[1]/body[1]/div[2]/p[10]::199","PLACE","http://pleiades.stoa.org/places/197065","Ad Labores Pontis Ulcae/‘Leutuoano’|Ad Labores Pontis Ulcae/‘Leutuoano’, Bobota","-0030/0640","45.422","18.856","station","VERIFIED","@cert:high","","",""
"44387da0-5521-463e-960b-100b36d8b03a","dorvm6vtatvrtt.tei.xml","cibalis","from=/TEI[1]/text[1]/body[1]/div[2]/p[10]::218;to=/TEI[1]/text[1]/body[1]/div[2]/p[10]::225","PLACE","http://pleiades.stoa.org/places/197207","Cibalae|Cibalae, Vinkovci","-0030/0640","45.2910248","18.8010483","settlement","VERIFIED","@cert:high","","",""
"4db547de-9615-4cbb-ad48-7a70cfa61181","dorvm6vtatvrtt.tei.xml","caelena","from=/TEI[1]/text[1]/body[1]/div[2]/p[10]::244;to=/TEI[1]/text[1]/body[1]/div[2]/p[10]::251","PLACE","http://pleiades.stoa.org/places/197204","Causilena|Causilena, Orolik","-0030/0640","45.215","18.985","station","VERIFIED","@cert:high","","",""
"0dbbf862-4eb0-4ecb-9cee-d9c270792318","dorvm6vtatvrtt.tei.xml","vlmo","from=/TEI[1]/text[1]/body[1]/div[2]/p[10]::268;to=/TEI[1]/text[1]/body[1]/div[2]/p[10]::272","PLACE","http://pleiades.stoa.org/places/207525","‘Ulmo’|‘Ulmo’, Tovarnik","-0030/0640","45.1640611","19.1515532","station","VERIFIED","@cert:high","","",""
"c6ce996e-a3b0-4044-90d9-ecfda4a043eb","dorvm6vtatvrtt.tei.xml","spaneta","from=/TEI[1]/text[1]/body[1]/div[2]/p[10]::290;to=/TEI[1]/text[1]/body[1]/div[2]/p[10]::297","PLACE","http://pleiades.stoa.org/places/207460","Spaneta|Spaneta, Bačinci","-0030/0640","45.082","19.308","station","VERIFIED","@cert:high","","",""
"ab3b8fc0-12df-45a2-9f1e-0c7b58992f71","dorvm6vtatvrtt.tei.xml","vedulia","from=/TEI[1]/text[1]/body[1]/div[2]/p[10]::314;to=/TEI[1]/text[1]/body[1]/div[2]/p[10]::321","PLACE","http://pleiades.stoa.org/places/206995","Budalia|Budalia, Martinci","-0030/0640","45.01","19.463","station","VERIFIED","@cert:high","","",""
"79f6cdcf-af22-4701-87f5-296783bb0991","dorvm6vtatvrtt.tei.xml","sirmium","from=/TEI[1]/text[1]/body[1]/div[2]/p[10]::341;to=/TEI[1]/text[1]/body[1]/div[2]/p[10]::348","PLACE","http://pleiades.stoa.org/places/207447","Circus, Sremska Mitrovica|Sirmium|Sirmium, Sremska Mitrovica|Sremska Mitrovica","-0030/2100","44.96775","19.61028","settlement","VERIFIED","@cert:high","","",""
"7861ae6e-47d9-49b0-984b-f9d1ffc5d961","dorvm6vtatvrtt.tei.xml","aquileia","from=/TEI[1]/text[1]/body[1]/div[2]/p[11]::7;to=/TEI[1]/text[1]/body[1]/div[2]/p[11]::15","PLACE","http://pleiades.stoa.org/places/187290","Aquileia|Aquileia, Aquileia|Aquileia","-0330/0640","45.769631","13.370946","church,settlement","VERIFIED","@cert:high","","",""
"3739a126-4f23-471b-9008-f629a258152e","dorvm6vtatvrtt.tei.xml","sirmium","from=/TEI[1]/text[1]/body[1]/div[2]/p[11]::17;to=/TEI[1]/text[1]/body[1]/div[2]/p[11]::24","PLACE","http://pleiades.stoa.org/places/207447","Circus, Sremska Mitrovica|Sirmium|Sirmium, Sremska Mitrovica|Sremska Mitrovica","-0030/2100","44.96775","19.61028","settlement","VERIFIED","@cert:high","","",""
"47adf0da-9597-4fb7-803e-6313dd855384","dorvm6vtatvrtt.tei.xml","sirmium","from=/TEI[1]/text[1]/body[1]/div[3]/p[2]::8;to=/TEI[1]/text[1]/body[1]/div[3]/p[2]::15","PLACE","http://pleiades.stoa.org/places/207447","Circus, Sremska Mitrovica|Sirmium|Sirmium, Sremska Mitrovica|Sremska Mitrovica","-0030/2100","44.96775","19.61028","settlement","VERIFIED","@cert:high","","",""
"2d1e72f5-0eac-4e96-a190-2f501839220c","dorvm6vtatvrtt.tei.xml","aquileia","from=/TEI[1]/text[1]/body[1]/div[3]/p[3]::7;to=/TEI[1]/text[1]/body[1]/div[3]/p[3]::15","PLACE","http://pleiades.stoa.org/places/187290","Aquileia|Aquileia, Aquileia|Aquileia","-0330/0640","45.769631","13.370946","church,settlement","VERIFIED","@cert:high","","",""
"ae714414-6611-4873-a800-395033e2d7c9","dorvm6vtatvrtt.tei.xml","sirmium","from=/TEI[1]/text[1]/body[1]/div[3]/p[3]::17;to=/TEI[1]/text[1]/body[1]/div[3]/p[3]::24","PLACE","http://pleiades.stoa.org/places/207447","Circus, Sremska Mitrovica|Sirmium|Sirmium, Sremska Mitrovica|Sremska Mitrovica","-0030/2100","44.96775","19.61028","settlement","VERIFIED","@cert:high","","",""
"7e0ebb47-a274-4c32-8fa6-c8c10b2a5e54","dorvm6vtatvrtt.tei.xml","fossis","from=/TEI[1]/text[1]/body[1]/div[3]/p[4]::8;to=/TEI[1]/text[1]/body[1]/div[3]/p[4]::14","PLACE","http://pleiades.stoa.org/places/207120","Fossae|Fossae, Sasinci","-0030/0640","44.966","19.743","station","VERIFIED","@cert:high","","",""
"911ee01c-c213-488b-8aa1-77151e56e732","dorvm6vtatvrtt.tei.xml","bassianis","from=/TEI[1]/text[1]/body[1]/div[3]/p[4]::35;to=/TEI[1]/text[1]/body[1]/div[3]/p[4]::44","PLACE","http://pleiades.stoa.org/places/206960","Bassiana|Bassiana|Bassiana, Donji Petrovci|Bassiana, Sárvár","-0030/0640","44.9707","19.97406","settlement","VERIFIED","@cert:high","","",""
"69a7e19e-fa04-4be5-a1be-867f09834edc","dorvm6vtatvrtt.tei.xml","nouiciani","from=/TEI[1]/text[1]/body[1]/div[3]/p[4]::61;to=/TEI[1]/text[1]/body[1]/div[3]/p[4]::70","PLACE","http://pleiades.stoa.org/places/207313","‘Noviciani’","-0030/0640","44.5","20.5","people","VERIFIED","@ana:#misplaced|@cert:high","","",""
"45fb6e31-e241-4a15-b550-10dc69b996c6","dorvm6vtatvrtt.tei.xml","altina","from=/TEI[1]/text[1]/body[1]/div[3]/p[4]::89;to=/TEI[1]/text[1]/body[1]/div[3]/p[4]::95","PLACE","http://pleiades.stoa.org/places/206913","Altina|Altina, Surčin","-0030/0640","44.7891667","20.2747222","station","VERIFIED","@cert:high","","",""
"5753bc15-9d41-4f08-b6f4-2d34598e4598","dorvm6vtatvrtt.tei.xml","singiduno","from=/TEI[1]/text[1]/body[1]/div[3]/p[4]::113;to=/TEI[1]/text[1]/body[1]/div[3]/p[4]::122","PLACE","http://pleiades.stoa.org/places/207443","Singidunum|Singidunum, Beograd","-0030/2100","44.8236","20.4503","settlement","VERIFIED","@cert:high","","",""
"63fa23a9-df40-4011-a964-1a97c23fbbe2","dorvm6vtatvrtt.tei.xml","pannoniae","from=/TEI[1]/text[1]/body[1]/div[3]/p[5]::12;to=/TEI[1]/text[1]/body[1]/div[3]/p[5]::21","PLACE","http://pleiades.stoa.org/places/197425","Pannonia","-0550/0640","46.5","15.5","province","VERIFIED","@cert:high","","",""
"62083558-46ca-406c-bd5a-34355cb7d3c2","dorvm6vtatvrtt.tei.xml","ad sextum","from=/TEI[1]/text[1]/body[1]/div[3]/p[5]::41;to=/TEI[1]/text[1]/body[1]/div[3]/p[5]::50","PLACE","","","","","","","UNVERIFIED","@cert:unknown","","",""
"2082c4ab-497d-4538-8ed7-fea50417afa0","dorvm6vtatvrtt.tei.xml","tricornia","from=/TEI[1]/text[1]/body[1]/div[3]/p[5]::68;to=/TEI[1]/text[1]/body[1]/div[3]/p[5]::77","PLACE","http://pleiades.stoa.org/places/207515","Tricornium|Tricornium, Ritopek|Tricornium, Ritopek","-0030/0640","44.7333333","20.65","fort","VERIFIED","@cert:high","","",""
"1051c940-66e8-4418-aad1-5d461eaed9a1","dorvm6vtatvrtt.tei.xml","ad sextum","from=/TEI[1]/text[1]/body[1]/div[3]/p[5]::102;to=/TEI[1]/text[1]/body[1]/div[3]/p[5]::111","PLACE","http://pleiades.stoa.org/places/206893","Ad Sextum Miliarem|Ad Sextum Miliarem, Grocka","-0030/0640","44.67","20.717222","station","VERIFIED","@cert:high","","",""
"39c7de10-c33a-49ac-878b-48e3487af1bd","dorvm6vtatvrtt.tei.xml","aureo monte","from=/TEI[1]/text[1]/body[1]/div[3]/p[5]::139;to=/TEI[1]/text[1]/body[1]/div[3]/p[5]::150","PLACE","http://pleiades.stoa.org/places/206938","*Aureus Mons|*Aureus Mons, Seone","-0030/0640","44.6363889","20.8186111","fort","VERIFIED","@cert:high","","",""
"d730762b-007a-4d9c-aab2-eb8a60928bdb","dorvm6vtatvrtt.tei.xml","vingeio","from=/TEI[1]/text[1]/body[1]/div[3]/p[5]::168;to=/TEI[1]/text[1]/body[1]/div[3]/p[5]::175","PLACE","http://pleiades.stoa.org/places/207550","Vinceia|Vinceia, Smederevo","-0030/0640","44.651382","20.935513","station","VERIFIED","@cert:high","","",""
"8254ebf1-0076-4671-be3d-fc4c93915c17","dorvm6vtatvrtt.tei.xml","margo","from=/TEI[1]/text[1]/body[1]/div[3]/p[5]::193;to=/TEI[1]/text[1]/body[1]/div[3]/p[5]::198","PLACE","http://pleiades.stoa.org/places/207267","Margum|Margum, Orašje, Dubravica","-0030/0640","44.696115","21.077871","settlement","VERIFIED","@cert:high","","",""
"5f4345da-cdd9-436b-b9d4-9ffa6d5f4fbc","dorvm6vtatvrtt.tei.xml","viminacio","from=/TEI[1]/text[1]/body[1]/div[3]/p[5]::219;to=/TEI[1]/text[1]/body[1]/div[3]/p[5]::228","PLACE","http://pleiades.stoa.org/places/207549","Viminacium|Viminacium/Viminatium, Stari Kostolac","-0030/2100","44.736776","21.216122","settlement","VERIFIED","@cert:high","","",""
"10767850-d8bd-4122-ad92-d2fed0348124","dorvm6vtatvrtt.tei.xml","ad nonum","from=/TEI[1]/text[1]/body[1]/div[3]/p[7]::8;to=/TEI[1]/text[1]/body[1]/div[3]/p[7]::16","PLACE","http://pleiades.stoa.org/places/206887","Ad Nonum|Ad Nonum, Nabrđe, Požarevac","-0030/0640","44.625633","21.252172","labeled feature","VERIFIED","@cert:high","","",""
"b94a0bf5-884a-4369-bcf4-a4a3608ddefa","dorvm6vtatvrtt.tei.xml","munecipio","from=/TEI[1]/text[1]/body[1]/div[3]/p[7]::42;to=/TEI[1]/text[1]/body[1]/div[3]/p[7]::51","PLACE","http://pleiades.stoa.org/places/207296","Municipium|Municipium, Kalište, Malo Crniće","-0030/0640","44.514234","21.320729","station","VERIFIED","@cert:high","","",""
"c3b3cd3d-8807-4dfd-8e47-7f6fbd231c7d","dorvm6vtatvrtt.tei.xml","iouis pago","from=/TEI[1]/text[1]/body[1]/div[3]/p[7]::72;to=/TEI[1]/text[1]/body[1]/div[3]/p[7]::82","PLACE","http://pleiades.stoa.org/places/207189","Iovis Pagus|Iovis Pagus, Veliki Popovac","-0030/0640","44.411467","21.32354","station","VERIFIED","@cert:high","","",""
"6013dad7-2030-4a9b-9345-46f14b52afae","dorvm6vtatvrtt.tei.xml","bao","from=/TEI[1]/text[1]/body[1]/div[3]/p[7]::99;to=/TEI[1]/text[1]/body[1]/div[3]/p[7]::102","PLACE","http://pleiades.stoa.org/places/206958","‘Bao’|‘Bao’, Veliko Laole?","-0030/0640","44.317278","21.43527","station","VERIFIED","@cert:high","","",""
"efb9272e-694a-475d-9429-c4067d654c46","dorvm6vtatvrtt.tei.xml","idomo","from=/TEI[1]/text[1]/body[1]/div[3]/p[7]::120;to=/TEI[1]/text[1]/body[1]/div[3]/p[7]::125","PLACE","http://pleiades.stoa.org/places/207183","Idimum|Idimum, Medveđa","-0030/0640","44.148941","21.345266","station","VERIFIED","@cert:high","","",""
"05cf9dcf-da15-4ae0-9f2c-203348bd98f9","dorvm6vtatvrtt.tei.xml","ad octauum","from=/TEI[1]/text[1]/body[1]/div[3]/p[7]::146;to=/TEI[1]/text[1]/body[1]/div[3]/p[7]::156","PLACE","http://pleiades.stoa.org/places/206889","Ad Octavum|Ad Octavum, Glogovac?","-0030/0640","44.042641","21.313576","station","VERIFIED","@cert:high","","",""
"3f2961a0-bea0-414d-bfaf-ec6ae932db79","dorvm6vtatvrtt.tei.xml","oromago","from=/TEI[1]/text[1]/body[1]/div[3]/p[7]::176;to=/TEI[1]/text[1]/body[1]/div[3]/p[7]::183","PLACE","http://pleiades.stoa.org/places/207173","Horreum Margi|Horreum Margi, Ćuprija","-0030/0640","43.93376","21.37044","settlement","VERIFIED","@cert:high","","",""
"b0f2b245-8aed-41d5-9d51-f50f71dc1cab","dorvm6vtatvrtt.tei.xml","myssiae","from=/TEI[1]/text[1]/body[1]/div[3]/p[8]::6;to=/TEI[1]/text[1]/body[1]/div[3]/p[8]::13","PLACE","http://pleiades.stoa.org/places/992077","Moesiae","","42.5","22.5","province","VERIFIED","@cert:high","","",""
"f79cad84-5d28-41db-a04d-e6b1a62f8233","dorvm6vtatvrtt.tei.xml","asiae","from=/TEI[1]/text[1]/body[1]/div[3]/p[8]::17;to=/TEI[1]/text[1]/body[1]/div[3]/p[8]::22","PLACE","","","","","","","UNVERIFIED","@cert:unknown","","",""
"f3c36f2f-734a-4d12-8cef-e6403b2d7f5c","dorvm6vtatvrtt.tei.xml","sarmatorum","from=/TEI[1]/text[1]/body[1]/div[3]/p[9]::8;to=/TEI[1]/text[1]/body[1]/div[3]/p[9]::18","PLACE","http://pleiades.stoa.org/places/207424","Sarmates|Sarmates, Gornje Vidovo?","-0030/0640","43.786788","21.408727","station","VERIFIED","@cert:high","","",""
"c93c8a25-2b79-40a4-8282-f5a16b759227","dorvm6vtatvrtt.tei.xml","caminitas","from=/TEI[1]/text[1]/body[1]/div[3]/p[9]::37;to=/TEI[1]/text[1]/body[1]/div[3]/p[9]::46","PLACE","http://pleiades.stoa.org/places/207006","‘Cametas’|‘Cametas’, Ražanj?","-0030/0640","43.673017","21.54862","station","VERIFIED","@cert:high","","",""
"0e513c0c-e254-4552-846d-5f8c88b6c631","dorvm6vtatvrtt.tei.xml","ipompeis","from=/TEI[1]/text[1]/body[1]/div[3]/p[9]::69;to=/TEI[1]/text[1]/body[1]/div[3]/p[9]::77","PLACE","http://pleiades.stoa.org/places/207363","Praesidium Pompei|Praesidium Pompei, Rutevac, Aleksinac","-0030/0640","43.591955","21.610451","station","VERIFIED","@cert:high","","",""
"bbee2509-d577-47cc-8dd4-082baa2d4a68","dorvm6vtatvrtt.tei.xml","rampiana","from=/TEI[1]/text[1]/body[1]/div[3]/p[9]::98;to=/TEI[1]/text[1]/body[1]/div[3]/p[9]::106","PLACE","http://pleiades.stoa.org/places/207156","Gramrianae|Gramrianae, Draževac, Aleksinac","-0030/0640","43.449749","21.790465","station","VERIFIED","@cert:high","","",""
"64beecca-2f8b-4520-8f0c-27dcadeafec4","dorvm6vtatvrtt.tei.xml","naisso","from=/TEI[1]/text[1]/body[1]/div[3]/p[9]::125;to=/TEI[1]/text[1]/body[1]/div[3]/p[9]::131","PLACE","http://pleiades.stoa.org/places/207303","Naissus|Naissus, Niš","-0030/2100","43.3206","21.8927","settlement","VERIFIED","@cert:high","","",""
"2c212afc-3a5a-42f8-8e5a-4b09166aa44a","dorvm6vtatvrtt.tei.xml","redicibus","from=/TEI[1]/text[1]/body[1]/div[3]/p[9]::150;to=/TEI[1]/text[1]/body[1]/div[3]/p[9]::159","PLACE","http://pleiades.stoa.org/places/207373","*Radices|*Radices, Jelašnica?","-0030/0640","43.301181","22.050333","station","VERIFIED","@cert:high","","",""
"a286b1f9-1671-468b-9642-7fb130750054","dorvm6vtatvrtt.tei.xml","vlmo","from=/TEI[1]/text[1]/body[1]/div[3]/p[9]::178;to=/TEI[1]/text[1]/body[1]/div[3]/p[9]::182","PLACE","http://pleiades.stoa.org/places/207526","‘Ulmo’|‘Ulmo’, Ostrovica, Niška Banja","-0030/0640","43.334995","22.122538","station","VERIFIED","@cert:high","","",""
"e34ee5e3-2a36-4b9b-875b-f5ca40fc1883","dorvm6vtatvrtt.tei.xml","romansiana","from=/TEI[1]/text[1]/body[1]/div[3]/p[9]::200;to=/TEI[1]/text[1]/body[1]/div[3]/p[9]::210","PLACE","http://pleiades.stoa.org/places/207382","Remesiana|Remesiana, Bela Palanka","-0030/0640","43.21804","22.31138","settlement","VERIFIED","@cert:high","","",""
"8bcb367a-0e79-476d-968d-b99486de1579","dorvm6vtatvrtt.tei.xml","latina","from=/TEI[1]/text[1]/body[1]/div[3]/p[9]::231;to=/TEI[1]/text[1]/body[1]/div[3]/p[9]::237","PLACE","http://pleiades.stoa.org/places/207235","Latina|Latina, Telovac, Crnoklište","-0030/0640","43.196933","22.408397","station","VERIFIED","@cert:high","","",""
"49013bfc-6350-4db8-a8d8-b97789848bea","dorvm6vtatvrtt.tei.xml","turribus","from=/TEI[1]/text[1]/body[1]/div[3]/p[9]::257;to=/TEI[1]/text[1]/body[1]/div[3]/p[9]::265","PLACE","http://pleiades.stoa.org/places/207521","Turres|Turres, Pirot","-0030/0640","43.15771","22.58733","station","VERIFIED","@cert:high","","",""
"92c77b51-eb98-44c1-b5bf-e8ef9126ce9e","dorvm6vtatvrtt.tei.xml","translitis","from=/TEI[1]/text[1]/body[1]/div[3]/p[9]::286;to=/TEI[1]/text[1]/body[1]/div[3]/p[9]::296","PLACE","http://pleiades.stoa.org/places/207509","‘Translitis’|‘Translitis’, Dimitrovgrad","-0030/0640","43.01454","22.77965","station","VERIFIED","@cert:high","","",""
"ecc81455-0ee0-4e47-aa73-aa2f1767df97","dorvm6vtatvrtt.tei.xml","ballanstra","from=/TEI[1]/text[1]/body[1]/div[3]/p[9]::315;to=/TEI[1]/text[1]/body[1]/div[3]/p[9]::325","PLACE","http://pleiades.stoa.org/places/206955","Ballanstra|Ballanstra, Kalotina","-0030/0640","42.99402509999999","22.868180100000018","station","VERIFIED","@cert:high","","",""
"9f1f5cdc-1f3f-42e9-afbc-ed5c4d7c16f2","dorvm6vtatvrtt.tei.xml","meldia","from=/TEI[1]/text[1]/body[1]/div[3]/p[9]::341;to=/TEI[1]/text[1]/body[1]/div[3]/p[9]::347","PLACE","http://pleiades.stoa.org/places/207275","Meldia|Meldia, Dragoman","-0030/0640","42.921675","22.92984","station","VERIFIED","@cert:high","","",""
"dd0dbc69-0927-49f2-a509-1df6af50c967","dorvm6vtatvrtt.tei.xml","scretisca","from=/TEI[1]/text[1]/body[1]/div[3]/p[9]::368;to=/TEI[1]/text[1]/body[1]/div[3]/p[9]::377","PLACE","http://pleiades.stoa.org/places/207435","Scretisca|Scretisca, Kostinbrod","-0030/0640","42.8130176","23.2154337","station","VERIFIED","@cert:high","","",""
"fa7c8f64-c18f-4ebb-bc52-4317556d2489","dorvm6vtatvrtt.tei.xml","serdica","from=/TEI[1]/text[1]/body[1]/div[3]/p[9]::402;to=/TEI[1]/text[1]/body[1]/div[3]/p[9]::409","PLACE","http://pleiades.stoa.org/places/207439","Serdica|Serdica, Sofia","-0030/2100","42.6976489","23.3221545","settlement","VERIFIED","@cert:high","","",""
"495a87a9-6a33-475c-9b71-2289a1a0f804","dorvm6vtatvrtt.tei.xml","sirmium","from=/TEI[1]/text[1]/body[1]/div[3]/p[10]::6;to=/TEI[1]/text[1]/body[1]/div[3]/p[10]::13","PLACE","http://pleiades.stoa.org/places/207447","Circus, Sremska Mitrovica|Sirmium|Sirmium, Sremska Mitrovica|Sremska Mitrovica","-0030/2100","44.96775","19.61028","settlement","VERIFIED","@cert:high","","",""
"65cedb6c-cc2d-428c-93ef-fe9bf6cc8c37","dorvm6vtatvrtt.tei.xml","serdica","from=/TEI[1]/text[1]/body[1]/div[3]/p[10]::14;to=/TEI[1]/text[1]/body[1]/div[3]/p[10]::21","PLACE","http://pleiades.stoa.org/places/207439","Serdica|Serdica, Sofia","-0030/2100","42.6976489","23.3221545","settlement","VERIFIED","@cert:high","","",""
"19650814-23d4-4202-9b2b-d8fd78e3a445","dorvm6vtatvrtt.tei.xml","extuomne","from=/TEI[1]/text[1]/body[1]/div[3]/p[10]::87;to=/TEI[1]/text[1]/body[1]/div[3]/p[10]::95","PLACE","http://pleiades.stoa.org/places/481835","‘Extuomne’|‘Extuomne’, Kazichene","-0030/0640","42.6593666","23.4647832","station","VERIFIED","@cert:high","","",""
"d2d163cf-50eb-45b5-8290-2c02fa8ba4ed","dorvm6vtatvrtt.tei.xml","buragara","from=/TEI[1]/text[1]/body[1]/div[3]/p[10]::114;to=/TEI[1]/text[1]/body[1]/div[3]/p[10]::122","PLACE","http://pleiades.stoa.org/places/481775","Burgaraca|Burgaraca, Lesnovo","-0030/0640","42.649254","23.619393","station","VERIFIED","@cert:high","","",""
"ac9bef4b-5f4f-4b05-8961-8ebbf7b0264e","dorvm6vtatvrtt.tei.xml","sparata","from=/TEI[1]/text[1]/body[1]/div[3]/p[10]::143;to=/TEI[1]/text[1]/body[1]/div[3]/p[10]::150","PLACE","http://pleiades.stoa.org/places/481998","Sparata|Sparata, Vakarel","-0030/0640","42.5593528","23.7097576","station","VERIFIED","@cert:high","","",""
"efcb9cf2-a4e4-4e44-a215-96964983e49f","dorvm6vtatvrtt.tei.xml","hilica","from=/TEI[1]/text[1]/body[1]/div[3]/p[10]::169;to=/TEI[1]/text[1]/body[1]/div[3]/p[10]::175","PLACE","http://pleiades.stoa.org/places/481860","Helice|Helice, Ihtiman","-0030/0640","42.4382418","23.816171800000006","station","VERIFIED","@cert:high","","",""
"429362ab-380b-4e06-a8ea-86fbfb2383ef","dorvm6vtatvrtt.tei.xml","soneio","from=/TEI[1]/text[1]/body[1]/div[3]/p[10]::192;to=/TEI[1]/text[1]/body[1]/div[3]/p[10]::198","PLACE","http://pleiades.stoa.org/places/481996","Soneio|Soneio/Stipon, Trayanovi vrata","-0030/0640","42.356859","23.922456","station","VERIFIED","@cert:high","","",""
"08e6532a-35d2-4a99-8e59-01d5ff3b5067","dorvm6vtatvrtt.tei.xml","daciae","from=/TEI[1]/text[1]/body[1]/div[3]/p[11]::6;to=/TEI[1]/text[1]/body[1]/div[3]/p[11]::12","PLACE","http://pleiades.stoa.org/places/207065","Dacia","-0330/0300","45.5","22.5","region","VERIFIED","@cert:high","","",""
"d2eee4fe-327d-482c-b3bb-67b294eb0831","dorvm6vtatvrtt.tei.xml","traciae","from=/TEI[1]/text[1]/body[1]/div[3]/p[11]::16;to=/TEI[1]/text[1]/body[1]/div[3]/p[11]::23","PLACE","http://pleiades.stoa.org/places/981552","Thracia (province)","","42.5","22.5","province","VERIFIED","@cert:high","","",""
"9204f174-d589-4373-8d0a-ad95ad55150d","dorvm6vtatvrtt.tei.xml","ponte vcasi","from=/TEI[1]/text[1]/body[1]/div[3]/p[12]::8;to=/TEI[1]/text[1]/body[1]/div[3]/p[12]::19","PLACE","http://pleiades.stoa.org/places/222149","Pons Ucasi","-0030/0640","","","unlocated","VERIFIED","@cert:high","","",""
"5543797a-32d1-4911-9000-7a3eeeba75a0","dorvm6vtatvrtt.tei.xml","bona mansio","from=/TEI[1]/text[1]/body[1]/div[3]/p[12]::36;to=/TEI[1]/text[1]/body[1]/div[3]/p[12]::47","PLACE","","","","","","","UNVERIFIED","@cert:unknown","","",""
"ce600d54-a301-41b3-b973-e75b8a7cb903","dorvm6vtatvrtt.tei.xml","alusore","from=/TEI[1]/text[1]/body[1]/div[3]/p[12]::71;to=/TEI[1]/text[1]/body[1]/div[3]/p[12]::78","PLACE","","","","","","","UNVERIFIED","@cert:unknown","","",""
"eabe590c-5530-4a82-854f-00ad9b51c291","dorvm6vtatvrtt.tei.xml","basapare","from=/TEI[1]/text[1]/body[1]/div[3]/p[12]::98;to=/TEI[1]/text[1]/body[1]/div[3]/p[12]::106","PLACE","http://pleiades.stoa.org/places/216732","Bessapara|Bessapara, Pazardzhik","-0030/0640","42.1927654","24.333567","settlement","VERIFIED","@cert:high","","",""
"f87b2e9b-c970-4df9-b1e9-7e0af8757a59","dorvm6vtatvrtt.tei.xml","tugugero","from=/TEI[1]/text[1]/body[1]/div[3]/p[12]::125;to=/TEI[1]/text[1]/body[1]/div[3]/p[12]::133","PLACE","","","","","","","UNVERIFIED","@cert:unknown","","",""
"d247ea4f-4974-42ab-b086-9215bcb5dec0","dorvm6vtatvrtt.tei.xml","filopopuli","from=/TEI[1]/text[1]/body[1]/div[3]/p[12]::154;to=/TEI[1]/text[1]/body[1]/div[3]/p[12]::164","PLACE","http://pleiades.stoa.org/places/216927","Philippopolis/Trimontium|Philippopolis/Philipoupolis/Trimontium, Plovdiv","-0330/0640","42.147439","24.749106","settlement","VERIFIED","@cert:high","","",""
"25682027-b229-4c8b-9ae8-232887cac72a","dorvm6vtatvrtt.tei.xml","sernota","from=/TEI[1]/text[1]/body[1]/div[3]/p[12]::183;to=/TEI[1]/text[1]/body[1]/div[3]/p[12]::190","PLACE","http://pleiades.stoa.org/places/216980","Sernota|Sernota, Manole","-0030/0640","42.187336","24.932699","station","VERIFIED","@cert:high","","",""
"59b204dc-0ac8-48a4-8ad0-6644e74a6c5c","dorvm6vtatvrtt.tei.xml","paramuole","from=/TEI[1]/text[1]/body[1]/div[3]/p[12]::207;to=/TEI[1]/text[1]/body[1]/div[3]/p[12]::216","PLACE","http://pleiades.stoa.org/places/216920","Parambole|Parambole, Belozem","-0030/0640","42.198004","25.047069","station","VERIFIED","@cert:high","","",""
"fb425493-5472-4df7-83a9-61b49943bca8","dorvm6vtatvrtt.tei.xml","cillio","from=/TEI[1]/text[1]/body[1]/div[3]/p[12]::235;to=/TEI[1]/text[1]/body[1]/div[3]/p[12]::241","PLACE","http://pleiades.stoa.org/places/216767","Cillis?|Cillis?, Cherna gora","-0030/0640","42.216088","25.226115100000015","station","VERIFIED","@cert:high","","",""
"51fd507a-6f5d-40aa-9e3d-3c7b89fce099","dorvm6vtatvrtt.tei.xml","carassura","from=/TEI[1]/text[1]/body[1]/div[3]/p[12]::260;to=/TEI[1]/text[1]/body[1]/div[3]/p[12]::269","PLACE","http://pleiades.stoa.org/places/216750","Carassura|Carassura, Rupkite","-0030/0640","42.240488","25.385306","station","VERIFIED","@cert:high","","",""
"8a1aaa92-dac6-446f-a9bd-64377f100d4b","dorvm6vtatvrtt.tei.xml","arzo","from=/TEI[1]/text[1]/body[1]/div[3]/p[12]::289;to=/TEI[1]/text[1]/body[1]/div[3]/p[12]::293","PLACE","http://pleiades.stoa.org/places/216714","Arzus|Arzus, Kalugerovo, Simeonovgrad","-0030/0640","42.077569","25.870228","station","VERIFIED","@cert:high","","",""
"66c38318-cde0-46c8-9549-82fe8f37f5cd","dorvm6vtatvrtt.tei.xml","palae","from=/TEI[1]/text[1]/body[1]/div[3]/p[12]::311;to=/TEI[1]/text[1]/body[1]/div[3]/p[12]::316","PLACE","http://pleiades.stoa.org/places/501384","Castra Iarba|Castra Rubra/Castra Iarba, Kolarowo, Charmanli","-0030/0640","41.933492","26.094954","station","VERIFIED","@cert:high","","",""
"5ed24cda-ea03-4667-95ce-54c60c909059","dorvm6vtatvrtt.tei.xml","castozobra","from=/TEI[1]/text[1]/body[1]/div[3]/p[12]::334;to=/TEI[1]/text[1]/body[1]/div[3]/p[12]::344","PLACE","http://pleiades.stoa.org/places/222167","Rhamis","-0030/0640","","","unlocated","VERIFIED","@cert:high","","",""
"d64eb8f1-5437-4d5e-9b99-608212286bbb","dorvm6vtatvrtt.tei.xml","rhamis","from=/TEI[1]/text[1]/body[1]/div[3]/p[12]::362;to=/TEI[1]/text[1]/body[1]/div[3]/p[12]::368","PLACE","http://pleiades.stoa.org/places/501381","Bourdepa|Bourdepa, Svilengrad","-0030/0640","41.7654876","26.20194330000004","settlement","VERIFIED","@cert:high","","",""
"183fb8fc-8de0-4156-9ba9-5f20944c0a94","dorvm6vtatvrtt.tei.xml","burdista","from=/TEI[1]/text[1]/body[1]/div[3]/p[12]::392;to=/TEI[1]/text[1]/body[1]/div[3]/p[12]::400","PLACE","http://pleiades.stoa.org/places/501526","Nike|Nike, Havsa/Edirne","-0030/0640","41.549461","26.823461","settlement","VERIFIED","@cert:high","","",""
"a98c0a8b-cb8b-4e09-aa90-c3d33d2a2f0d","dorvm6vtatvrtt.tei.xml","daphabae","from=/TEI[1]/text[1]/body[1]/div[3]/p[12]::418;to=/TEI[1]/text[1]/body[1]/div[3]/p[12]::426","PLACE","http://pleiades.stoa.org/places/511428","‘Tarpodizo’|‘Tarpodizo’, Kayova","-0030/0640","41.846659","27.354053","station","VERIFIED","@ana:#misplaced|@cert:high","","",""
"91d2a351-fb79-4742-b1b3-f3a048fe25a0","dorvm6vtatvrtt.tei.xml","nicae","from=/TEI[1]/text[1]/body[1]/div[3]/p[12]::443;to=/TEI[1]/text[1]/body[1]/div[3]/p[12]::448","PLACE","http://pleiades.stoa.org/places/511458","‘Urisio’|‘Urisio’, W Bergule","0300/0640","41.41929","27.238012","station","VERIFIED","@cert:high","","",""
"638ffbbb-08a8-4e77-8a5a-f2f13cb68034","dorvm6vtatvrtt.tei.xml","tarpodizo","from=/TEI[1]/text[1]/body[1]/div[3]/p[12]::469;to=/TEI[1]/text[1]/body[1]/div[3]/p[12]::478","PLACE","http://pleiades.stoa.org/places/511185","Berg(o)ule/Arkadioupolis|Bergoule/Bergule/Arkadioupolis, Lüleburgaz","-0030/0640","41.41621","27.36121","settlement","VERIFIED","@cert:high","","",""
"230488dd-781c-4c85-98ad-aaa8869d7895","dorvm6vtatvrtt.tei.xml","vrisio","from=/TEI[1]/text[1]/body[1]/div[3]/p[12]::495;to=/TEI[1]/text[1]/body[1]/div[3]/p[12]::501","PLACE","http://pleiades.stoa.org/places/511331","‘Narco’|‘Narco’, E Bergule","0300/0640","41.346417","27.469038","station","VERIFIED","@cert:high","","",""
"cbbf1ecd-b506-465b-bbd5-da92f57ac558","dorvm6vtatvrtt.tei.xml","virgoles","from=/TEI[1]/text[1]/body[1]/div[3]/p[12]::519;to=/TEI[1]/text[1]/body[1]/div[3]/p[12]::527","PLACE","http://pleiades.stoa.org/places/511241","Dr(o)usipara|Drousipara/Drusipara, Karıştıran","-0030/0640","41.300089","27.543955","settlement","VERIFIED","@cert:high","","",""
"4e47662d-bbdd-4407-b7b4-187eb101f803","dorvm6vtatvrtt.tei.xml","narco","from=/TEI[1]/text[1]/body[1]/div[3]/p[12]::546;to=/TEI[1]/text[1]/body[1]/div[3]/p[12]::551","PLACE","http://pleiades.stoa.org/places/511448","‘Tipaso’|‘Tipaso’, NW Çorlu","0300/0640","41.240282","27.693272","station","VERIFIED","@cert:high","","",""
"1ade33b3-a0c8-4728-bede-39cd9f547c18","dorvm6vtatvrtt.tei.xml","drizupara","from=/TEI[1]/text[1]/body[1]/div[3]/p[12]::570;to=/TEI[1]/text[1]/body[1]/div[3]/p[12]::579","PLACE","http://pleiades.stoa.org/places/511456","Tzouroulon/Silta?|Tzouroulon/Silta?, Çorlu","-0330/0640","41.16668","27.79533","settlement","VERIFIED","@cert:high","","",""
"bc5ba63a-9c1d-49ea-ba0e-87c6ee4b4595","dorvm6vtatvrtt.tei.xml","tipso","from=/TEI[1]/text[1]/body[1]/div[3]/p[12]::600;to=/TEI[1]/text[1]/body[1]/div[3]/p[12]::605","PLACE","http://pleiades.stoa.org/places/511456","Tzouroulon/Silta?|Tzouroulon/Silta?, Çorlu","-0330/0640","41.16668","27.79533","settlement","VERIFIED","@cert:high","","",""
"803085ad-aa15-49bc-b06c-8ee4961bb9bb","dorvm6vtatvrtt.tei.xml","tunorullo","from=/TEI[1]/text[1]/body[1]/div[3]/p[12]::624;to=/TEI[1]/text[1]/body[1]/div[3]/p[12]::633","PLACE","http://pleiades.stoa.org/places/511184","‘Beodizo’|‘Beodizo’, 9 miles NW Perinthus","0300/0640","41.087065","27.824805","station","VERIFIED","@cert:high","","",""
"5008a4b6-d99c-4fc0-8c82-89de142a66e5","dorvm6vtatvrtt.tei.xml","beodizo","from=/TEI[1]/text[1]/body[1]/div[3]/p[12]::659;to=/TEI[1]/text[1]/body[1]/div[3]/p[12]::666","PLACE","http://pleiades.stoa.org/places/511357","Perinthus/Heraclea|Perinthus/Perinthos/Heraclea, Marmara Ereğlisi Adliyesi","-0330/0640","40.97089","27.95454","settlement","VERIFIED","@cert:high","","",""
"8774a29e-ce4a-4f10-9f9e-174f0d894658","dorvm6vtatvrtt.tei.xml","heraclea","from=/TEI[1]/text[1]/body[1]/div[3]/p[12]::686;to=/TEI[1]/text[1]/body[1]/div[3]/p[12]::694","PLACE","http://pleiades.stoa.org/places/511227","Daunion Teichos|Daunion Teichos, near Eski Ereğli","-0550/-0330","41.053506","28.038408","settlement","VERIFIED","@cert:high","","",""
"0f97d84a-7e20-4f7c-b12f-07dd1d834a41","dorvm6vtatvrtt.tei.xml","baunne","from=/TEI[1]/text[1]/body[1]/div[3]/p[12]::715;to=/TEI[1]/text[1]/body[1]/div[3]/p[12]::721","PLACE","http://pleiades.stoa.org/places/511414","Sely(m)bria/Eudoxiopolis|Selymbria/Selybria/Eudoxiopolis, Silivri","-0550/0640","41.080158","28.26828999999998","settlement","VERIFIED","@cert:high","","",""
"df61b7a7-8b05-4c6f-a8cd-8afc2bc55ff0","dorvm6vtatvrtt.tei.xml","salambria","from=/TEI[1]/text[1]/body[1]/div[3]/p[12]::739;to=/TEI[1]/text[1]/body[1]/div[3]/p[12]::748","PLACE","http://pleiades.stoa.org/places/511201","‘Callum’|‘Callum’, E Selymbria","0300/0640","41.051365","28.418437","station","VERIFIED","@cert:high","","",""
"c172ed05-6d04-4d23-a613-4daf8c6c2dbf","dorvm6vtatvrtt.tei.xml","callum","from=/TEI[1]/text[1]/body[1]/div[3]/p[12]::765;to=/TEI[1]/text[1]/body[1]/div[3]/p[12]::771","PLACE","http://pleiades.stoa.org/places/511172","Athyras|Athyras, Büyükçekmece","-0330/0640","41.034016","28.589971","settlement","VERIFIED","@cert:high","","",""
"71735a49-40a2-4811-b2e2-3ff87db43f44","dorvm6vtatvrtt.tei.xml","atyra","from=/TEI[1]/text[1]/body[1]/div[3]/p[12]::787;to=/TEI[1]/text[1]/body[1]/div[3]/p[12]::792","PLACE","http://pleiades.stoa.org/places/511397","Rhegion|Rhegion, Küçükçekmece/İstanbul","0300/0640","41.0086579","28.775342000000023","settlement","VERIFIED","@cert:high","","",""
"e158c788-bd1e-41c7-8e37-5a0e1227bbb3","dorvm6vtatvrtt.tei.xml","regio","from=/TEI[1]/text[1]/body[1]/div[3]/p[12]::808;to=/TEI[1]/text[1]/body[1]/div[3]/p[12]::813","PLACE","http://pleiades.stoa.org/places/520998","Constantinopolis|Byzantium|Byzantium/Byzantion/Constantinopolis, Istanbul","-0750/2100","41.012379","28.975926","settlement,urban","VERIFIED","@cert:high","","",""
"1a3c104d-d413-460f-88ad-62f6e62e18a3","dorvm6vtatvrtt.tei.xml","constantinopoli","from=/TEI[1]/text[1]/body[1]/div[3]/p[13]::8;to=/TEI[1]/text[1]/body[1]/div[3]/p[13]::23","PLACE","http://pleiades.stoa.org/places/207439","Serdica|Serdica, Sofia","-0030/2100","42.6976489","23.3221545","settlement","VERIFIED","@cert:high","","",""
"69d0ea86-647f-4b94-b9f2-fa6957be14df","dorvm6vtatvrtt.tei.xml","serdica","from=/TEI[1]/text[1]/body[1]/div[3]/p[14]::12;to=/TEI[1]/text[1]/body[1]/div[3]/p[14]::19","PLACE","http://pleiades.stoa.org/places/520998","Constantinopolis|Byzantium|Byzantium/Byzantion/Constantinopolis, Istanbul","-0750/2100","41.012379","28.975926","settlement,urban","VERIFIED","@cert:high","","",""
"df65e9de-4846-4958-bc05-268c4067a824","dorvm6vtatvrtt.tei.xml","constantinopoli","from=/TEI[1]/text[1]/body[1]/div[3]/p[14]::20;to=/TEI[1]/text[1]/body[1]/div[3]/p[14]::35","PLACE","http://pleiades.stoa.org/places/138248","Burdigala|Mithraeum, Bordeaux|Burdigala, Bordeaux|Piliers de Tutelle, Bordeaux|Bordeaux","-0030/2100","44.834764","-0.573687","amphitheatre,settlement","VERIFIED","@cert:high","","",""
"a485c744-53f2-4367-9ae9-819cba124527","dorvm6vtatvrtt.tei.xml","burdigala","from=/TEI[1]/text[1]/body[1]/div[3]/p[14]::100;to=/TEI[1]/text[1]/body[1]/div[3]/p[14]::109","PLACE","http://pleiades.stoa.org/places/520998","Constantinopolis|Byzantium|Byzantium/Byzantion/Constantinopolis, Istanbul","-0750/2100","41.012379","28.975926","settlement,urban","VERIFIED","@cert:high","","",""
"8162a079-56ad-4768-b4f1-136837b1e83c","dorvm6vtatvrtt.tei.xml","constantinopolim","from=/TEI[1]/text[1]/body[1]/div[3]/p[14]::110;to=/TEI[1]/text[1]/body[1]/div[3]/p[14]::126","PLACE","http://pleiades.stoa.org/places/648789","Tarsus/Antiochia ad Cydnum|Tarsus/Antiochia ad Cydnum, Gözlü Kule","-1750/2000","36.91242","34.89592","settlement","VERIFIED","@cert:high","","",""
"ef1f03a0-3733-4773-82b0-e8be5b615c7c","dorvm6vtatvrtt.tei.xml","calcedonia","from=/TEI[1]/text[1]/body[1]/div[4]/p[1]::63;to=/TEI[1]/text[1]/body[1]/div[4]/p[1]::73","PLACE","http://pleiades.stoa.org/places/520988","Chalcedon|Chalcedon, Kadıköy","-0750/0640","40.983393","29.025789","settlement,port","VERIFIED","@cert:high","","",""
"71a1a4f2-590e-4128-b315-78802af9f0b2","dorvm6vtatvrtt.tei.xml","constantinopolim","from=/TEI[1]/text[1]/body[1]/div[4]/p[1]::91;to=/TEI[1]/text[1]/body[1]/div[4]/p[1]::107","PLACE","http://pleiades.stoa.org/places/520998","Constantinopolis|Byzantium|Byzantium/Byzantion/Constantinopolis, Istanbul","-0750/2100","41.012379","28.975926","settlement,urban","VERIFIED","@cert:high","","",""
"6c26acf3-51da-4b2f-928c-14c3cf0fadc1","dorvm6vtatvrtt.tei.xml","constantinopoli","from=/TEI[1]/text[1]/body[1]/div[4]/p[2]::2;to=/TEI[1]/text[1]/body[1]/div[4]/p[2]::17","PLACE","http://pleiades.stoa.org/places/520998","Constantinopolis|Byzantium|Byzantium/Byzantion/Constantinopolis, Istanbul","-0750/2100","41.012379","28.975926","settlement,urban","VERIFIED","@cert:high","","",""
"080a44e6-a27b-442c-94bd-d28b5344b27a","dorvm6vtatvrtt.tei.xml","pontum","from=/TEI[1]/text[1]/body[1]/div[4]/p[2]::26;to=/TEI[1]/text[1]/body[1]/div[4]/p[2]::32","PLACE","http://pleiades.stoa.org/places/520977","Bosphorus","-0550/0640","41.119444","29.075278","water-open","VERIFIED","@cert:high","","",""
"c0c12345-2da1-47e2-ac48-e56d7510aa70","dorvm6vtatvrtt.tei.xml","calcedoniam","from=/TEI[1]/text[1]/body[1]/div[4]/p[2]::40;to=/TEI[1]/text[1]/body[1]/div[4]/p[2]::51","PLACE","http://pleiades.stoa.org/places/520988","Chalcedon|Chalcedon, Kadıköy","-0750/0640","40.983393","29.025789","settlement,port","VERIFIED","@cert:high","","",""
"f4a96d40-0158-4ab0-8f96-3b6cf50da13a","dorvm6vtatvrtt.tei.xml","bithyniam","from=/TEI[1]/text[1]/body[1]/div[4]/p[2]::72;to=/TEI[1]/text[1]/body[1]/div[4]/p[2]::81","PLACE","http://pleiades.stoa.org/places/511189","Bithynia (region)","-0550/0640","41.01972391666666","31.501635083333333","region","VERIFIED","@cert:high","","",""
"1536df43-1ba7-4d96-9ccd-4541f8e7bad2","dorvm6vtatvrtt.tei.xml","nassete","from=/TEI[1]/text[1]/body[1]/div[4]/p[3]::8;to=/TEI[1]/text[1]/body[1]/div[4]/p[3]::15","PLACE","http://pleiades.stoa.org/places/521092","‘Nassete’|‘Nassete’, near Maltepe","0300/0640","40.918692","29.131811","station","VERIFIED","@cert:high","","",""
"5dfb5b4a-ddda-46d1-a993-f0d8c300f125","dorvm6vtatvrtt.tei.xml","pandicia","from=/TEI[1]/text[1]/body[1]/div[4]/p[3]::53;to=/TEI[1]/text[1]/body[1]/div[4]/p[3]::61","PLACE","http://pleiades.stoa.org/places/521106","Panteichion|Panteichion, Pendik","0300/0640","40.876585","29.23513","settlement","VERIFIED","@cert:high","","",""
"a695bb2a-7ab0-41b3-a8a9-23e391679eb8","dorvm6vtatvrtt.tei.xml","pontamus","from=/TEI[1]/text[1]/body[1]/div[4]/p[4]::8;to=/TEI[1]/text[1]/body[1]/div[4]/p[4]::16","PLACE","http://pleiades.stoa.org/places/511371","Potamoi|Potamoi, E Pendik","-0030/0640","40.798384","29.379823","station","VERIFIED","@cert:high","","",""
"ab8bbc46-f956-4987-a423-a9761fcf2010","dorvm6vtatvrtt.tei.xml","libissa","from=/TEI[1]/text[1]/body[1]/div[4]/p[4]::35;to=/TEI[1]/text[1]/body[1]/div[4]/p[4]::42","PLACE","http://pleiades.stoa.org/places/511305","Libyssa|Libyssa, Libyssa","-0330/0640","40.769562","29.539812","settlement","VERIFIED","@cert:high","","",""
"d8f016c4-ca15-43ef-9e5d-af2556d17eb5","dorvm6vtatvrtt.tei.xml","brunga","from=/TEI[1]/text[1]/body[1]/div[4]/p[6]::8;to=/TEI[1]/text[1]/body[1]/div[4]/p[6]::14","PLACE","http://pleiades.stoa.org/places/511193","‘Brunca’|‘Brunca’, Hereke/Yarımca?","0300/0640","40.777757","29.701046","station","VERIFIED","@cert:high","","",""
"c71d03d4-cd55-4b2a-b8c8-582505a61718","dorvm6vtatvrtt.tei.xml","nicomedia","from=/TEI[1]/text[1]/body[1]/div[4]/p[6]::33;to=/TEI[1]/text[1]/body[1]/div[4]/p[6]::42","PLACE","http://pleiades.stoa.org/places/511337","Nicomedia|Nicomedia//Nikomedeia, İzmit","-1750/2000","40.76445","29.923486","settlement","VERIFIED","@cert:high","","",""
"1680a6de-e167-4f74-a0d9-edf0bc04ed49","dorvm6vtatvrtt.tei.xml","constantinopoli","from=/TEI[1]/text[1]/body[1]/div[4]/p[7]::6;to=/TEI[1]/text[1]/body[1]/div[4]/p[7]::21","PLACE","http://pleiades.stoa.org/places/520998","Constantinopolis|Byzantium|Byzantium/Byzantion/Constantinopolis, Istanbul","-0750/2100","41.012379","28.975926","settlement,urban","VERIFIED","@cert:high","","",""
"6ea37c69-d7cf-4e12-9c2d-d047f0ff4458","dorvm6vtatvrtt.tei.xml","nicomedia","from=/TEI[1]/text[1]/body[1]/div[4]/p[7]::22;to=/TEI[1]/text[1]/body[1]/div[4]/p[7]::31","PLACE","http://pleiades.stoa.org/places/511337","Nicomedia|Nicomedia//Nikomedeia, İzmit","-1750/2000","40.76445","29.923486","settlement","VERIFIED","@cert:high","","",""
"3bfa22c1-f1a7-4874-b5be-a8a6ed9915f5","dorvm6vtatvrtt.tei.xml","hyribolum","from=/TEI[1]/text[1]/body[1]/div[4]/p[8]::14;to=/TEI[1]/text[1]/body[1]/div[4]/p[8]::23","PLACE","http://pleiades.stoa.org/places/511253","Eribolon|Eribolon, Yeniköy","-0030/0640","40.6939","29.8944","station","VERIFIED","@cert:high","","",""
"bc6cd255-1fe2-412f-b52a-f7795a308c57","dorvm6vtatvrtt.tei.xml","libum","from=/TEI[1]/text[1]/body[1]/div[4]/p[8]::39;to=/TEI[1]/text[1]/body[1]/div[4]/p[8]::44","PLACE","http://pleiades.stoa.org/places/511304","Libum|Libum, near Senaiye","0300/0640","40.631587","29.686075","station","VERIFIED","@cert:high","","",""
"e09773b1-351e-41cc-81a9-c4ca2fa91d1d","dorvm6vtatvrtt.tei.xml","liada","from=/TEI[1]/text[1]/body[1]/div[4]/p[8]::62;to=/TEI[1]/text[1]/body[1]/div[4]/p[8]::67","PLACE","http://pleiades.stoa.org/places/511302","‘Liada’|‘Liada’, near Sarıağıl","0300/0640","40.559956","29.668747","station","VERIFIED","@cert:high","","",""
"d5fe12d8-9fac-4727-a3f1-73017c5bf15c","dorvm6vtatvrtt.tei.xml","nicia","from=/TEI[1]/text[1]/body[1]/div[4]/p[8]::86;to=/TEI[1]/text[1]/body[1]/div[4]/p[8]::91","PLACE","http://pleiades.stoa.org/places/511268","Helikore/Nicaea|Nicaea/Nikaia/Helikore, İznik","-0550/0640","40.426679","29.715443","theatre,settlement","VERIFIED","@cert:high","","",""
"bdcc7ff7-1694-4a88-ac87-6833bbdfba77","dorvm6vtatvrtt.tei.xml","schinae","from=/TEI[1]/text[1]/body[1]/div[4]/p[8]::112;to=/TEI[1]/text[1]/body[1]/div[4]/p[8]::119","PLACE","http://pleiades.stoa.org/places/511412","‘Schinae’|‘Schinae’, Karadin","0300/0640","40.413487","29.915044","station","VERIFIED","@cert:high","","",""
"e3f0c3bf-2f28-4fde-97ef-e841486e746c","dorvm6vtatvrtt.tei.xml","mido","from=/TEI[1]/text[1]/body[1]/div[4]/p[8]::138;to=/TEI[1]/text[1]/body[1]/div[4]/p[8]::142","PLACE","http://pleiades.stoa.org/places/511326","Mygdum/‘Midum’|Mygdum/‘Midum’, Taşköprü?","0300/0640","40.36105","29.981601","station","VERIFIED","@cert:high","","",""
"d9d85377-1f7b-4675-b094-0abe140274f9","dorvm6vtatvrtt.tei.xml","chogeae","from=/TEI[1]/text[1]/body[1]/div[4]/p[8]::161;to=/TEI[1]/text[1]/body[1]/div[4]/p[8]::168","PLACE","http://pleiades.stoa.org/places/511210","‘Chogeae’|‘Chogeae’, Medetli?","0300/0640","40.289705","30.128565","station","VERIFIED","@cert:high","","",""
"e4cc84a8-4ec5-4610-9a99-6ed47d9d8e7f","dorvm6vtatvrtt.tei.xml","thateso","from=/TEI[1]/text[1]/body[1]/div[4]/p[8]::186;to=/TEI[1]/text[1]/body[1]/div[4]/p[8]::193","PLACE","http://pleiades.stoa.org/places/511437","‘Thateso’|‘Thateso’, Dikenli Boğaz?","0300/0640","40.248889","30.24468","station","VERIFIED","@cert:high","","",""
"096bff80-7a5b-4905-ad8b-09d242845fff","dorvm6vtatvrtt.tei.xml","tutaio","from=/TEI[1]/text[1]/body[1]/div[4]/p[8]::209;to=/TEI[1]/text[1]/body[1]/div[4]/p[8]::215","PLACE","","","","","","","UNVERIFIED","@cert:high","","",""
"d78d4772-e0a0-4301-92c8-aab8b80eb51f","dorvm6vtatvrtt.tei.xml","protunica","from=/TEI[1]/text[1]/body[1]/div[4]/p[8]::236;to=/TEI[1]/text[1]/body[1]/div[4]/p[8]::245","PLACE","http://pleiades.stoa.org/places/511431","Tattaios|Tattaios, Arıcaklar","-0030/0640","40.286922","30.3429555","settlement","VERIFIED","@cert:high","","",""
"f2935bbf-8a85-4d82-8798-b7817e28a980","dorvm6vtatvrtt.tei.xml","artemis","from=/TEI[1]/text[1]/body[1]/div[4]/p[8]::263;to=/TEI[1]/text[1]/body[1]/div[4]/p[8]::270","PLACE","http://pleiades.stoa.org/places/511383","‘Protunica’|‘Protunica’, Sarihocalar","0300/0640","40.266892","30.489235","station","VERIFIED","@cert:high","","",""
"f52cf374-1795-4725-8529-1689bf9c98f8","dorvm6vtatvrtt.tei.xml","dablae","from=/TEI[1]/text[1]/body[1]/div[4]/p[8]::294;to=/TEI[1]/text[1]/body[1]/div[4]/p[8]::300","PLACE","http://pleiades.stoa.org/places/844900","Dableis|Dableis, Çayköy","-0030/0640","40.269618","30.682355","station","VERIFIED","@cert:high","","",""
"ecbf13b2-a513-4fca-a6b8-93f6ad3102d3","dorvm6vtatvrtt.tei.xml","ceratae","from=/TEI[1]/text[1]/body[1]/div[4]/p[8]::317;to=/TEI[1]/text[1]/body[1]/div[4]/p[8]::324","PLACE","http://pleiades.stoa.org/places/844892","Ceratae|Ceratae, mansio at Beydili","0300/0640","40.188973","30.874479","station","VERIFIED","@cert:high","","",""
"cf4c9252-9781-4ae7-a0cd-adf810d96de0","dorvm6vtatvrtt.tei.xml","bithiniae","from=/TEI[1]/text[1]/body[1]/div[4]/p[8]::341;to=/TEI[1]/text[1]/body[1]/div[4]/p[8]::350","PLACE","http://pleiades.stoa.org/places/511189","Bithynia (region)","-0550/0640","41.01972391666666","31.501635083333333","region","VERIFIED","@cert:high","","",""
"b3249402-39eb-4f01-8dcd-d85a2c876731","dorvm6vtatvrtt.tei.xml","galatiae","from=/TEI[1]/text[1]/body[1]/div[4]/p[8]::354;to=/TEI[1]/text[1]/body[1]/div[4]/p[8]::362","PLACE","http://pleiades.stoa.org/places/619161","Galatia","-0330/0640","39.75","32.75","region,province","VERIFIED","@cert:high","","",""
"1b620b7f-41b4-48e5-99ed-2cb508bbb1bd","dorvm6vtatvrtt.tei.xml","dadastano","from=/TEI[1]/text[1]/body[1]/div[4]/p[9]::29;to=/TEI[1]/text[1]/body[1]/div[4]/p[9]::38","PLACE","http://pleiades.stoa.org/places/844901","Dadastana|Dadastana, Karahisar","0300/0640","40.195974","31.109549","station","VERIFIED","@cert:high","","",""
"4cbf8466-4a4e-4eae-8451-9d746c2b0580","dorvm6vtatvrtt.tei.xml","trans monte","from=/TEI[1]/text[1]/body[1]/div[4]/p[9]::56;to=/TEI[1]/text[1]/body[1]/div[4]/p[9]::67","PLACE","http://pleiades.stoa.org/places/845086","‘Transmonte’|‘Transmonte’, near Baglıca","0300/0640","40.225726","31.22005","station","VERIFIED","@cert:high","","",""
"7033e8fc-cf62-4242-850b-5929e24bfcdc","dorvm6vtatvrtt.tei.xml","milia","from=/TEI[1]/text[1]/body[1]/div[4]/p[9]::85;to=/TEI[1]/text[1]/body[1]/div[4]/p[9]::90","PLACE","http://pleiades.stoa.org/places/845019","Milia|Milia, near Eymir","0300/0640","40.197085","31.342518","station","VERIFIED","@cert:high","","",""
"f0fdc104-34b3-45ae-becf-8974fc2645bb","dorvm6vtatvrtt.tei.xml","iuliopolis","from=/TEI[1]/text[1]/body[1]/div[4]/p[9]::108;to=/TEI[1]/text[1]/body[1]/div[4]/p[9]::118","PLACE","http://pleiades.stoa.org/places/844935","Gordioukome/Iuliopolis|Gordioukome/Iuliopolis, Sarılar","-0330/0640","40.107062","31.6450025","settlement","VERIFIED","@cert:high","","",""
"3df3bb0c-ae9d-456d-94e7-1705b3ad1d90","dorvm6vtatvrtt.tei.xml","hicronpotamum","from=/TEI[1]/text[1]/body[1]/div[4]/p[9]::138;to=/TEI[1]/text[1]/body[1]/div[4]/p[9]::151","PLACE","http://pleiades.stoa.org/places/844946","*Hieronpotamon|*Hieronpotamon, below Tahir","0300/0640","40.082671","31.690195","settlement","VERIFIED","@cert:high","","",""
"706da446-4c71-4db7-93ef-9fc515c45a14","dorvm6vtatvrtt.tei.xml","agannia","from=/TEI[1]/text[1]/body[1]/div[4]/p[9]::170;to=/TEI[1]/text[1]/body[1]/div[4]/p[9]::177","PLACE","http://pleiades.stoa.org/places/609447","Lagania/Anastasioupolis|Lagania/Anastasioupolis, Dikmen Hüyük","-0030/0640","40.0219715","31.9622515","settlement","VERIFIED","@cert:high","","",""
"14055a01-234e-4b4f-a8f2-db6f3636f0a4","dorvm6vtatvrtt.tei.xml","petrobrogen","from=/TEI[1]/text[1]/body[1]/div[4]/p[9]::195;to=/TEI[1]/text[1]/body[1]/div[4]/p[9]::206","PLACE","http://pleiades.stoa.org/places/845038","‘Petobrogen’|‘Petobrogen’, near Perli Çiftlik","0300/0640","40.053953","32.016977","station","VERIFIED","@cert:high","","",""
"31864992-af39-4726-aaf4-c610b2252e2b","dorvm6vtatvrtt.tei.xml","mnizos","from=/TEI[1]/text[1]/body[1]/div[4]/p[9]::229;to=/TEI[1]/text[1]/body[1]/div[4]/p[9]::235","PLACE","http://pleiades.stoa.org/places/845020","Mnizos|Mnizos, Balçiçek Çiftliği","-0030/0640","40.04443","32.2489715","settlement","VERIFIED","@cert:high","","",""
"5c544324-9da5-49e3-9960-b630f65594be","dorvm6vtatvrtt.tei.xml","prasmon","from=/TEI[1]/text[1]/body[1]/div[4]/p[9]::252;to=/TEI[1]/text[1]/body[1]/div[4]/p[9]::259","PLACE","http://pleiades.stoa.org/places/845047","Prasmon|Prasmon, NE Ayas","0300/0640","40.109949","32.249382","station","VERIFIED","@cert:high","","",""
"7eb3c663-5d5d-4467-b22d-28413402e108","dorvm6vtatvrtt.tei.xml","malogordis","from=/TEI[1]/text[1]/body[1]/div[4]/p[9]::277;to=/TEI[1]/text[1]/body[1]/div[4]/p[9]::287","PLACE","http://pleiades.stoa.org/places/845011","‘Manegordo’|‘Manegordo’, Avdan","0300/0640","40.084044","32.429558","station","VERIFIED","@cert:high","","",""
"4979222d-84b7-4a13-b325-b1940d2b3e27","dorvm6vtatvrtt.tei.xml","cenaxem palidem","from=/TEI[1]/text[1]/body[1]/div[4]/p[9]::308;to=/TEI[1]/text[1]/body[1]/div[4]/p[9]::323","PLACE","http://pleiades.stoa.org/places/619136","Cenaxis Palus|Cenaxis Palus, Macun Çiftlik? near Etimesgut","0300/0640","39.9844845","32.6625835","station","VERIFIED","@cert:high","","",""
"de8be3ac-be19-4e23-a86c-c7f4035fc172","dorvm6vtatvrtt.tei.xml","anchira galatia","from=/TEI[1]/text[1]/body[1]/div[4]/p[9]::343;to=/TEI[1]/text[1]/body[1]/div[4]/p[9]::358","PLACE","http://pleiades.stoa.org/places/619103","Ancyra|Ancyra, Ankara","-2600000/2000","39.944387","32.858128","settlement","VERIFIED","@cert:high","","",""
"f9bd6117-4858-4b7a-b5f7-2f24a50099a7","dorvm6vtatvrtt.tei.xml","nicomedia","from=/TEI[1]/text[1]/body[1]/div[4]/p[10]::6;to=/TEI[1]/text[1]/body[1]/div[4]/p[10]::15","PLACE","http://pleiades.stoa.org/places/511337","Nicomedia|Nicomedia//Nikomedeia, İzmit","-1750/2000","40.76445","29.923486","settlement","VERIFIED","@cert:high","","",""
"895ef6a1-9d4a-49ff-aaf3-ddca2711cfbf","dorvm6vtatvrtt.tei.xml","anchira galatia","from=/TEI[1]/text[1]/body[1]/div[4]/p[10]::16;to=/TEI[1]/text[1]/body[1]/div[4]/p[10]::31","PLACE","http://pleiades.stoa.org/places/619103","Ancyra|Ancyra, Ankara","-2600000/2000","39.944387","32.858128","settlement","VERIFIED","@cert:high","","",""
"a9325454-38f8-4100-9602-a2375c7e9465","dorvm6vtatvrtt.tei.xml","delemna","from=/TEI[1]/text[1]/body[1]/div[4]/p[10]::93;to=/TEI[1]/text[1]/body[1]/div[4]/p[10]::100","PLACE","http://pleiades.stoa.org/places/619161","Galatia","-0330/0640","39.75","32.75","region,province","VERIFIED","@cert:high","","",""
"bdd8de07-a0a9-4661-b36b-d64dd07c73f0","dorvm6vtatvrtt.tei.xml","milia","from=/TEI[1]/text[1]/body[1]/div[4]/p[10]::101;to=/TEI[1]/text[1]/body[1]/div[4]/p[10]::106","PLACE","http://pleiades.stoa.org/places/619150","Delemna/Dilimnia|Delemna/Dilimnia, Gölçük?","0300/0640","39.8243105","32.8194405","station","VERIFIED","@cert:high","","",""
"5539789f-abec-482e-b0e5-e9566de50717","dorvm6vtatvrtt.tei.xml","curueunta","from=/TEI[1]/text[1]/body[1]/div[4]/p[10]::116;to=/TEI[1]/text[1]/body[1]/div[4]/p[10]::125","PLACE","http://pleiades.stoa.org/places/619167","Gorbeus|Gorbeus, Oğulbey","-0330/0640","39.69484","32.87447","settlement","VERIFIED","@cert:high","","",""
"9a42b1e1-59b6-4df6-a631-c1ecbbf39255","dorvm6vtatvrtt.tei.xml","rosolodiaco","from=/TEI[1]/text[1]/body[1]/div[4]/p[10]::143;to=/TEI[1]/text[1]/body[1]/div[4]/p[10]::154","PLACE","http://pleiades.stoa.org/places/619228","Orsologiakos/Rosolodiacus|Orsologiakos/Rosolodiacus, Deliler Çiftliği","-0030/0640","39.588876","32.896893","station","VERIFIED","@cert:high","","",""
"014d52c4-a93b-403f-bd2d-5e8d19093df8","dorvm6vtatvrtt.tei.xml","aliassum","from=/TEI[1]/text[1]/body[1]/div[4]/p[10]::173;to=/TEI[1]/text[1]/body[1]/div[4]/p[10]::181","PLACE","http://pleiades.stoa.org/places/619102","Aliassum|Aliassum, probably at Avşar","0300/0640","39.4528865","33.0678125","station","VERIFIED","@cert:high","","",""
"2fa8f9a9-f4f3-4e32-a56a-50594d071470","dorvm6vtatvrtt.tei.xml","aspona","from=/TEI[1]/text[1]/body[1]/div[4]/p[10]::201;to=/TEI[1]/text[1]/body[1]/div[4]/p[10]::207","PLACE","http://pleiades.stoa.org/places/619118","Aspona|Aspona, Sarıhüyük/Ankara","-0030/0640","39.309426","33.289354","settlement","VERIFIED","@cert:high","","",""
"28d956e4-117d-4970-b27a-cd06f6cdc8b2","dorvm6vtatvrtt.tei.xml","galea","from=/TEI[1]/text[1]/body[1]/div[4]/p[10]::234;to=/TEI[1]/text[1]/body[1]/div[4]/p[10]::239","PLACE","http://pleiades.stoa.org/places/619162","Galea|Galea, near Büyük Bıyık","0300/0640","39.266152","33.441223","station","VERIFIED","@cert:high","","",""
"dd2c91d5-32fe-481a-a84d-ce546271ca16","dorvm6vtatvrtt.tei.xml","galatiae","from=/TEI[1]/text[1]/body[1]/div[4]/p[11]::6;to=/TEI[1]/text[1]/body[1]/div[4]/p[11]::14","PLACE","http://pleiades.stoa.org/places/991393","Galatia","","37.5","32.5","province","VERIFIED","@cert:high","","",""
"0f0f57f2-0992-481d-b8d7-517221145f00","dorvm6vtatvrtt.tei.xml","cappadociae","from=/TEI[1]/text[1]/body[1]/div[4]/p[11]::18;to=/TEI[1]/text[1]/body[1]/div[4]/p[11]::29","PLACE","http://pleiades.stoa.org/places/981523","Galatia et Cappadocia","","37.5","32.5","province","VERIFIED","@cert:high","","",""
"7fed8449-b875-472c-8cdd-cb4a6507e4c3","dorvm6vtatvrtt.tei.xml","parnasso","from=/TEI[1]/text[1]/body[1]/div[4]/p[12]::7;to=/TEI[1]/text[1]/body[1]/div[4]/p[12]::15","PLACE","http://pleiades.stoa.org/places/619235","Parnassos|Parnassos, Değirmenyolu","-0330/0640","39.054632","33.586987","settlement","VERIFIED","@cert:high","","",""
"1532325b-20dd-4115-ab9b-c569f715af11","dorvm6vtatvrtt.tei.xml","iogola","from=/TEI[1]/text[1]/body[1]/div[4]/p[12]::34;to=/TEI[1]/text[1]/body[1]/div[4]/p[12]::40","PLACE","http://pleiades.stoa.org/places/619232","Ozzala/Ozizala|Ozzala/Ozizala, near Üzengilik (contra RE)","-0030/0640","38.871019","33.711367","station","VERIFIED","@cert:high","","",""
"6814291e-f69d-4d62-8cc5-64068a52927e","dorvm6vtatvrtt.tei.xml","nitalis","from=/TEI[1]/text[1]/body[1]/div[4]/p[12]::58;to=/TEI[1]/text[1]/body[1]/div[4]/p[12]::65","PLACE","http://pleiades.stoa.org/places/619220","Nitazi/Nitalis|Nitazi/Nitalis, Kabakülak","-0030/0640","38.709571","33.912591","station","VERIFIED","@cert:high","","",""
"c7098181-8750-45f9-8c26-82bf597fe43e","dorvm6vtatvrtt.tei.xml","argustana","from=/TEI[1]/text[1]/body[1]/div[4]/p[12]::86;to=/TEI[1]/text[1]/body[1]/div[4]/p[12]::95","PLACE","http://pleiades.stoa.org/places/619115","Argustana|Argustana, Yeniyuva, formerly Nurgüz","0300/0640","38.566309","34.032157","station","VERIFIED","@cert:high","","",""
"a3b835f5-f205-4db5-9840-344f6b26ea1c","dorvm6vtatvrtt.tei.xml","colonia","from=/TEI[1]/text[1]/body[1]/div[4]/p[12]::115;to=/TEI[1]/text[1]/body[1]/div[4]/p[12]::122","PLACE","http://pleiades.stoa.org/places/619164","Garsaura/Col. Claudia Archelais/Koloneia|Garsaura/Garsaoura/Garsauira/Archelais/Col. Claudia Archelais/Koloneia, Aksaray","-0330/0640","38.374149","34.028835","settlement","VERIFIED","@cert:high","","",""
"0b470d92-bc08-4c0c-9a48-a37723f42938","dorvm6vtatvrtt.tei.xml","momoasson","from=/TEI[1]/text[1]/body[1]/div[4]/p[12]::146;to=/TEI[1]/text[1]/body[1]/div[4]/p[12]::155","PLACE","http://pleiades.stoa.org/places/619212","Momasson|Momasson, Gökçe, formerly Mamasun","0300/0640","38.41672","34.167749","station","VERIFIED","@cert:high","","",""
"3012d021-6cbc-41da-9441-d6507da511c2","dorvm6vtatvrtt.tei.xml","anathiango","from=/TEI[1]/text[1]/body[1]/div[4]/p[12]::173;to=/TEI[1]/text[1]/body[1]/div[4]/p[12]::183","PLACE","http://pleiades.stoa.org/places/619218","Nandianulus/Nazianzos|Nandianulus/Nazianzos, Nenezigözü","-0030/0640","38.398047","34.3497935","settlement","VERIFIED","@cert:high","","",""
"c817f4c8-8e05-4e51-934f-576d6370f35c","dorvm6vtatvrtt.tei.xml","chusa","from=/TEI[1]/text[1]/body[1]/div[4]/p[12]::203;to=/TEI[1]/text[1]/body[1]/div[4]/p[12]::208","PLACE","http://pleiades.stoa.org/places/619139","Chusa|Chusa, probably at Yazıköy","0300/0640","38.376942","34.448556","station","VERIFIED","@cert:high","","",""
"d59d569a-8f7b-4d24-804a-89d72c70cf97","dorvm6vtatvrtt.tei.xml","sasima","from=/TEI[1]/text[1]/body[1]/div[4]/p[12]::226;to=/TEI[1]/text[1]/body[1]/div[4]/p[12]::232","PLACE","http://pleiades.stoa.org/places/619256","Sasima|Sasima, Hasanköy","-0030/0640","38.2298035","34.6292035","settlement","VERIFIED","@cert:high","","",""
"8be26d14-8dc4-45ae-9a4c-ec59b6779487","dorvm6vtatvrtt.tei.xml","andauilis","from=/TEI[1]/text[1]/body[1]/div[4]/p[12]::250;to=/TEI[1]/text[1]/body[1]/div[4]/p[12]::259","PLACE","http://pleiades.stoa.org/places/619104","Andabalis|Andabalis, Yeniköy, formerly Eski Andaval","-0030/0640","38.0394955","34.67349","settlement","VERIFIED","@cert:high","","",""
"0aa04bff-fa44-473b-95ea-5b558ec21001","dorvm6vtatvrtt.tei.xml","thyana","from=/TEI[1]/text[1]/body[1]/div[4]/p[14]::8;to=/TEI[1]/text[1]/body[1]/div[4]/p[14]::14","PLACE","http://pleiades.stoa.org/places/648801","Tyana/Col. Aurelia Antoniniana|Tyana/Col. Aurelia Antoniniana, Kemerhisar","-1450/2000","37.817319","34.568378","settlement","VERIFIED","@cert:high","","",""
"48159f52-95ca-4d13-8d66-b526f9a1846c","dorvm6vtatvrtt.tei.xml","faustinopoli","from=/TEI[1]/text[1]/body[1]/div[4]/p[15]::42;to=/TEI[1]/text[1]/body[1]/div[4]/p[15]::54","PLACE","http://pleiades.stoa.org/places/648608","Col. Faustinopolis/Halala|Col. Faustinopolis/Halala, Başmakçı","-0030/0640","37.659399","34.723587","settlement","VERIFIED","@cert:high","","",""
"c1cb5f04-192e-44e4-a1e5-506b239334a4","dorvm6vtatvrtt.tei.xml","caena","from=/TEI[1]/text[1]/body[1]/div[4]/p[15]::73;to=/TEI[1]/text[1]/body[1]/div[4]/p[15]::78","PLACE","http://pleiades.stoa.org/places/648592","Caena|Caena, near Ömerli","0300/0640","37.531389","34.842479","station","VERIFIED","@cert:high","","",""
"db03392c-146e-4624-8de4-5f8112a548b7","dorvm6vtatvrtt.tei.xml","opodando","from=/TEI[1]/text[1]/body[1]/div[4]/p[15]::97;to=/TEI[1]/text[1]/body[1]/div[4]/p[15]::105","PLACE","http://pleiades.stoa.org/places/648742","Podandus|Podandus, Pozantı/Adana","-0750/0640","37.4265802","34.872073","settlement","VERIFIED","@cert:high","","",""
"6bcb0fc8-1833-4d17-8f18-75f8e67d3a51","dorvm6vtatvrtt.tei.xml","pilas","from=/TEI[1]/text[1]/body[1]/div[4]/p[15]::124;to=/TEI[1]/text[1]/body[1]/div[4]/p[15]::129","PLACE","http://pleiades.stoa.org/places/648670","Kilikiai Pylai|Kilikiai Pylai|Kilikiai Pylai, near Sarıseki|Kilikiai Pylai, Gülek Bogazi","-0550/2100","36.658322","36.227919","pass","VERIFIED","@cert:high","","",""
"1d1f5159-6202-4c8c-8cb7-fc601e565828","dorvm6vtatvrtt.tei.xml","cappadociae","from=/TEI[1]/text[1]/body[1]/div[4]/p[16]::12;to=/TEI[1]/text[1]/body[1]/div[4]/p[16]::23","PLACE","http://pleiades.stoa.org/places/628949","Cappadocia","-0550/0640","39.25","35.75","labeled feature","VERIFIED","@cert:high","","",""
"ee31e750-780e-4ab0-a3c0-dacd4157a662","dorvm6vtatvrtt.tei.xml","ciliciae","from=/TEI[1]/text[1]/body[1]/div[4]/p[16]::27;to=/TEI[1]/text[1]/body[1]/div[4]/p[16]::35","PLACE","http://pleiades.stoa.org/places/981514","Cilicia","","37.5","32.5","province","VERIFIED","@cert:high","","",""
"d71a2bd9-bbba-4b84-be29-12a16f29d4b0","dorvm6vtatvrtt.tei.xml","mansucrinae","from=/TEI[1]/text[1]/body[1]/div[4]/p[17]::7;to=/TEI[1]/text[1]/body[1]/div[4]/p[17]::18","PLACE","http://pleiades.stoa.org/places/648704","Ma(m)psoukrenai|Mampsoukrenai/Mapsoukrenai, Kırıtlar?","-0030/0640","37.0733365","34.8858995","station","VERIFIED","@cert:high","","",""
"2b6afc42-c742-454e-afde-6dcd660a2926","dorvm6vtatvrtt.tei.xml","tarso","from=/TEI[1]/text[1]/body[1]/div[4]/p[17]::37;to=/TEI[1]/text[1]/body[1]/div[4]/p[17]::42","PLACE","http://pleiades.stoa.org/places/648789","Tarsus/Antiochia ad Cydnum|Tarsus/Antiochia ad Cydnum, Gözlü Kule","-1750/2000","36.91242","34.89592","settlement","VERIFIED","@cert:high","","",""
"23659e77-19cc-48e5-bbd0-a84832d2ec6e","dorvm6vtatvrtt.tei.xml","anchira galatia","from=/TEI[1]/text[1]/body[1]/div[4]/p[19]::7;to=/TEI[1]/text[1]/body[1]/div[4]/p[19]::22","PLACE","http://pleiades.stoa.org/places/619161","Galatia","-0330/0640","39.75","32.75","region,province","VERIFIED","@cert:high","","",""
"1585d99c-a7c3-4ebd-a842-a15bb98cf48a","dorvm6vtatvrtt.tei.xml","tarso","from=/TEI[1]/text[1]/body[1]/div[4]/p[19]::23;to=/TEI[1]/text[1]/body[1]/div[4]/p[19]::28","PLACE","http://pleiades.stoa.org/places/648789","Tarsus/Antiochia ad Cydnum|Tarsus/Antiochia ad Cydnum, Gözlü Kule","-1750/2000","36.91242","34.89592","settlement","VERIFIED","@cert:high","","",""
"f600aefb-419c-4be4-960c-19de953bcb8b","dorvm6vtatvrtt.tei.xml","tarso","from=/TEI[1]/text[1]/body[1]/div[5]/p[1]::9;to=/TEI[1]/text[1]/body[1]/div[5]/p[1]::14","PLACE","http://pleiades.stoa.org/places/648789","Tarsus/Antiochia ad Cydnum|Tarsus/Antiochia ad Cydnum, Gözlü Kule","-1750/2000","36.91242","34.89592","settlement","VERIFIED","@cert:high","","",""
"cc3ffc65-7e12-49f2-8680-a233e891d312","dorvm6vtatvrtt.tei.xml","anchira","from=/TEI[1]/text[1]/body[1]/div[5]/p[3]::7;to=/TEI[1]/text[1]/body[1]/div[5]/p[3]::14","PLACE","http://pleiades.stoa.org/places/619103","Ancyra|Ancyra, Ankara","-2600000/2000","39.944387","32.858128","settlement","VERIFIED","@cert:high","","",""
"d8609f00-71e8-4170-9372-3cf139e35e60","dorvm6vtatvrtt.tei.xml","galatia","from=/TEI[1]/text[1]/body[1]/div[5]/p[3]::15;to=/TEI[1]/text[1]/body[1]/div[5]/p[3]::22","PLACE","http://pleiades.stoa.org/places/619161","Galatia","-0330/0640","39.75","32.75","region,province","VERIFIED","@cert:high","","",""
"003882a3-d340-4f5b-b2de-a2f12b923c34","dorvm6vtatvrtt.tei.xml","tarso","from=/TEI[1]/text[1]/body[1]/div[5]/p[3]::23;to=/TEI[1]/text[1]/body[1]/div[5]/p[3]::28","PLACE","http://pleiades.stoa.org/places/648789","Tarsus/Antiochia ad Cydnum|Tarsus/Antiochia ad Cydnum, Gözlü Kule","-1750/2000","36.91242","34.89592","settlement","VERIFIED","@cert:high","","",""
"1e0322f0-28de-4298-9f3c-e556b2e1293d","dorvm6vtatvrtt.tei.xml","pargais","from=/TEI[1]/text[1]/body[1]/div[5]/p[4]::8;to=/TEI[1]/text[1]/body[1]/div[5]/p[4]::15","PLACE","http://pleiades.stoa.org/places/648733","Pargais|Pargais, near Gökçeler","0300/0640","36.9712975","35.1059765","station","VERIFIED","@cert:high","","",""
"33945390-3947-4ecc-82ac-767392f4b726","dorvm6vtatvrtt.tei.xml","adana","from=/TEI[1]/text[1]/body[1]/div[5]/p[4]::35;to=/TEI[1]/text[1]/body[1]/div[5]/p[4]::40","PLACE","http://pleiades.stoa.org/places/648548","Adana/Antiochia ad Sarum|Adana/Antiochia ad Sarum, Adana","-1750/2000","36.985809","35.334166","settlement-modern,settlement","VERIFIED","@cert:high","","",""
"18fe44d0-4c36-4d60-9d93-d8ca2e313a65","dorvm6vtatvrtt.tei.xml","mansista","from=/TEI[1]/text[1]/body[1]/div[5]/p[4]::61;to=/TEI[1]/text[1]/body[1]/div[5]/p[4]::69","PLACE","http://pleiades.stoa.org/places/658538","Mopsou(h)estia/Seleukeia pros to Pyramo|Mopsouhestia/Mopsouestia/Seleukeia pros to Pyramo, Yakapınar","-0550/2100","36.95779","35.62389","settlement","VERIFIED","@cert:high","","",""
"fe20f00d-2733-4de1-b215-ec999a3cbbcc","dorvm6vtatvrtt.tei.xml","tardequeia","from=/TEI[1]/text[1]/body[1]/div[5]/p[4]::90;to=/TEI[1]/text[1]/body[1]/div[5]/p[4]::100","PLACE","http://pleiades.stoa.org/places/658610","Tardequeia|Tardequeia, Kurtkulağı?","0300/0640","36.93717","35.88579","station","VERIFIED","@cert:high","","",""
"a0c6b81d-58aa-49c2-bf37-8eac33009dd0","dorvm6vtatvrtt.tei.xml","catauolo","from=/TEI[1]/text[1]/body[1]/div[5]/p[4]::117;to=/TEI[1]/text[1]/body[1]/div[5]/p[4]::125","PLACE","http://pleiades.stoa.org/places/658506","Katabolos/Moutloubake|Katabolos/Moutloubake, Muttalip Höyüğü","-0030/0640","36.91741","35.98137","settlement","VERIFIED","@cert:high","","",""
"8f5b01d2-d6f4-4d25-a074-e62882537dac","dorvm6vtatvrtt.tei.xml","baiae","from=/TEI[1]/text[1]/body[1]/div[5]/p[4]::143;to=/TEI[1]/text[1]/body[1]/div[5]/p[4]::148","PLACE","http://pleiades.stoa.org/places/658394","Baiae|Baiae, Payas","-0030/0640","36.75331","36.21292","labeled feature","VERIFIED","@cert:high","","",""
"08c63c10-da8e-41b0-a4a3-5052876db126","dorvm6vtatvrtt.tei.xml","alexandria scabiosa","from=/TEI[1]/text[1]/body[1]/div[5]/p[4]::167;to=/TEI[1]/text[1]/body[1]/div[5]/p[4]::186","PLACE","http://pleiades.stoa.org/places/658371","Alexandria ad Issum|Alexandria ad Issum, İskenderun","-1750/2000","36.589023","36.166038","settlement","VERIFIED","@cert:high","","",""
"78f32eb6-a7c4-4126-b74a-e78ebd834b10","dorvm6vtatvrtt.tei.xml","pictanus","from=/TEI[1]/text[1]/body[1]/div[5]/p[4]::211;to=/TEI[1]/text[1]/body[1]/div[5]/p[4]::219","PLACE","http://pleiades.stoa.org/places/658573","Platanoi/‘Pictanus’|Platanoi/‘Pictanus’, Belen","-0030/0640","36.488437","36.19513","settlement","VERIFIED","@cert:high","","",""
"894a0b50-9f0e-43c3-8e0f-fa4bed065243","dorvm6vtatvrtt.tei.xml","cilciae","from=/TEI[1]/text[1]/body[1]/div[5]/p[5]::6;to=/TEI[1]/text[1]/body[1]/div[5]/p[5]::13","PLACE","http://pleiades.stoa.org/places/981514","Cilicia","","37.5","32.5","province","VERIFIED","@cert:high","","",""
"bbd6d726-3ee4-4a5e-b7a1-fe52abd90e0b","dorvm6vtatvrtt.tei.xml","syriae","from=/TEI[1]/text[1]/body[1]/div[5]/p[5]::17;to=/TEI[1]/text[1]/body[1]/div[5]/p[5]::23","PLACE","http://pleiades.stoa.org/places/981550","Syria (Roman imperial province)","","37.5","37.5","province","VERIFIED","@cert:high","","",""
"456c7073-a62f-4732-9ec4-28de9d8fede3","dorvm6vtatvrtt.tei.xml","pagrios","from=/TEI[1]/text[1]/body[1]/div[5]/p[6]::7;to=/TEI[1]/text[1]/body[1]/div[5]/p[6]::14","PLACE","http://pleiades.stoa.org/places/658564","Pagrae|Pagrae, Bağras","-0330/0640","36.426652","36.224864","settlement,fort","VERIFIED","@cert:high","","",""
"5feb1d91-5624-4242-ae11-c3fa372e696d","dorvm6vtatvrtt.tei.xml","antiochia","from=/TEI[1]/text[1]/body[1]/div[5]/p[6]::34;to=/TEI[1]/text[1]/body[1]/div[5]/p[6]::43","PLACE","http://pleiades.stoa.org/places/658381","Antiochia/Theoupolis|Antiochia/Theoupolis, Antakya","-1750/2000","36.200663","36.165318","amphitheatre,settlement,urban","VERIFIED","@cert:high","","",""
"74eb407e-2c67-40c1-b9da-f2be4051f1fd","dorvm6vtatvrtt.tei.xml","tarso","from=/TEI[1]/text[1]/body[1]/div[5]/p[7]::6;to=/TEI[1]/text[1]/body[1]/div[5]/p[7]::11","PLACE","http://pleiades.stoa.org/places/648789","Tarsus/Antiochia ad Cydnum|Tarsus/Antiochia ad Cydnum, Gözlü Kule","-1750/2000","36.91242","34.89592","settlement","VERIFIED","@cert:high","","",""
"0e267ad1-24f4-4aa9-a46f-258815c6b00e","dorvm6vtatvrtt.tei.xml","ciliciae","from=/TEI[1]/text[1]/body[1]/div[5]/p[7]::12;to=/TEI[1]/text[1]/body[1]/div[5]/p[7]::20","PLACE","http://pleiades.stoa.org/places/981514","Cilicia","","37.5","32.5","province","VERIFIED","@cert:high","","",""
"427289e0-898c-4a64-ad3a-6fb34bd3188e","dorvm6vtatvrtt.tei.xml","antiochia","from=/TEI[1]/text[1]/body[1]/div[5]/p[7]::21;to=/TEI[1]/text[1]/body[1]/div[5]/p[7]::30","PLACE","http://pleiades.stoa.org/places/658381","Antiochia/Theoupolis|Antiochia/Theoupolis, Antakya","-1750/2000","36.200663","36.165318","amphitheatre,settlement,urban","VERIFIED","@cert:high","","",""
"ccc41885-dcc6-4473-807f-b53195d50cd6","dorvm6vtatvrtt.tei.xml","palatium dafne","from=/TEI[1]/text[1]/body[1]/div[5]/p[8]::3;to=/TEI[1]/text[1]/body[1]/div[5]/p[8]::17","PLACE","http://pleiades.stoa.org/places/658450","Daphne|Daphne, Harbiye","-0330/0640","36.130422","36.142802","settlement","VERIFIED","@cert:high","","",""
"214d24fa-83b0-4eae-99a9-a1da95c6ec56","dorvm6vtatvrtt.tei.xml","hysdata","from=/TEI[1]/text[1]/body[1]/div[5]/p[8]::40;to=/TEI[1]/text[1]/body[1]/div[5]/p[8]::47","PLACE","http://pleiades.stoa.org/places/658483","Hydatos Potamoi/Seleukeia Pieria|Seleukeia Pieria/Hydatos Potamoi, Çevlik","-0550/0640","36.11705","35.93815","settlement,port","VERIFIED","@cert:high","","",""
"16942ccc-678e-40c8-8d94-4a5aec333c81","dorvm6vtatvrtt.tei.xml","platanus","from=/TEI[1]/text[1]/body[1]/div[5]/p[8]::64;to=/TEI[1]/text[1]/body[1]/div[5]/p[8]::72","PLACE","","","","","","","UNVERIFIED","@cert:unknown","","",""
"b3de8681-4c1d-4f40-bc13-e8e393f262b8","dorvm6vtatvrtt.tei.xml","baccaias","from=/TEI[1]/text[1]/body[1]/div[5]/p[8]::92;to=/TEI[1]/text[1]/body[1]/div[5]/p[8]::100","PLACE","","","","","","","UNVERIFIED","@cert:unknown","","",""
"e2585548-023f-4f48-9f0f-2b278c269467","dorvm6vtatvrtt.tei.xml","catelas","from=/TEI[1]/text[1]/body[1]/div[5]/p[8]::119;to=/TEI[1]/text[1]/body[1]/div[5]/p[8]::126","PLACE","","","","","","","UNVERIFIED","@cert:unknown","","",""
"881f3278-56ac-4a3b-9100-66b62e341892","dorvm6vtatvrtt.tei.xml","ladica","from=/TEI[1]/text[1]/body[1]/div[5]/p[8]::145;to=/TEI[1]/text[1]/body[1]/div[5]/p[8]::151","PLACE","http://pleiades.stoa.org/places/668290","Laodicea|Laodicea, Latakia","-0550/0640","35.513994","35.782047","settlement,port","VERIFIED","@cert:high","","",""
"39fc72d5-dac9-42a7-a632-f434c9e4ca22","dorvm6vtatvrtt.tei.xml","gabala","from=/TEI[1]/text[1]/body[1]/div[5]/p[8]::170;to=/TEI[1]/text[1]/body[1]/div[5]/p[8]::176","PLACE","http://pleiades.stoa.org/places/668250","Gabala|Gabala, Jableh","-0550/0640","35.36171","35.92429","settlement","VERIFIED","@cert:high","","",""
"e9e7ea93-75ef-401e-b5af-2aca3f9a63c5","dorvm6vtatvrtt.tei.xml","balaneas","from=/TEI[1]/text[1]/body[1]/div[5]/p[8]::197;to=/TEI[1]/text[1]/body[1]/div[5]/p[8]::205","PLACE","http://pleiades.stoa.org/places/668206","Balanea/Leukas|Balanea/Leukas, Baniyas","-0030/0640","35.15354","35.928176","settlement,port","VERIFIED","@cert:high","","",""
"b85e95c0-c153-4695-8d92-00fba210c490","dorvm6vtatvrtt.tei.xml","syriae coelis","from=/TEI[1]/text[1]/body[1]/div[5]/p[8]::223;to=/TEI[1]/text[1]/body[1]/div[5]/p[8]::236","PLACE","http://pleiades.stoa.org/places/981550","Syria (Roman imperial province)","","37.5","37.5","province","VERIFIED","@cert:high","","",""
"d8391340-c7ae-4edf-9983-cabbc4f5c0e2","dorvm6vtatvrtt.tei.xml","foenicis","from=/TEI[1]/text[1]/body[1]/div[5]/p[8]::240;to=/TEI[1]/text[1]/body[1]/div[5]/p[8]::248","PLACE","http://pleiades.stoa.org/places/678334","Phoenice","-0750/0640","33.25","35.25","region","VERIFIED","@cert:high","","",""
"6d33a5ad-e4a4-4e98-8be8-313b7bd35259","dorvm6vtatvrtt.tei.xml","maraccas","from=/TEI[1]/text[1]/body[1]/div[5]/p[9]::8;to=/TEI[1]/text[1]/body[1]/div[5]/p[9]::16","PLACE","http://pleiades.stoa.org/places/668305","Maraccas|Maraccas, Khrab Maraqiye","0300/0640","35.041299","35.898709","station","VERIFIED","@cert:high","","",""
"e0b4c2a7-c87f-4ed6-9049-952e43c4bb7f","dorvm6vtatvrtt.tei.xml","antaradus","from=/TEI[1]/text[1]/body[1]/div[5]/p[9]::32;to=/TEI[1]/text[1]/body[1]/div[5]/p[9]::41","PLACE","http://pleiades.stoa.org/places/668190","Antarados/Constantia|Antarados/Constantia, Tartous","-0030/0640","34.884894","35.88929","settlement","VERIFIED","@cert:high","","",""
"8af3fc57-8783-4cc8-88a8-6aac0c2203d2","dorvm6vtatvrtt.tei.xml","spiclin","from=/TEI[1]/text[1]/body[1]/div[5]/p[11]::8;to=/TEI[1]/text[1]/body[1]/div[5]/p[11]::15","PLACE","","","","","","","UNVERIFIED","@cert:unknown","","",""
"5d8401e3-a2ed-4129-8ca4-964c210aa7cf","dorvm6vtatvrtt.tei.xml","basiliscum","from=/TEI[1]/text[1]/body[1]/div[5]/p[11]::40;to=/TEI[1]/text[1]/body[1]/div[5]/p[11]::50","PLACE","","","","","","","UNVERIFIED","@cert:unknown","","",""
"021c9a55-ce48-4b53-b638-6b9a52ef6266","dorvm6vtatvrtt.tei.xml","arcas","from=/TEI[1]/text[1]/body[1]/div[5]/p[11]::68;to=/TEI[1]/text[1]/body[1]/div[5]/p[11]::73","PLACE","http://pleiades.stoa.org/places/668198","Arca/Herakleia en Phoinike/Caesarea ad Libanum|Arca/Herakleia en Phoinike/Caesarea ad Libanum, Tell 'Arqa","-0330/0640","34.53049","36.04677","settlement","VERIFIED","@cert:high","","",""
"b2d91261-c83d-423b-925e-de58bdc0a561","dorvm6vtatvrtt.tei.xml","bruttus","from=/TEI[1]/text[1]/body[1]/div[5]/p[11]::93;to=/TEI[1]/text[1]/body[1]/div[5]/p[11]::100","PLACE","http://pleiades.stoa.org/places/668215","Bruttus|Bruttus, al-Abde?","0300/0640","34.516197","35.980539","station","VERIFIED","@cert:high","","",""
"a87b3520-13ac-427a-ae8a-7feb14c3f262","dorvm6vtatvrtt.tei.xml","triclis","from=/TEI[1]/text[1]/body[1]/div[5]/p[11]::146;to=/TEI[1]/text[1]/body[1]/div[5]/p[11]::153","PLACE","http://pleiades.stoa.org/places/668392","Trieres|Trieres, el Heri","-0330/0640","34.304024","35.714518","settlement","VERIFIED","@cert:high","","",""
"e16c259b-5e83-420b-9012-e3a9ba1eba53","dorvm6vtatvrtt.tei.xml","bruttos","from=/TEI[1]/text[1]/body[1]/div[5]/p[11]::172;to=/TEI[1]/text[1]/body[1]/div[5]/p[11]::179","PLACE","http://pleiades.stoa.org/places/668214","Botrys|Botrys, Batroun","-0330/0640","34.25516","35.65831","settlement","VERIFIED","@cert:high","","",""
"60f2eee6-6176-4b86-8ae2-05f992027f56","dorvm6vtatvrtt.tei.xml","alcobile","from=/TEI[1]/text[1]/body[1]/div[5]/p[11]::203;to=/TEI[1]/text[1]/body[1]/div[5]/p[11]::211","PLACE","http://pleiades.stoa.org/places/668216","Byblos|Byblos, Byblos/Jbeil","-2600000/2000","34.119026","35.645732","settlement,port","VERIFIED","@cert:high","","",""
"504c81ea-c237-4402-a509-4e089fde9132","dorvm6vtatvrtt.tei.xml","heldua","from=/TEI[1]/text[1]/body[1]/div[5]/p[11]::230;to=/TEI[1]/text[1]/body[1]/div[5]/p[11]::236","PLACE","http://pleiades.stoa.org/places/678177","Heldua|Heldua, Khan el-Khulde","0300/0640","33.807178","35.491876","station","VERIFIED","@cert:high","","",""
"e6348e40-ec46-4c8c-b452-20dfe67eeae4","dorvm6vtatvrtt.tei.xml","birito","from=/TEI[1]/text[1]/body[1]/div[5]/p[11]::255;to=/TEI[1]/text[1]/body[1]/div[5]/p[11]::261","PLACE","http://pleiades.stoa.org/places/678060","Berytus/Laodikeia en te Phoinike/Col. Iulia Augusta Felix|Berytus/Laodikeia en te Phoinike/Col. Iulia Augusta Felix, Beirut","-2000/2100","33.897902","35.501176","settlement","VERIFIED","@cert:high","","",""
"9ec376d5-a2ce-4975-a476-d7cdc8793c3d","dorvm6vtatvrtt.tei.xml","parphirion","from=/TEI[1]/text[1]/body[1]/div[5]/p[11]::280;to=/TEI[1]/text[1]/body[1]/div[5]/p[11]::290","PLACE","http://pleiades.stoa.org/places/678338","Porphyreon Polis|Porphyreon Polis, Khan Nebi Yunas","-0330/0640","33.6682","35.4202","settlement","VERIFIED","@cert:high","","",""
"8ecbcf9e-a320-4cf7-954b-fd946fde0a62","dorvm6vtatvrtt.tei.xml","sidona","from=/TEI[1]/text[1]/body[1]/div[5]/p[11]::310;to=/TEI[1]/text[1]/body[1]/div[5]/p[11]::316","PLACE","http://pleiades.stoa.org/places/678393","Sidon/Col. Aurelia Pia|Sidon/Col. Aurelia Pia, Saida (Sidon)","-2600000/2000","33.560243","35.371208","settlement","VERIFIED","@cert:high","","",""
"cba2f9fd-be9d-4709-8050-f386b464e551","dorvm6vtatvrtt.tei.xml","sarepta","from=/TEI[1]/text[1]/body[1]/div[5]/p[11]::333;to=/TEI[1]/text[1]/body[1]/div[5]/p[11]::340","PLACE","http://pleiades.stoa.org/places/678374","Sarepta/Makra Kome|Sarepta/Makra Kome, Sarepta","-0330/0640","33.46431","35.295048","settlement","VERIFIED","@cert:high","","",""
"dc9c230d-6c32-459c-b806-08de8ba38d81","dorvm6vtatvrtt.tei.xml","ad nonum","from=/TEI[1]/text[1]/body[1]/div[5]/p[13]::8;to=/TEI[1]/text[1]/body[1]/div[5]/p[13]::16","PLACE","http://pleiades.stoa.org/places/679506","Untitled|Nahr Abu-Assad","0200/0640","33.339676","35.250813","bridge","VERIFIED","@cert:high","","",""
"04e76522-1d8f-4844-9be8-3971d7578345","dorvm6vtatvrtt.tei.xml","tyro","from=/TEI[1]/text[1]/body[1]/div[5]/p[13]::42;to=/TEI[1]/text[1]/body[1]/div[5]/p[13]::46","PLACE","http://pleiades.stoa.org/places/678437","Tyrus/Col. Septimia Severa|Tyrus/Col. Septimia Severa, Tyre (Tyrus)","-2000/2000","33.268071","35.209358","circus,settlement","VERIFIED","@cert:high","","",""
"566534b7-6f08-4f0f-9c9a-14d57351d5bc","dorvm6vtatvrtt.tei.xml","antiochia","from=/TEI[1]/text[1]/body[1]/div[5]/p[14]::7;to=/TEI[1]/text[1]/body[1]/div[5]/p[14]::16","PLACE","http://pleiades.stoa.org/places/658381","Antiochia/Theoupolis|Antiochia/Theoupolis, Antakya","-1750/2000","36.200663","36.165318","amphitheatre,settlement,urban","VERIFIED","@cert:high","","",""
"a8078bac-699e-49b5-9ca4-cb574d6a11d8","dorvm6vtatvrtt.tei.xml","tyro","from=/TEI[1]/text[1]/body[1]/div[5]/p[14]::17;to=/TEI[1]/text[1]/body[1]/div[5]/p[14]::21","PLACE","http://pleiades.stoa.org/places/678437","Tyrus/Col. Septimia Severa|Tyrus/Col. Septimia Severa, Tyre (Tyrus)","-2000/2000","33.268071","35.209358","circus,settlement","VERIFIED","@cert:high","","",""
"e93d97f7-687a-4c53-8ce8-8055dccbe21a","dorvm6vtatvrtt.tei.xml","alexandroschene","from=/TEI[1]/text[1]/body[1]/div[5]/p[15]::8;to=/TEI[1]/text[1]/body[1]/div[5]/p[15]::23","PLACE","http://pleiades.stoa.org/places/678013","Alexandroschene|Alexandroschene, İskanderun","0300/0640","33.155659","35.171988","settlement","VERIFIED","@cert:high","","",""
"8accc4a6-e7f0-4a12-9cc2-0b7a0f4eecb4","dorvm6vtatvrtt.tei.xml","ecdeppa","from=/TEI[1]/text[1]/body[1]/div[5]/p[15]::42;to=/TEI[1]/text[1]/body[1]/div[5]/p[15]::49","PLACE","http://pleiades.stoa.org/places/678128","Ekdippa|Ekdippa, Achziv/ez Zib","-0550/0640","33.04858","35.10194","station","VERIFIED","@cert:high","","",""
"0dbd6c4e-ba82-438d-9805-fdbdb306b1fb","dorvm6vtatvrtt.tei.xml","ptolomaida","from=/TEI[1]/text[1]/body[1]/div[5]/p[15]::68;to=/TEI[1]/text[1]/body[1]/div[5]/p[15]::78","PLACE","http://pleiades.stoa.org/places/678010","Ake/Ptolemais|Ake/Ptolemais, Acre","-2600000/2000","32.920744","35.068626","settlement,temple-2","VERIFIED","@cert:high","","",""
"260ace1e-fe28-4049-8495-7a86744813b9","dorvm6vtatvrtt.tei.xml","calamon","from=/TEI[1]/text[1]/body[1]/div[5]/p[15]::98;to=/TEI[1]/text[1]/body[1]/div[5]/p[15]::105","PLACE","","","","","","","UNVERIFIED","@cert:unknown","","",""
"f5e73fe8-31cc-49aa-ad2e-8b3447b50179","dorvm6vtatvrtt.tei.xml","sicaminos","from=/TEI[1]/text[1]/body[1]/div[5]/p[15]::123;to=/TEI[1]/text[1]/body[1]/div[5]/p[15]::132","PLACE","http://pleiades.stoa.org/places/678404","Sykamina|Sykamina/Hefa/Porphyreon/Calamon/Castra Samaritanorum, Tel Shiqmona, Tell es Samak","-18000/2000","32.82451","34.95564","settlement,station","VERIFIED","@cert:high","","",""
"d3315180-a79a-4154-97a2-fdc872564435","dorvm6vtatvrtt.tei.xml","mons carmelus","from=/TEI[1]/text[1]/body[1]/div[5]/p[16]::14;to=/TEI[1]/text[1]/body[1]/div[5]/p[16]::27","PLACE","http://pleiades.stoa.org/places/678084","Carmel M.|Carmel Mons, Mount Carmel","-0030/0300","32.74245","35.03845","mountain","VERIFIED","@cert:high","","",""
"1fb3bb09-07cb-4874-a6ef-b66f7891d68c","dorvm6vtatvrtt.tei.xml","syriae","from=/TEI[1]/text[1]/body[1]/div[5]/p[17]::6;to=/TEI[1]/text[1]/body[1]/div[5]/p[17]::12","PLACE","http://pleiades.stoa.org/places/981550","Syria (Roman imperial province)","","37.5","37.5","province","VERIFIED","@cert:high","","",""
"5c366252-19c8-48b3-aa97-18eb7c9c2763","dorvm6vtatvrtt.tei.xml","finices","from=/TEI[1]/text[1]/body[1]/div[5]/p[17]::13;to=/TEI[1]/text[1]/body[1]/div[5]/p[17]::20","PLACE","http://pleiades.stoa.org/places/991410","Phoenice","","32.5","37.5","province","VERIFIED","@cert:high","","",""
"81245595-4252-44d1-a698-6cb1d55d3022","dorvm6vtatvrtt.tei.xml","palestinae","from=/TEI[1]/text[1]/body[1]/div[5]/p[17]::24;to=/TEI[1]/text[1]/body[1]/div[5]/p[17]::34","PLACE","http://pleiades.stoa.org/places/687995","Palaestina","-0330/0640","31.25","34.75","labeled feature","VERIFIED","@cert:high","","",""
"d1238a40-9d07-4ba7-94b7-120225ea00fa","dorvm6vtatvrtt.tei.xml","caesarea","from=/TEI[1]/text[1]/body[1]/div[5]/p[18]::8;to=/TEI[1]/text[1]/body[1]/div[5]/p[18]::16","PLACE","http://pleiades.stoa.org/places/678401","Stratonos Pyrgos/Caesarea|Caesarea/Stratonos Pyrgos, Caesarea","-0330/2100","32.4987775","34.8912663","settlement","VERIFIED","@cert:high","","",""
"9f713c82-fbae-471f-952e-a7555e093293","dorvm6vtatvrtt.tei.xml","iudaea","from=/TEI[1]/text[1]/body[1]/div[5]/p[18]::34;to=/TEI[1]/text[1]/body[1]/div[5]/p[18]::40","PLACE","http://pleiades.stoa.org/places/687934","Iudaea","-0330/0300","31.928333","35.238333","region","VERIFIED","@cert:high","","",""
"6a387988-fbfc-44a0-8f1f-b439d874287e","dorvm6vtatvrtt.tei.xml","tyro","from=/TEI[1]/text[1]/body[1]/div[5]/p[19]::6;to=/TEI[1]/text[1]/body[1]/div[5]/p[19]::10","PLACE","http://pleiades.stoa.org/places/678437","Tyrus/Col. Septimia Severa|Tyrus/Col. Septimia Severa, Tyre (Tyrus)","-2000/2000","33.268071","35.209358","circus,settlement","VERIFIED","@cert:high","","",""
"ad891ef5-d6f1-4db9-ba03-b8f1c0fa819f","dorvm6vtatvrtt.tei.xml","caesarea","from=/TEI[1]/text[1]/body[1]/div[5]/p[19]::11;to=/TEI[1]/text[1]/body[1]/div[5]/p[19]::19","PLACE","http://pleiades.stoa.org/places/678401","Stratonos Pyrgos/Caesarea|Caesarea/Stratonos Pyrgos, Caesarea","-0330/2100","32.4987775","34.8912663","settlement","VERIFIED","@cert:high","","",""
"3bc64803-cd99-4bea-8b4c-93dc5ed1acc7","dorvm6vtatvrtt.tei.xml","caesarea palestina","from=/TEI[1]/text[1]/body[1]/div[6]/p[1]::8;to=/TEI[1]/text[1]/body[1]/div[6]/p[1]::26","PLACE","http://pleiades.stoa.org/places/678401","Stratonos Pyrgos/Caesarea|Caesarea/Stratonos Pyrgos, Caesarea","-0330/2100","32.4987775","34.8912663","settlement","VERIFIED","@cert:high","","",""
"a0b4dc1c-340f-4c1f-b594-08bc76f5d89a","dorvm6vtatvrtt.tei.xml","iudaea","from=/TEI[1]/text[1]/body[1]/div[6]/p[1]::34;to=/TEI[1]/text[1]/body[1]/div[6]/p[1]::40","PLACE","http://pleiades.stoa.org/places/678401","Stratonos Pyrgos/Caesarea|Caesarea/Stratonos Pyrgos, Caesarea","-0330/2100","32.4987775","34.8912663","settlement","VERIFIED","@cert:high","","",""
"70c3b285-5d77-43db-a2d6-89a0a41df006","dorvm6vtatvrtt.tei.xml","tyro","from=/TEI[1]/text[1]/body[1]/div[6]/p[2]::6;to=/TEI[1]/text[1]/body[1]/div[6]/p[2]::10","PLACE","http://pleiades.stoa.org/places/678437","Tyrus/Col. Septimia Severa|Tyrus/Col. Septimia Severa, Tyre (Tyrus)","-2000/2000","33.268071","35.209358","circus,settlement","VERIFIED","@cert:high","","",""
"325cdbf5-7039-4450-8bbf-1aec7272a324","dorvm6vtatvrtt.tei.xml","caesarea palestina","from=/TEI[1]/text[1]/body[1]/div[6]/p[2]::11;to=/TEI[1]/text[1]/body[1]/div[6]/p[2]::29","PLACE","http://pleiades.stoa.org/places/678401","Stratonos Pyrgos/Caesarea|Caesarea/Stratonos Pyrgos, Caesarea","-0330/2100","32.4987775","34.8912663","settlement","VERIFIED","@cert:high","","",""
"12fa94b4-e628-4d99-b627-87b218a7e5a0","dorvm6vtatvrtt.tei.xml","syna","from=/TEI[1]/text[1]/body[1]/div[6]/p[4]::36;to=/TEI[1]/text[1]/body[1]/div[6]/p[4]::40","PLACE","http://pleiades.stoa.org/places/678405","Syna M.|Syna M., near Shuni","0300/0640","32.54477","34.93711","settlement","VERIFIED","@cert:high","","",""
"9f6736dd-ce8b-4013-ba51-09038cb660e7","dorvm6vtatvrtt.tei.xml","maximianopoli","from=/TEI[1]/text[1]/body[1]/div[6]/p[5]::8;to=/TEI[1]/text[1]/body[1]/div[6]/p[5]::21","PLACE","http://pleiades.stoa.org/places/678266","Legio/Caporcotani/Maximianopolis|Legio/Caporcotani/Maximianopolis, Tel Megiddo","-0030/0640","32.58505","35.18452","settlement","VERIFIED","@cert:high","","",""
"d0c23777-1ae6-4c96-b249-2dcdb292deb8","dorvm6vtatvrtt.tei.xml","isdradela","from=/TEI[1]/text[1]/body[1]/div[6]/p[5]::42;to=/TEI[1]/text[1]/body[1]/div[6]/p[5]::51","PLACE","http://pleiades.stoa.org/places/678197","Iezreel/Isdradela|Iezreel/Isdradela, Tel Yizre'el/Zir'in","-0330/0640","32.55693","35.32843","settlement","VERIFIED","@cert:high","","",""
"5f2605ce-1986-4af6-b5f8-d8d7424bb502","dorvm6vtatvrtt.tei.xml","scithopoli","from=/TEI[1]/text[1]/body[1]/div[6]/p[7]::8;to=/TEI[1]/text[1]/body[1]/div[6]/p[7]::18","PLACE","http://pleiades.stoa.org/places/678378","Scythopolis/Nysa|Baithsan/Scythopolis/Nysa, Beit She'an","-0750/0640","32.502074","35.50196","amphitheatre,theatre,settlement","VERIFIED","@cert:high","","",""
"4cbc8bdb-f824-40cf-a5ba-17acf05a53b8","dorvm6vtatvrtt.tei.xml","aser","from=/TEI[1]/text[1]/body[1]/div[6]/p[7]::35;to=/TEI[1]/text[1]/body[1]/div[6]/p[7]::39","PLACE","http://pleiades.stoa.org/places/678034","Aser|Aser, Tayasir (Samaria)","-0330/0640","32.339109","35.396311","station","VERIFIED","@cert:high","","",""
"5ed830d8-9147-4f19-aae6-5b380f785488","dorvm6vtatvrtt.tei.xml","Neapoli","from=/TEI[1]/text[1]/body[1]/div[6]/p[7]::78;to=/TEI[1]/text[1]/body[1]/div[6]/p[7]::85","PLACE","http://pleiades.stoa.org/places/678301","Neapolis|Neapolis, Nablus","-0750/0640","32.216511","35.26293","amphitheatre,settlement","VERIFIED","@cert:high","","",""
"ebdc092c-774e-4ea0-894d-eb6aec77a6f9","dorvm6vtatvrtt.tei.xml","mons agazaren","from=/TEI[1]/text[1]/body[1]/div[6]/p[8]::8;to=/TEI[1]/text[1]/body[1]/div[6]/p[8]::21","PLACE","http://pleiades.stoa.org/places/678147","Garizein M.|Garizein Mons/Gerizim Mons, Mount Gerizim","-0550/0640","32.200742","35.273414","temple","VERIFIED","@cert:high","","",""
"c6a64ce8-90db-4c44-95b4-eea43659788c","dorvm6vtatvrtt.tei.xml","sechim","from=/TEI[1]/text[1]/body[1]/div[6]/p[9]::53;to=/TEI[1]/text[1]/body[1]/div[6]/p[9]::59","PLACE","http://pleiades.stoa.org/places/678403","Sychem|Sychem, Balata","-0750/-0030","32.21324","35.28252","settlement","VERIFIED","@cert:high","","",""
"2a4a87e2-158f-4024-9b1d-c9d70d4d1a88","dorvm6vtatvrtt.tei.xml","sechar","from=/TEI[1]/text[1]/body[1]/div[6]/p[11]::38;to=/TEI[1]/text[1]/body[1]/div[6]/p[11]::44","PLACE","http://pleiades.stoa.org/places/678403","Sychem|Sychem, Balata","-0750/-0030","32.21324","35.28252","settlement","VERIFIED","@cert:high","","",""
"a36df878-9508-4eb4-9ab9-ddfc4e8b77ad","dorvm6vtatvrtt.tei.xml","samaritana","from=/TEI[1]/text[1]/body[1]/div[6]/p[11]::68;to=/TEI[1]/text[1]/body[1]/div[6]/p[11]::78","PLACE","http://pleiades.stoa.org/places/678370","Samaria/Sebaste|Samaria/Sebaste/Gabinia,, Sebastiya","-0750/0640","32.27633","35.1893","settlement","VERIFIED","@cert:high","","",""
"70df0513-c62d-4329-b8c3-b5ae5e572291","dorvm6vtatvrtt.tei.xml","hierusalem","from=/TEI[1]/text[1]/body[1]/div[6]/p[12]::27;to=/TEI[1]/text[1]/body[1]/div[6]/p[12]::37","PLACE","http://pleiades.stoa.org/places/687928","Ierusalem/Hierosolyma/Col. Aelia Capitolina|Ierusalem/Hierosolyma/Col. Aelia Capitolina, Jerusalem","-3300/2000","31.776667","35.234167","church-2,settlement,temple-2","UNVERIFIED","@cert:high","","",""
"544e3f2c-a05c-4fa3-ac83-c1e8983c2a96","dorvm6vtatvrtt.tei.xml","bethar","from=/TEI[1]/text[1]/body[1]/div[6]/p[12]::80;to=/TEI[1]/text[1]/body[1]/div[6]/p[12]::86","PLACE","http://pleiades.stoa.org/places/687851","Bethar|Bethar, Battir","-0330/0300","31.743201","35.12239","settlement","VERIFIED","@cert:high","","",""
"c3a488b8-31cb-405e-8729-bb2247fe9252","dorvm6vtatvrtt.tei.xml","mesopotamiam","from=/TEI[1]/text[1]/body[1]/div[6]/p[13]::52;to=/TEI[1]/text[1]/body[1]/div[6]/p[13]::64","PLACE","http://pleiades.stoa.org/places/874602","Mesopotamia","-0750/0640","37.5","39.5","province","VERIFIED","@cert:high","","",""
"1688eb28-423f-4133-a79d-77383161845e","dorvm6vtatvrtt.tei.xml","hierusalem","from=/TEI[1]/text[1]/body[1]/div[6]/p[15]::5;to=/TEI[1]/text[1]/body[1]/div[6]/p[15]::15","PLACE","http://pleiades.stoa.org/places/687928","Ierusalem/Hierosolyma/Col. Aelia Capitolina|Ierusalem/Hierosolyma/Col. Aelia Capitolina, Jerusalem","-3300/2000","31.776667","35.234167","church-2,settlement,temple-2","UNVERIFIED","@cert:high","","",""
"5b10ba93-3f5b-4677-861a-d063b4af7427","dorvm6vtatvrtt.tei.xml","caesarea palestina","from=/TEI[1]/text[1]/body[1]/div[6]/p[16]::6;to=/TEI[1]/text[1]/body[1]/div[6]/p[16]::24","PLACE","http://pleiades.stoa.org/places/678401","Stratonos Pyrgos/Caesarea|Caesarea/Stratonos Pyrgos, Caesarea","-0330/2100","32.4987775","34.8912663","settlement","VERIFIED","@cert:high","","",""
"f68d5a00-eab8-49b5-bd3d-00b997634216","dorvm6vtatvrtt.tei.xml","hierusalem","from=/TEI[1]/text[1]/body[1]/div[6]/p[16]::25;to=/TEI[1]/text[1]/body[1]/div[6]/p[16]::35","PLACE","http://pleiades.stoa.org/places/687928","Ierusalem/Hierosolyma/Col. Aelia Capitolina|Ierusalem/Hierosolyma/Col. Aelia Capitolina, Jerusalem","-3300/2000","31.776667","35.234167","church-2,settlement,temple-2","UNVERIFIED","@cert:high","","",""
"f33645a2-9428-471f-8649-0a55f998b1ff","dorvm6vtatvrtt.tei.xml","hierusalem","from=/TEI[1]/text[1]/body[1]/div[7]/p[1]::5;to=/TEI[1]/text[1]/body[1]/div[7]/p[1]::15","PLACE","http://pleiades.stoa.org/places/687928","Ierusalem/Hierosolyma/Col. Aelia Capitolina|Ierusalem/Hierosolyma/Col. Aelia Capitolina, Jerusalem","-3300/2000","31.776667","35.234167","church-2,settlement,temple-2","UNVERIFIED","@cert:high","","",""
"8d142730-f5a7-4563-951a-7264d1c784b5","dorvm6vtatvrtt.tei.xml","caesarea palestina","from=/TEI[1]/text[1]/body[1]/div[7]/p[2]::6;to=/TEI[1]/text[1]/body[1]/div[7]/p[2]::24","PLACE","http://pleiades.stoa.org/places/678401","Stratonos Pyrgos/Caesarea|Caesarea/Stratonos Pyrgos, Caesarea","-0330/2100","32.4987775","34.8912663","settlement","VERIFIED","@cert:high","","",""
"d32c5fc0-d81b-4cd1-889d-7e53a6aa6777","dorvm6vtatvrtt.tei.xml","hierusalem","from=/TEI[1]/text[1]/body[1]/div[7]/p[2]::25;to=/TEI[1]/text[1]/body[1]/div[7]/p[2]::35","PLACE","http://pleiades.stoa.org/places/687928","Ierusalem/Hierosolyma/Col. Aelia Capitolina|Ierusalem/Hierosolyma/Col. Aelia Capitolina, Jerusalem","-3300/2000","31.776667","35.234167","church-2,settlement,temple-2","UNVERIFIED","@cert:high","","",""
"cdedc21a-24a2-438e-990c-1c2da39e331f","dorvm6vtatvrtt.tei.xml","hierusalem","from=/TEI[1]/text[1]/body[1]/div[7]/p[2]::95;to=/TEI[1]/text[1]/body[1]/div[7]/p[2]::105","PLACE","http://pleiades.stoa.org/places/687928","Ierusalem/Hierosolyma/Col. Aelia Capitolina|Ierusalem/Hierosolyma/Col. Aelia Capitolina, Jerusalem","-3300/2000","31.776667","35.234167","church-2,settlement,temple-2","UNVERIFIED","@cert:high","","",""
"1b850112-54f4-4417-ab84-51495594ceb5","dorvm6vtatvrtt.tei.xml","hierusalem","from=/TEI[1]/text[1]/body[1]/div[8]/p[1]::16;to=/TEI[1]/text[1]/body[1]/div[8]/p[1]::26","PLACE","http://pleiades.stoa.org/places/687928","Ierusalem/Hierosolyma/Col. Aelia Capitolina|Ierusalem/Hierosolyma/Col. Aelia Capitolina, Jerusalem","-3300/2000","31.776667","35.234167","church-2,settlement,temple-2","UNVERIFIED","@cert:high","","",""
"561792a8-ff39-4713-a8fd-7a439933d563","dorvm6vtatvrtt.tei.xml","sion","from=/TEI[1]/text[1]/body[1]/div[8]/p[1]::40;to=/TEI[1]/text[1]/body[1]/div[8]/p[1]::44","PLACE","","","","","","","UNVERIFIED","@cert:unknown","","",""
"3e74b713-584d-473e-9e10-72165edb46d1","dorvm6vtatvrtt.tei.xml","sion","from=/TEI[1]/text[1]/body[1]/div[8]/p[3]::20;to=/TEI[1]/text[1]/body[1]/div[8]/p[3]::24","PLACE","","","","","","","UNVERIFIED","@cert:unknown","","",""
"707802e5-c4d6-48f3-973f-633e0f4316b5","dorvm6vtatvrtt.tei.xml","sion","from=/TEI[1]/text[1]/body[1]/div[8]/p[4]::24;to=/TEI[1]/text[1]/body[1]/div[8]/p[4]::28","PLACE","","","","","","","UNVERIFIED","@cert:unknown","","",""
"2b6d1637-8f05-425f-8ffb-c06b5e826966","dorvm6vtatvrtt.tei.xml","sion","from=/TEI[1]/text[1]/body[1]/div[8]/p[6]::27;to=/TEI[1]/text[1]/body[1]/div[8]/p[6]::31","PLACE","","","","","","","UNVERIFIED","@cert:unknown","","",""
"19b8df67-a936-4e00-bfc8-c93f5cb0473b","dorvm6vtatvrtt.tei.xml","hierusalem","from=/TEI[1]/text[1]/body[1]/div[8]/p[9]::8;to=/TEI[1]/text[1]/body[1]/div[8]/p[9]::18","PLACE","http://pleiades.stoa.org/places/687928","Ierusalem/Hierosolyma/Col. Aelia Capitolina|Ierusalem/Hierosolyma/Col. Aelia Capitolina, Jerusalem","-3300/2000","31.776667","35.234167","church-2,settlement,temple-2","UNVERIFIED","","","",""
"09f25e9f-8b9d-4db0-add5-8b4bf5aea7ca","dorvm6vtatvrtt.tei.xml","hierusalem","from=/TEI[1]/text[1]/body[1]/div[9]/p[2]::8;to=/TEI[1]/text[1]/body[1]/div[9]/p[2]::18","PLACE","http://pleiades.stoa.org/places/687928","Ierusalem/Hierosolyma/Col. Aelia Capitolina|Ierusalem/Hierosolyma/Col. Aelia Capitolina, Jerusalem","-3300/2000","31.776667","35.234167","church-2,settlement,temple-2","UNVERIFIED","","","",""
"040837b4-73e8-4269-820b-10751af66a4f","dorvm6vtatvrtt.tei.xml","hiericho","from=/TEI[1]/text[1]/body[1]/div[9]/p[2]::22;to=/TEI[1]/text[1]/body[1]/div[9]/p[2]::30","PLACE","http://pleiades.stoa.org/places/687917","Hierichous|Hierichous, Jericho","-18000/2000","31.8700465","35.443876","settlement","UNVERIFIED","","","",""
"c654f99a-afcb-446e-977a-357c65c3437e","dorvm6vtatvrtt.tei.xml","hiericho","from=/TEI[1]/text[1]/body[1]/div[9]/p[8]::120;to=/TEI[1]/text[1]/body[1]/div[9]/p[8]::128","PLACE","http://pleiades.stoa.org/places/687917","Hierichous|Hierichous, Jericho","-18000/2000","31.8700465","35.443876","settlement","UNVERIFIED","","","",""
"fabb561f-07ef-4ba6-bdef-4817b57267ca","dorvm6vtatvrtt.tei.xml","hiericho","from=/TEI[1]/text[1]/body[1]/div[9]/p[12]::8;to=/TEI[1]/text[1]/body[1]/div[9]/p[12]::16","PLACE","http://pleiades.stoa.org/places/687917","Hierichous|Hierichous, Jericho","-18000/2000","31.8700465","35.443876","settlement","UNVERIFIED","","","",""
"eb68b37e-4ac7-43cb-977b-83aea04ca574","dorvm6vtatvrtt.tei.xml","hierusalem","from=/TEI[1]/text[1]/body[1]/div[10]/p[2]::8;to=/TEI[1]/text[1]/body[1]/div[10]/p[2]::18","PLACE","http://pleiades.stoa.org/places/687928","Ierusalem/Hierosolyma/Col. Aelia Capitolina|Ierusalem/Hierosolyma/Col. Aelia Capitolina, Jerusalem","-3300/2000","31.776667","35.234167","church-2,settlement,temple-2","UNVERIFIED","","","",""
"f0960060-80fc-40df-abc1-752f68a97555","dorvm6vtatvrtt.tei.xml","behtleem","from=/TEI[1]/text[1]/body[1]/div[10]/p[2]::28;to=/TEI[1]/text[1]/body[1]/div[10]/p[2]::36","PLACE","http://sws.geonames.org/284315","Bethlehem","","31.70487","35.20376","","VERIFIED","","","",""
"d6d30299-f649-42b7-aabb-1a541605b59c","dorvm6vtatvrtt.tei.xml","hierusalem","from=/TEI[1]/text[1]/body[1]/div[10]/p[10]::46;to=/TEI[1]/text[1]/body[1]/div[10]/p[10]::56","PLACE","http://pleiades.stoa.org/places/687928","Ierusalem/Hierosolyma/Col. Aelia Capitolina|Ierusalem/Hierosolyma/Col. Aelia Capitolina, Jerusalem","-3300/2000","31.776667","35.234167","church-2,settlement,temple-2","UNVERIFIED","","","",""
"e3bbba4c-f954-47de-85b9-508969651270","dorvm6vtatvrtt.tei.xml","heraclea","from=/TEI[1]/text[1]/body[1]/div[11]/p[1]::8;to=/TEI[1]/text[1]/body[1]/div[11]/p[1]::16","PLACE","http://pleiades.stoa.org/places/511227","Daunion Teichos|Daunion Teichos, near Eski Ereğli","-0550/-0330","41.053506","28.038408","settlement","VERIFIED","","","",""
"85f6a0d8-05bd-44ef-aaa7-1c95e7cdb9e9","dorvm6vtatvrtt.tei.xml","aerea","from=/TEI[1]/text[1]/body[1]/div[11]/p[2]::8;to=/TEI[1]/text[1]/body[1]/div[11]/p[2]::13","PLACE","","","","","","","UNVERIFIED","","","",""
"9e04da79-189e-43b7-8720-59f22115b72a","dorvm6vtatvrtt.tei.xml","registo","from=/TEI[1]/text[1]/body[1]/div[11]/p[2]::31;to=/TEI[1]/text[1]/body[1]/div[11]/p[2]::38","PLACE","","","","","","","NOT_IDENTIFIABLE","","","",""
"178577e7-060d-462f-ac32-480fd5908505","dorvm6vtatvrtt.tei.xml","bedizo","from=/TEI[1]/text[1]/body[1]/div[11]/p[2]::57;to=/TEI[1]/text[1]/body[1]/div[11]/p[2]::63","PLACE","http://pleiades.stoa.org/places/511184","‘Beodizo’|‘Beodizo’, 9 miles NW Perinthus","0300/0640","41.087065","27.824805","station","VERIFIED","","","",""
"93563b94-b70c-4132-8cf9-a98020215f3c","dorvm6vtatvrtt.tei.xml","apris","from=/TEI[1]/text[1]/body[1]/div[11]/p[2]::82;to=/TEI[1]/text[1]/body[1]/div[11]/p[2]::87","PLACE","http://pleiades.stoa.org/places/511153","Aproi/Col. Claudia Aprensis/Nova Theodosiopolis|Aproi/Col. Claudia Aprensis/Nova Theodosiopolis, Kermeyan/Tekirdağ","-0030/0640","40.9269409","27.107355600000005","settlement","VERIFIED","","","",""
"101914d4-550d-4856-b69f-b5bd60cc7ffb","dorvm6vtatvrtt.tei.xml","sirogellis","from=/TEI[1]/text[1]/body[1]/div[11]/p[4]::7;to=/TEI[1]/text[1]/body[1]/div[11]/p[4]::17","PLACE","http://pleiades.stoa.org/places/501632","Syrascell(a)e/Sirogellis|Syrascellae/Syrascelle/Sirogellis, Malkara/Tekirdağ","-0030/0640","40.895168","26.90942999999993","station","VERIFIED","","","",""
"e3802a16-da26-4087-872c-6d79168017da","dorvm6vtatvrtt.tei.xml","drippa","from=/TEI[1]/text[1]/body[1]/div[11]/p[4]::34;to=/TEI[1]/text[1]/body[1]/div[11]/p[4]::40","PLACE","","","","","","","NOT_IDENTIFIABLE","","","",""
"b4c86afc-fa56-41bd-abf3-4672544f77da","dorvm6vtatvrtt.tei.xml","gipsila","from=/TEI[1]/text[1]/body[1]/div[11]/p[4]::60;to=/TEI[1]/text[1]/body[1]/div[11]/p[4]::67","PLACE","http://pleiades.stoa.org/places/501489","Kypsela|Kypsela, İpsala","-0550/0640","40.9245125","26.3920505","settlement","VERIFIED","","","",""
"21c28312-57d4-4e45-9e4e-8f2f22380b39","dorvm6vtatvrtt.tei.xml","demas","from=/TEI[1]/text[1]/body[1]/div[11]/p[4]::86;to=/TEI[1]/text[1]/body[1]/div[11]/p[4]::91","PLACE","http://pleiades.stoa.org/places/501407","*Dymae|*Dymae, Feres","-0030/0640","40.94557","26.26854","station","VERIFIED","","","",""
"524fda83-0b26-4f5c-ac0a-a40b91da55a9","dorvm6vtatvrtt.tei.xml","traianopoli","from=/TEI[1]/text[1]/body[1]/div[11]/p[4]::110;to=/TEI[1]/text[1]/body[1]/div[11]/p[4]::121","PLACE","http://pleiades.stoa.org/places/501649","Traianoupolis|Traianoupolis, Loutra Traianopolis?","-0030/0640","40.8653","26.033","settlement","VERIFIED","","","",""
"66643593-70f2-4ce7-a5c4-96fd4948fb10","dorvm6vtatvrtt.tei.xml","vnimpara","from=/TEI[1]/text[1]/body[1]/div[11]/p[4]::144;to=/TEI[1]/text[1]/body[1]/div[11]/p[4]::152","PLACE","","","","","","","NOT_IDENTIFIABLE","","","",""
"ae615268-2de6-4f1a-9b34-0cec8c71be7c","dorvm6vtatvrtt.tei.xml","salei","from=/TEI[1]/text[1]/body[1]/div[11]/p[4]::172;to=/TEI[1]/text[1]/body[1]/div[11]/p[4]::177","PLACE","http://pleiades.stoa.org/places/501595","Sale|Sale, near Alexandroupolis","-0550/0300","40.844659","25.875051","settlement","VERIFIED","","","",""
"653dcfc5-16a5-4787-b9e9-f342b6246521","dorvm6vtatvrtt.tei.xml","melalico","from=/TEI[1]/text[1]/body[1]/div[11]/p[4]::210;to=/TEI[1]/text[1]/body[1]/div[11]/p[4]::218","PLACE","","","","","","","NOT_IDENTIFIABLE","","","",""
"5758b363-17ec-42ce-9612-2c3153c0a5ee","dorvm6vtatvrtt.tei.xml","berozicha","from=/TEI[1]/text[1]/body[1]/div[11]/p[4]::237;to=/TEI[1]/text[1]/body[1]/div[11]/p[4]::246","PLACE","","","","","","","NOT_IDENTIFIABLE","","","",""
"d20043f6-378b-40fb-9395-075ef3c77215","dorvm6vtatvrtt.tei.xml","breierophara","from=/TEI[1]/text[1]/body[1]/div[11]/p[4]::270;to=/TEI[1]/text[1]/body[1]/div[11]/p[4]::282","PLACE","http://pleiades.stoa.org/places/507379","Breierophara/Kereopyrgos","","","","unlocated","VERIFIED","","","",""
"b864288c-e60c-4b7d-a1e5-999639fb7f49","dorvm6vtatvrtt.tei.xml","maximianopoli","from=/TEI[1]/text[1]/body[1]/div[11]/p[4]::299;to=/TEI[1]/text[1]/body[1]/div[11]/p[4]::312","PLACE","http://pleiades.stoa.org/places/501574","*Porsulae/Maximianopolis|*Porsulae/Maximianopolis, Komotini","-0030/0640","41.128611","25.325278","settlement","VERIFIED","","","",""
"a6174896-bc2b-4f3d-9b02-4b52807eb384","dorvm6vtatvrtt.tei.xml","ad stabulodio","from=/TEI[1]/text[1]/body[1]/div[11]/p[4]::329;to=/TEI[1]/text[1]/body[1]/div[11]/p[4]::342","PLACE","http://pleiades.stoa.org/places/501348","Anastasioupolis|Anastasioupolis, Amaxades","0300/0640","41.116182","25.075784","settlement","VERIFIED","","","",""
"42afa4d2-d7cf-4905-9e47-45a116a00a88","dorvm6vtatvrtt.tei.xml","rumbodona","from=/TEI[1]/text[1]/body[1]/div[11]/p[4]::361;to=/TEI[1]/text[1]/body[1]/div[11]/p[4]::370","PLACE","http://pleiades.stoa.org/places/507454","Rumbodona","","","","unlocated","VERIFIED","","","",""
"bc1dbec8-1dd5-47d9-ad0a-f40ed1c10ef9","dorvm6vtatvrtt.tei.xml","epyrum","from=/TEI[1]/text[1]/body[1]/div[11]/p[4]::387;to=/TEI[1]/text[1]/body[1]/div[11]/p[4]::393","PLACE","http://pleiades.stoa.org/places/501645","Topeiros|Topeiros, Paradeisos?","-0030/0640","41.079556","24.773105","settlement","VERIFIED","","","",""
"e1caf9c4-7f28-462b-af66-d649ab95a587","dorvm6vtatvrtt.tei.xml","purdis","from=/TEI[1]/text[1]/body[1]/div[11]/p[4]::410;to=/TEI[1]/text[1]/body[1]/div[11]/p[4]::416","PLACE","http://pleiades.stoa.org/places/501584","*Purdae|*Purdae, near Petropighi","-0030/0640","40.991483","24.608949","station","VERIFIED","","","",""
"5b415c53-1d6a-4d37-82bc-5d79ac15e2fe","dorvm6vtatvrtt.tei.xml","hercontroma","from=/TEI[1]/text[1]/body[1]/div[11]/p[6]::7;to=/TEI[1]/text[1]/body[1]/div[11]/p[6]::18","PLACE","http://pleiades.stoa.org/places/501341","Akontisma|Akontisma, 2 miles E Nea Karvali","-0030/0640","40.966","24.528","station","VERIFIED","","","",""
"f169d69d-d0f3-4c7c-bf1c-33b6bf44d69d","dorvm6vtatvrtt.tei.xml","neapolim","from=/TEI[1]/text[1]/body[1]/div[11]/p[6]::39;to=/TEI[1]/text[1]/body[1]/div[11]/p[6]::47","PLACE","http://pleiades.stoa.org/places/501523","Neapolis|Neapolis, Kavála","-0750/0300","40.93504","24.415015","settlement,port","VERIFIED","","","",""
"d179ca9b-eb50-4b47-88f1-a0cb1e26a174","dorvm6vtatvrtt.tei.xml","philippis","from=/TEI[1]/text[1]/body[1]/div[11]/p[6]::68;to=/TEI[1]/text[1]/body[1]/div[11]/p[6]::77","PLACE","http://pleiades.stoa.org/places/501482","Krenides/Philippi/Col. Augusta Iulia Philippensis|Philippi/Krenides/Col. Augusta Iulia Philippensis, Krenides","-0550/0640","41.01316","24.28409","theatre,settlement","VERIFIED","","","",""
"42bd176d-8837-43f8-9af2-005e50b1c38a","dorvm6vtatvrtt.tei.xml","duodecimum","from=/TEI[1]/text[1]/body[1]/div[11]/p[6]::145;to=/TEI[1]/text[1]/body[1]/div[11]/p[6]::155","PLACE","http://pleiades.stoa.org/places/501326","Ad Duodecimum|Ad Duodecimum, Fotolivos","-0030/0640","41.0606685","24.047554600000012","station","VERIFIED","","","",""
"39403cf7-4450-44c4-8f02-6d3adbad44ab","dorvm6vtatvrtt.tei.xml","domeros","from=/TEI[1]/text[1]/body[1]/div[11]/p[6]::174;to=/TEI[1]/text[1]/body[1]/div[11]/p[6]::181","PLACE","http://pleiades.stoa.org/places/501401","Domeros|Domeros, Domiros","-0030/0640","40.945887","23.922311","station","VERIFIED","","","",""
"6055eafc-f644-4f82-8f2f-57776268173b","dorvm6vtatvrtt.tei.xml","amphipholim","from=/TEI[1]/text[1]/body[1]/div[11]/p[6]::200;to=/TEI[1]/text[1]/body[1]/div[11]/p[6]::211","PLACE","http://pleiades.stoa.org/places/501347","Amphipolis|Amphipolis, Amfipolis","-0550/2100","40.818876","23.840418","city-wall,settlement,fort","VERIFIED","","","",""
"6cd21d2d-b9c6-4900-b2d1-17e4b17c22fa","dorvm6vtatvrtt.tei.xml","pennana","from=/TEI[1]/text[1]/body[1]/div[11]/p[6]::231;to=/TEI[1]/text[1]/body[1]/div[11]/p[6]::238","PLACE","http://pleiades.stoa.org/places/501555","Pennana|Pennana, Asprovalta?","-0030/0640","40.733167","23.698516","station","VERIFIED","","","",""
"074780eb-563e-4983-a4e6-d4c6bb736f3c","dorvm6vtatvrtt.tei.xml","peripidis","from=/TEI[1]/text[1]/body[1]/div[11]/p[6]::255;to=/TEI[1]/text[1]/body[1]/div[11]/p[6]::264","PLACE","","","","","","","NOT_IDENTIFIABLE","","","",""
"4b056aa3-edf3-4cef-aab7-bf30cff0a17f","dorvm6vtatvrtt.tei.xml","appollonia","from=/TEI[1]/text[1]/body[1]/div[11]/p[8]::13;to=/TEI[1]/text[1]/body[1]/div[11]/p[8]::23","PLACE","http://pleiades.stoa.org/places/491526","Apollonia|Apollonia, Néa Apollonía","-0550/0640","40.623703","23.469685","settlement,station","VERIFIED","","","",""
"790ffdf1-4bc6-450d-bca7-0acd0a07d313","dorvm6vtatvrtt.tei.xml","heracleustibus","from=/TEI[1]/text[1]/body[1]/div[11]/p[8]::41;to=/TEI[1]/text[1]/body[1]/div[11]/p[8]::55","PLACE","http://pleiades.stoa.org/places/491615","‘Heracleustibus’|‘Heracleustibus’, Konios","-0030/0640","40.649544","23.295498","station","VERIFIED","","","",""
"235c1457-7c7b-48a2-b7a2-2b0f7a90665d","dorvm6vtatvrtt.tei.xml","duo dea","from=/TEI[1]/text[1]/body[1]/div[11]/p[8]::73;to=/TEI[1]/text[1]/body[1]/div[11]/p[8]::80","PLACE","http://pleiades.stoa.org/places/491581","Duodea|Duodea, by Lake Koroneia","-0030/0640","40.656701","23.098663","station","VERIFIED","","","",""
"1b95bf2f-0b3b-42e6-8d05-c50f8016ba28","dorvm6vtatvrtt.tei.xml","thessalonica","from=/TEI[1]/text[1]/body[1]/div[11]/p[8]::101;to=/TEI[1]/text[1]/body[1]/div[11]/p[8]::113","PLACE","http://pleiades.stoa.org/places/491741","Thessalonica|Thessalonica, Thessaloniki","-0750/2100","40.630282","22.949569","temple-2,tomb,arch,church,settlement,bath","VERIFIED","","","",""
"30ddfbf0-c91e-4f9c-8cfe-c36aca6d44f0","dorvm6vtatvrtt.tei.xml","ad decimum","from=/TEI[1]/text[1]/body[1]/div[11]/p[8]::133;to=/TEI[1]/text[1]/body[1]/div[11]/p[8]::143","PLACE","http://pleiades.stoa.org/places/491509","Ad Decimum|Ad Decimum, Sindos","-0030/0640","40.669962","22.800064","station","VERIFIED","","","",""
"ee2428cd-7eb7-4dae-b102-5e3a8383866a","dorvm6vtatvrtt.tei.xml","gephira","from=/TEI[1]/text[1]/body[1]/div[11]/p[8]::160;to=/TEI[1]/text[1]/body[1]/div[11]/p[8]::167","PLACE","http://pleiades.stoa.org/places/491600","Gephyra|Gephyra, Gefyra","-0030/0640","40.73211","22.69361","station","VERIFIED","","","",""
"bf4e2d00-2959-48cd-af22-a28991b7a117","dorvm6vtatvrtt.tei.xml","polli","from=/TEI[1]/text[1]/body[1]/div[11]/p[8]::190;to=/TEI[1]/text[1]/body[1]/div[11]/p[8]::195","PLACE","http://pleiades.stoa.org/places/491687","Pella/Diokletianoupolis|Pella/Diokletianoupolis, Pella","-0750/0640","40.754555","22.518485","settlement,cemetery,architecturalcomplex","VERIFIED","","","",""
"3cf16a55-3888-4a4f-9066-546a2bd7f222","dorvm6vtatvrtt.tei.xml","scurio","from=/TEI[1]/text[1]/body[1]/div[11]/p[9]::8;to=/TEI[1]/text[1]/body[1]/div[11]/p[9]::14","PLACE","http://pleiades.stoa.org/places/491716","Scurio","-0030/0640","40.75","22.25","unknown","VERIFIED","","","",""
"8625a542-52cb-4596-9833-d6ce880ba7cb","dorvm6vtatvrtt.tei.xml","edissa","from=/TEI[1]/text[1]/body[1]/div[11]/p[9]::32;to=/TEI[1]/text[1]/body[1]/div[11]/p[9]::38","PLACE","http://pleiades.stoa.org/places/491585","Edessa|Edessa, Edessa","-0550/0640","40.79708","22.05741","settlement","VERIFIED","","","",""
"ff4ae976-3b09-44c1-a370-fcb39a7d9367","dorvm6vtatvrtt.tei.xml","ad duodecimum","from=/TEI[1]/text[1]/body[1]/div[11]/p[9]::56;to=/TEI[1]/text[1]/body[1]/div[11]/p[9]::69","PLACE","http://pleiades.stoa.org/places/491510","Ad Duodecimum|Ad Duodecimum, Arnissa","-0030/0640","40.79364","21.83532","station","VERIFIED","","","",""
"10aa3a53-4424-4350-b201-cdfed78b61c1","dorvm6vtatvrtt.tei.xml","cellis","from=/TEI[1]/text[1]/body[1]/div[11]/p[9]::87;to=/TEI[1]/text[1]/body[1]/div[11]/p[9]::93","PLACE","http://pleiades.stoa.org/places/481783","Cellae|Cellae, Kelli","-0030/0640","40.785281","21.686635","station","VERIFIED","","","",""
"f8c155aa-2707-430f-95df-2dd28e472e07","dorvm6vtatvrtt.tei.xml","grande","from=/TEI[1]/text[1]/body[1]/div[11]/p[9]::112;to=/TEI[1]/text[1]/body[1]/div[11]/p[9]::118","PLACE","http://pleiades.stoa.org/places/481850","Grande|Grande, Kleidi","-0030/0640","40.748462","21.640443","station","VERIFIED","","","",""
"71cf30b0-5ad2-4b56-a0e5-4372833923d8","dorvm6vtatvrtt.tei.xml","melitonus","from=/TEI[1]/text[1]/body[1]/div[11]/p[9]::139;to=/TEI[1]/text[1]/body[1]/div[11]/p[9]::148","PLACE","http://pleiades.stoa.org/places/481909","‘Melitonus’|‘Melitonus’, Kato Kalliniki","-0030/0640","40.863929","21.465651","station","VERIFIED","","","",""
"8dd42a0d-92a6-421b-adca-e9ad0aa5d152","dorvm6vtatvrtt.tei.xml","heraclea","from=/TEI[1]/text[1]/body[1]/div[11]/p[9]::169;to=/TEI[1]/text[1]/body[1]/div[11]/p[9]::177","PLACE","http://pleiades.stoa.org/places/481861","Herakleia|Herakleia/Herakleia Lynkestis, Bitola","-0550/0640","41.011","21.342","theatre,settlement","VERIFIED","","","",""
"d15c16ba-8458-45fc-99f0-4d08a73ba806","dorvm6vtatvrtt.tei.xml","parambole","from=/TEI[1]/text[1]/body[1]/div[11]/p[9]::203;to=/TEI[1]/text[1]/body[1]/div[11]/p[9]::212","PLACE","","","","","","","NOT_IDENTIFIABLE","","","",""
"53e4d51f-b592-466d-9dfc-8784a3dc486d","dorvm6vtatvrtt.tei.xml","brucida","from=/TEI[1]/text[1]/body[1]/div[11]/p[9]::231;to=/TEI[1]/text[1]/body[1]/div[11]/p[9]::238","PLACE","http://pleiades.stoa.org/places/481772","Brucida|Brucida, Bukovo","-0030/0640","40.993659","21.3307049","station","VERIFIED","","","",""
"c3b7d900-d01c-4f60-9c4d-312781beb072","dorvm6vtatvrtt.tei.xml","patras","from=/TEI[1]/text[1]/body[1]/div[11]/p[11]::33;to=/TEI[1]/text[1]/body[1]/div[11]/p[11]::39","PLACE","","","","","","","NOT_IDENTIFIABLE","","","",""
"fc70b33b-9750-46b1-84ef-50fe809b55d9","dorvm6vtatvrtt.tei.xml","claudanon","from=/TEI[1]/text[1]/body[1]/div[11]/p[11]::57;to=/TEI[1]/text[1]/body[1]/div[11]/p[11]::66","PLACE","http://pleiades.stoa.org/places/481791","Claudanon|Claudanon, Urakë","-0030/0640","41.065795","20.583615","station","VERIFIED","","","",""
"e8f68df1-e593-421e-91b9-38276d718370","dorvm6vtatvrtt.tei.xml","grandauia","from=/TEI[1]/text[1]/body[1]/div[11]/p[11]::117;to=/TEI[1]/text[1]/body[1]/div[11]/p[11]::126","PLACE","http://pleiades.stoa.org/places/481849","Grandavia|Grandavia, Spathar?","-0030/0640","41.15823","20.33102","station","VERIFIED","","","",""
"3f55b3bd-c43c-4af0-bdaa-0edbbbe21f69","dorvm6vtatvrtt.tei.xml","treiecto","from=/TEI[1]/text[1]/body[1]/div[11]/p[11]::153;to=/TEI[1]/text[1]/body[1]/div[11]/p[11]::161","PLACE","http://pleiades.stoa.org/places/482021","Treiecto|Treiecto, Mirakë","-0030/0640","41.167154","20.2248","station","VERIFIED","","","",""
"5e2376fa-0a8d-4b03-80f6-e856b9d3c232","dorvm6vtatvrtt.tei.xml","hiscampis","from=/TEI[1]/text[1]/body[1]/div[11]/p[11]::181;to=/TEI[1]/text[1]/body[1]/div[11]/p[11]::190","PLACE","http://pleiades.stoa.org/places/481982","‘Scampis’|‘Scampis’, Teqin Madhe, Elbasan","-0030/0640","41.11301","20.08175","station","VERIFIED","","","",""
"413f061e-ee0a-4b74-83df-a56a5c0e4867","dorvm6vtatvrtt.tei.xml","ad quintum","from=/TEI[1]/text[1]/body[1]/div[11]/p[11]::211;to=/TEI[1]/text[1]/body[1]/div[11]/p[11]::221","PLACE","http://pleiades.stoa.org/places/481701","Ad Quintum|Ad Quintum, Bradashesh","-0030/0640","41.094198","20.015405","station","VERIFIED","","","",""
"dd752e6b-2d2e-49cf-a7bf-26ffbb14629e","dorvm6vtatvrtt.tei.xml","coladiana","from=/TEI[1]/text[1]/body[1]/div[11]/p[11]::240;to=/TEI[1]/text[1]/body[1]/div[11]/p[11]::249","PLACE","http://pleiades.stoa.org/places/481793","Clodiana|Clodiana, Mafmutaga","-0030/0640","41.041466","19.796367","station","VERIFIED","","","",""
"dace3f8d-6d67-4176-9440-28c5c268d109","dorvm6vtatvrtt.tei.xml","marusio","from=/TEI[1]/text[1]/body[1]/div[11]/p[11]::266;to=/TEI[1]/text[1]/body[1]/div[11]/p[11]::273","PLACE","","","","","","","NOT_IDENTIFIABLE","","","",""
"c0c1df45-c0fb-4d5a-bb9b-c7f367c88214","dorvm6vtatvrtt.tei.xml","absos","from=/TEI[1]/text[1]/body[1]/div[11]/p[11]::292;to=/TEI[1]/text[1]/body[1]/div[11]/p[11]::297","PLACE","http://pleiades.stoa.org/places/481730","*Apsos|*Apsos, Semen?","-0030/0640","40.889225","19.82859","station","VERIFIED","","","",""
"4c627aa3-d480-4488-b349-906ea43d29c4","dorvm6vtatvrtt.tei.xml","stefanaphana","from=/TEI[1]/text[1]/body[1]/div[11]/p[11]::318;to=/TEI[1]/text[1]/body[1]/div[11]/p[11]::330","PLACE","http://pleiades.stoa.org/places/482002","‘Stefanaphana’|‘Stefanaphana’, Donofrosë?","-0030/0640","40.767113","19.787294","station","VERIFIED","","","",""
"9b2684c1-140d-418f-a7c6-19a4e430011e","dorvm6vtatvrtt.tei.xml","appollonia","from=/TEI[1]/text[1]/body[1]/div[11]/p[11]::349;to=/TEI[1]/text[1]/body[1]/div[11]/p[11]::359","PLACE","http://dare.ht.lu.se/places/24102","Apollonia Bouleterion","","40.721472072212","19.472655947681","","VERIFIED","","","",""
"c3e3809d-36dc-4188-9492-55b79ae0be65","dorvm6vtatvrtt.tei.xml","stefana","from=/TEI[1]/text[1]/body[1]/div[11]/p[11]::380;to=/TEI[1]/text[1]/body[1]/div[11]/p[11]::387","PLACE","http://pleiades.stoa.org/places/482001","‘Stefana’|‘Stefana’, Qesar","-0030/0640","40.598038","19.542665","station","VERIFIED","","","",""
"f4e44248-75dc-4c8e-8ca4-7d50011cc173","dorvm6vtatvrtt.tei.xml","aulona treiectum","from=/TEI[1]/text[1]/body[1]/div[11]/p[11]::405;to=/TEI[1]/text[1]/body[1]/div[11]/p[11]::421","PLACE","http://pleiades.stoa.org/places/481750","Aulon|Aulon/Aulona, Kepi Triportit, Vlorë","-0030/0640","40.46725","19.49278","settlement","VERIFIED","","","",""
"d1cf03e1-44da-411a-a531-3913d3c7879a","dorvm6vtatvrtt.tei.xml","odronto","from=/TEI[1]/text[1]/body[1]/div[12]/p[1]::174;to=/TEI[1]/text[1]/body[1]/div[12]/p[1]::181","PLACE","http://pleiades.stoa.org/places/442615","Hydruntum/Hydrous|Hydruntum/Hydrous, Otranto","-0750/2100","40.145948","18.490953","settlement,port","VERIFIED","","","",""
"38189f92-8d0b-495c-baf0-2f3615860333","dorvm6vtatvrtt.tei.xml","ad duodecimum","from=/TEI[1]/text[1]/body[1]/div[12]/p[2]::8;to=/TEI[1]/text[1]/body[1]/div[12]/p[2]::21","PLACE","http://pleiades.stoa.org/places/442441","Ad Duodecimum|Ad Duodecimum, S Lecce, Calimera","0300/0640","40.23857","18.28395","unknown","VERIFIED","","","",""
"263d256d-de5c-44f5-b72e-6e5f92d7f642","dorvm6vtatvrtt.tei.xml","clipeas","from=/TEI[1]/text[1]/body[1]/div[12]/p[2]::40;to=/TEI[1]/text[1]/body[1]/div[12]/p[2]::47","PLACE","http://pleiades.stoa.org/places/442642","Lupia(e)|Lupiae/Lupia, Lecce","-0330/2100","40.35167","18.16938","amphitheatre,theatre,settlement","VERIFIED","","","",""
"2c3d712e-64ca-446a-8204-55fff58435de","dorvm6vtatvrtt.tei.xml","valentia","from=/TEI[1]/text[1]/body[1]/div[12]/p[2]::66;to=/TEI[1]/text[1]/body[1]/div[12]/p[2]::74","PLACE","http://pleiades.stoa.org/places/442845","Valetium/Balesium|Valetium/Balesium, Valesio, Torchiarolo","-0750/0640","40.50866","18.03247","settlement","VERIFIED","","","",""
"da74a939-005f-48d0-9518-a17684821638","dorvm6vtatvrtt.tei.xml","brindisi","from=/TEI[1]/text[1]/body[1]/div[12]/p[2]::94;to=/TEI[1]/text[1]/body[1]/div[12]/p[2]::102","PLACE","http://pleiades.stoa.org/places/442509","Brundisium/Brentesion|Brundisium/Brentesion/Brendesion, Brindisi|Brindisi","-0750/0640","40.641136","17.946867","settlement,port","VERIFIED","","","",""
"63f85cd1-3ead-4303-bf2b-44bdfa1b895f","dorvm6vtatvrtt.tei.xml","spilenaees","from=/TEI[1]/text[1]/body[1]/div[12]/p[2]::119;to=/TEI[1]/text[1]/body[1]/div[12]/p[2]::129","PLACE","http://pleiades.stoa.org/places/442447","Ad Speluncas|Ad Speluncas, Mezzaluna, Carovigno","-0030/0640","40.74858","17.70409","station","VERIFIED","","","",""
"bbce087c-4988-4bb3-98ea-29f63ab03bfe","dorvm6vtatvrtt.tei.xml","ad decimum","from=/TEI[1]/text[1]/body[1]/div[12]/p[2]::150;to=/TEI[1]/text[1]/body[1]/div[12]/p[2]::160","PLACE","http://pleiades.stoa.org/places/442440","Ad Decimum|Ad Decimum, SE Egnazia, Ostuni","0300/0640","40.803537","17.516039","station","VERIFIED","","","",""
"daf36d98-ab95-4273-8f9e-52431f51d064","dorvm6vtatvrtt.tei.xml","leonatiae","from=/TEI[1]/text[1]/body[1]/div[12]/p[2]::178;to=/TEI[1]/text[1]/body[1]/div[12]/p[2]::187","PLACE","http://pleiades.stoa.org/places/442573","Egnatia/Gnathia|Egnatia/Gnathia, Egnazia, Fasano","-0750/0640","40.88812","17.39188","amphitheatre,settlement,cemetery","VERIFIED","","","",""
"f9656746-5f21-4a6e-b12b-ec39bbb68085","dorvm6vtatvrtt.tei.xml","turres auriliana","from=/TEI[1]/text[1]/body[1]/div[12]/p[2]::204;to=/TEI[1]/text[1]/body[1]/div[12]/p[2]::220","PLACE","http://pleiades.stoa.org/places/442834","Turris Caesaris|Turris Caesaris, Polignano a Mare","-0330/0640","40.9953037","17.2189041","station","VERIFIED","","","",""
"4c4254f6-93f5-471c-a703-491466f04f55","dorvm6vtatvrtt.tei.xml","turres iuliana","from=/TEI[1]/text[1]/body[1]/div[12]/p[2]::239;to=/TEI[1]/text[1]/body[1]/div[12]/p[2]::253","PLACE","http://pleiades.stoa.org/places/442835","Turres Iulianae|Turres Iulianae, Contrada Padovano, Mola di Bari","0300/0640","41.061888","17.087923","station","VERIFIED","","","",""
"65781ef9-f501-44b9-ba25-28d2c6cb7cc4","dorvm6vtatvrtt.tei.xml","beroes","from=/TEI[1]/text[1]/body[1]/div[12]/p[2]::274;to=/TEI[1]/text[1]/body[1]/div[12]/p[2]::280","PLACE","http://pleiades.stoa.org/places/442500","Barium|Barium, Bari|Bari","-0750/0640","41.13031","16.87014","settlement","VERIFIED","","","",""
"5e220342-c3ef-4f23-b198-92ae61da79a1","dorvm6vtatvrtt.tei.xml","butontones","from=/TEI[1]/text[1]/body[1]/div[12]/p[2]::298;to=/TEI[1]/text[1]/body[1]/div[12]/p[2]::308","PLACE","http://pleiades.stoa.org/places/442511","Butuntum|Butuntum, Bitonto","-0750/0300","41.1078251","16.6910569","settlement","VERIFIED","","","",""
"094743ad-a796-468e-a786-f82bd537164b","dorvm6vtatvrtt.tei.xml","rubos","from=/TEI[1]/text[1]/body[1]/div[12]/p[2]::332;to=/TEI[1]/text[1]/body[1]/div[12]/p[2]::337","PLACE","http://pleiades.stoa.org/places/442751","Rubi|Rubi, Ruvo di Puglia","-0750/0640","41.11704","16.48626","settlement,station","VERIFIED","","","",""
"2f765a93-16a1-4b09-91e8-54308f569088","dorvm6vtatvrtt.tei.xml","ad quintumdecimum","from=/TEI[1]/text[1]/body[1]/div[12]/p[2]::355;to=/TEI[1]/text[1]/body[1]/div[12]/p[2]::372","PLACE","http://pleiades.stoa.org/places/442444","‘Rudas’/‘Budas’|Ad Quintumdecimum|Ad Quintumdecimum, Masseria Quadrone, Andria|‘Rudas’/‘Budas’, mansio 12 miles NW Rubi","0300/0640","41.17506","16.3298","station","VERIFIED","","","",""
"9017e4d5-5981-479a-8cba-9d6e8496ab08","dorvm6vtatvrtt.tei.xml","canusio","from=/TEI[1]/text[1]/body[1]/div[12]/p[2]::390;to=/TEI[1]/text[1]/body[1]/div[12]/p[2]::397","PLACE","http://pleiades.stoa.org/places/442525","Canusium|Canusium, Canosa di Puglia","-0750/0640","41.2203553","16.0651528","settlement","VERIFIED","","","",""
"f6bea6a6-7f5d-4b25-ba7f-19d933d91da8","dorvm6vtatvrtt.tei.xml","vndecimum","from=/TEI[1]/text[1]/body[1]/div[12]/p[2]::415;to=/TEI[1]/text[1]/body[1]/div[12]/p[2]::424","PLACE","http://pleiades.stoa.org/places/442449","Ad Undecimum|Ad Undecimum, SW Cerignola","0300/0640","41.261625","15.861909","station","VERIFIED","","","",""
"7adf691b-06a5-4791-af5d-bd9e2bb64b3a","dorvm6vtatvrtt.tei.xml","serdonis","from=/TEI[1]/text[1]/body[1]/div[12]/p[2]::442;to=/TEI[1]/text[1]/body[1]/div[12]/p[2]::450","PLACE","http://pleiades.stoa.org/places/442613","Herdoniae/Ardaneae/Civitas Serdonis|Herdoniae/Ardaneae/Civitas Serdonis, Ordona","-0750/2100","41.31067","15.62197","settlement","VERIFIED","","","",""
"5182ed07-1a95-4755-8db2-c8ce6e8892bd","dorvm6vtatvrtt.tei.xml","aecas","from=/TEI[1]/text[1]/body[1]/div[12]/p[2]::468;to=/TEI[1]/text[1]/body[1]/div[12]/p[2]::473","PLACE","http://pleiades.stoa.org/places/442450","Aecae|Aecae, Troia","-0750/0640","41.36119","15.308898","settlement","VERIFIED","","","",""
"ebd83033-f441-4d63-9c54-f3bd16e6c50b","dorvm6vtatvrtt.tei.xml","aquilonis","from=/TEI[1]/text[1]/body[1]/div[12]/p[2]::494;to=/TEI[1]/text[1]/body[1]/div[12]/p[2]::503","PLACE","http://pleiades.stoa.org/places/442641","Lucus Aquilonensis/Aquilonis Mutatio|Lucus Aquilonensis/Aquilonis Mutatio, San Vito, Faeto","-0030/0640","41.30144","15.17555","station","VERIFIED","","","",""
"826c8630-6398-4d60-8b05-1777a4f3a80e","dorvm6vtatvrtt.tei.xml","ad equum magnum","from=/TEI[1]/text[1]/body[1]/div[12]/p[4]::7;to=/TEI[1]/text[1]/body[1]/div[12]/p[4]::22","PLACE","http://pleiades.stoa.org/places/442452","Aequum Tuticum/Equus Tuticus|Aequum Tuticum/Equus Tuticus, San Eleuterio, Ariano Irpino","-0330/0640","41.24228","15.0985","settlement","VERIFIED","","","",""
"1207a05e-3d45-4bdf-bd5d-7c4ff5235447","dorvm6vtatvrtt.tei.xml","forno nouo","from=/TEI[1]/text[1]/body[1]/div[12]/p[4]::48;to=/TEI[1]/text[1]/body[1]/div[12]/p[4]::58","PLACE","http://pleiades.stoa.org/places/442585","Forum Novum|Forum Novum, Sant'Arcangelo Trimonte","-0030/0640","41.166408","14.9386214","settlement-modern,station","VERIFIED","","","",""
"8d7b8864-943e-4ba1-bbf9-147527411ed3","dorvm6vtatvrtt.tei.xml","beneuento","from=/TEI[1]/text[1]/body[1]/div[12]/p[4]::77;to=/TEI[1]/text[1]/body[1]/div[12]/p[4]::86","PLACE","http://pleiades.stoa.org/places/432721","Beneventum/Maleventum|Beneventum/Maleventum, Benevento|Benevento","-0330/0640","41.13155","14.77433","settlement","VERIFIED","","","",""
"20104035-d935-4113-8345-c57c469644c3","dorvm6vtatvrtt.tei.xml","claudiis","from=/TEI[1]/text[1]/body[1]/div[12]/p[4]::113;to=/TEI[1]/text[1]/body[1]/div[12]/p[4]::121","PLACE","http://pleiades.stoa.org/places/432773","Caudium|Caudium, Montesarchio","-0750/0300","41.0673","14.64167","settlement","VERIFIED","","","",""
"c5a0fa48-17be-4109-82ce-a64a7b05fb46","dorvm6vtatvrtt.tei.xml","nouas milia","from=/TEI[1]/text[1]/body[1]/div[12]/p[4]::140;to=/TEI[1]/text[1]/body[1]/div[12]/p[4]::151","PLACE","http://pleiades.stoa.org/places/433195","Vicus *Novaniensis/Ad Novas|Vicus *Novaniensis/Ad Novas, Santa Maria a Vico","-0030/0640","41.027222","14.469167","settlement","VERIFIED","","","",""
"fc9502bf-6b2e-4f57-870c-083a6bb83dd7","dorvm6vtatvrtt.tei.xml","capua","from=/TEI[1]/text[1]/body[1]/div[12]/p[4]::166;to=/TEI[1]/text[1]/body[1]/div[12]/p[4]::171","PLACE","http://pleiades.stoa.org/places/432763","Casilinum|Casilinum, Capua|Capua|Capua, Santa Maria Capua Vetere|Capua","-0750/0640","41.1061258","14.2130486","amphitheatre,settlement","VERIFIED","","","",""
"f69f70e9-51cf-4c5e-9cf2-060acd7ed554","dorvm6vtatvrtt.tei.xml","ad octauum","from=/TEI[1]/text[1]/body[1]/div[12]/p[5]::97;to=/TEI[1]/text[1]/body[1]/div[12]/p[5]::107","PLACE","http://pleiades.stoa.org/places/432631","Ad Octavum|Ad Octavum, Parco della Spine, Capua","0300/0640","41.114167","14.143611","station","VERIFIED","","","",""
"a492533a-8a36-4e55-ae0f-e1084c39dc13","dorvm6vtatvrtt.tei.xml","ponte campano","from=/TEI[1]/text[1]/body[1]/div[12]/p[5]::127;to=/TEI[1]/text[1]/body[1]/div[12]/p[5]::140","PLACE","http://pleiades.stoa.org/places/433036","Pons Campanus|Pons Campanus, Masseria Santoianni, Falciano del Massico","-0330/0300","41.133611","13.971667","bridge","VERIFIED","","","",""
"d8d7bf1b-2317-42c4-be78-45a46c21f9c7","dorvm6vtatvrtt.tei.xml","sonuessa","from=/TEI[1]/text[1]/body[1]/div[12]/p[5]::161;to=/TEI[1]/text[1]/body[1]/div[12]/p[5]::169","PLACE","http://pleiades.stoa.org/places/433122","Sinues(s)a/Sinope|Sinuessa/Sinuesa/Sinope, Mondragone","-0550/-0030","41.149444","13.85","settlement-modern,settlement","VERIFIED","","","",""
"da2f8796-1093-4aa9-b97e-608ebcfa03c7","dorvm6vtatvrtt.tei.xml","menturnas","from=/TEI[1]/text[1]/body[1]/div[12]/p[5]::190;to=/TEI[1]/text[1]/body[1]/div[12]/p[5]::199","PLACE","http://pleiades.stoa.org/places/432940","Scauri|Minturnae|Minturnae, Minturno|Scauri, Minturno","-0330/0640","41.241973","13.768185","villa,settlement","VERIFIED","","","",""
"fc543216-4c0a-4048-9a51-de55c3f4f4ac","dorvm6vtatvrtt.tei.xml","formis","from=/TEI[1]/text[1]/body[1]/div[12]/p[5]::220;to=/TEI[1]/text[1]/body[1]/div[12]/p[5]::226","PLACE","http://sws.geonames.org/3167446","Sant'Angelo in Formis","","41.11667","14.25","","VERIFIED","","","",""
"0ec1ec96-e40b-4cbb-b4d2-09ddd6e06550","dorvm6vtatvrtt.tei.xml","fundis","from=/TEI[1]/text[1]/body[1]/div[12]/p[5]::247;to=/TEI[1]/text[1]/body[1]/div[12]/p[5]::253","PLACE","http://pleiades.stoa.org/places/432855","Fundi|Fundi, Fondi","-0330/0640","41.357429","13.427922","settlement","VERIFIED","","","",""
"2bd1f33d-a21f-455a-bbae-df57f2d1ea32","dorvm6vtatvrtt.tei.xml","tarracina","from=/TEI[1]/text[1]/body[1]/div[12]/p[5]::272;to=/TEI[1]/text[1]/body[1]/div[12]/p[5]::281","PLACE","http://pleiades.stoa.org/places/433143","Tarracina(e)/Anxur|Tarracinae/Tarracina/Anxur, Terracina","-0750/0640","41.2912168","13.2488651","sanctuary,settlement","VERIFIED","","","",""
"798ef2a3-2772-498e-a827-9393e3f5536f","dorvm6vtatvrtt.tei.xml","ad medias","from=/TEI[1]/text[1]/body[1]/div[12]/p[5]::301;to=/TEI[1]/text[1]/body[1]/div[12]/p[5]::310","PLACE","http://pleiades.stoa.org/places/432629","Ad Medias|Ad Medias, Mesa, Pontinia","-0030/0640","41.38556","13.1025","settlement-modern,station","VERIFIED","","","",""
"3d14b740-cd21-4e17-8ef6-1dce7bbc4cd3","dorvm6vtatvrtt.tei.xml","appi foro","from=/TEI[1]/text[1]/body[1]/div[12]/p[5]::327;to=/TEI[1]/text[1]/body[1]/div[12]/p[5]::336","PLACE","http://pleiades.stoa.org/places/422927","Forum Appii |Forum Appii, Borgo Faiti, Latina","-0330/0640","41.46801","12.99372","station","VERIFIED","","","",""
"72b70884-2423-4598-ac9d-26c299e4fb27","dorvm6vtatvrtt.tei.xml","sponsas","from=/TEI[1]/text[1]/body[1]/div[12]/p[5]::363;to=/TEI[1]/text[1]/body[1]/div[12]/p[5]::370","PLACE","http://pleiades.stoa.org/places/422816","Ad Sponsas|Ad Sponsas, [Ad Sponsas], Velletri","-0330/0640","41.64589","12.76541","station","VERIFIED","","","",""
"0740cf35-774d-4bd9-98b6-5b5a8bd1364b","dorvm6vtatvrtt.tei.xml","aricia et albona","from=/TEI[1]/text[1]/body[1]/div[12]/p[5]::389;to=/TEI[1]/text[1]/body[1]/div[12]/p[5]::405","PLACE","http://pleiades.stoa.org/places/422844","Aricia|Aricia, Ariccia","-0750/2100","41.7211083","12.6726413","settlement","VERIFIED","","","",""
"084485dd-7571-4b3f-b6ba-9ac08d595354","dorvm6vtatvrtt.tei.xml","urbe roma","from=/TEI[1]/text[1]/body[1]/div[12]/p[5]::447;to=/TEI[1]/text[1]/body[1]/div[12]/p[5]::456","PLACE","http://pleiades.stoa.org/places/423025","Roma|Roma, Roma|Rome","-0750/2100","41.89262","12.4843457","settlement,urban","VERIFIED","","","",""
"78be1fc2-0ef8-4951-befe-bc6b83adfe3f","dorvm6vtatvrtt.tei.xml","rubras","from=/TEI[1]/text[1]/body[1]/div[13]/p[2]::8;to=/TEI[1]/text[1]/body[1]/div[13]/p[2]::14","PLACE","http://pleiades.stoa.org/places/422941","Grottarossa|Saxa Rubra/Ad Rubras, Grottarossa, Roma","-0550/0300","41.9579144","12.4834245","villa,tomb,cemetery","VERIFIED","","","",""
"fc7a9bbe-a3f5-4be9-bf16-9aa892684bc1","dorvm6vtatvrtt.tei.xml","ad vicensimum","from=/TEI[1]/text[1]/body[1]/div[13]/p[2]::41;to=/TEI[1]/text[1]/body[1]/div[13]/p[2]::54","PLACE","http://pleiades.stoa.org/places/412998","Ad Vicesimum|Ad Vicesimum, Madonna della Guardia, Morlupo","-0330/0640","42.148382","12.476805","station","VERIFIED","","","",""
"0fee9d16-5f99-4a38-89dc-aa7e5a60b266","dorvm6vtatvrtt.tei.xml","aqua viua","from=/TEI[1]/text[1]/body[1]/div[13]/p[2]::72;to=/TEI[1]/text[1]/body[1]/div[13]/p[2]::81","PLACE","http://pleiades.stoa.org/places/413021","Aqua Viva|Aqua Viva, Monte dell'Osteriola, Civita Castellana","-0330/0640","42.272502","12.446371","station","VERIFIED","","","",""
"82df859f-c99c-4a31-b01d-ebc047f92c40","dorvm6vtatvrtt.tei.xml","vcriculo","from=/TEI[1]/text[1]/body[1]/div[13]/p[2]::100;to=/TEI[1]/text[1]/body[1]/div[13]/p[2]::108","PLACE","http://pleiades.stoa.org/places/413231","Ocriculum|Ocriculum, Otricoli","-0750/2100","42.413613","12.46628","amphitheatre,theatre,settlement","VERIFIED","","","",""
"f008c7b0-d317-433a-8f6c-ca40df6388db","dorvm6vtatvrtt.tei.xml","narniae","from=/TEI[1]/text[1]/body[1]/div[13]/p[2]::127;to=/TEI[1]/text[1]/body[1]/div[13]/p[2]::134","PLACE","http://pleiades.stoa.org/places/413225","Nequinum/Narnia|Nequinum/Narnia, Narni","-0550/2100","42.5176022","12.5156299","settlement","VERIFIED","","","",""
"6690febc-a010-4d48-b506-18713a1df288","dorvm6vtatvrtt.tei.xml","interamna","from=/TEI[1]/text[1]/body[1]/div[13]/p[2]::153;to=/TEI[1]/text[1]/body[1]/div[13]/p[2]::162","PLACE","http://pleiades.stoa.org/places/413178","Interamna Nahars|Interamna Lirenas|Interamna Lirenas/Interamna Sucasina, Pignataro Interamna|Interamnia Praetuttiorum|Interamnia Praetuttiorum, Teramo|Interamna Nahars, Terni|Teramo","-0750/2100","41.42855","13.75299","amphitheatre,settlement-modern,villa,theatre,settlement","VERIFIED","","","",""
"f29e233e-0d19-41b3-a6a1-1de57572abad","dorvm6vtatvrtt.tei.xml","tribus tabernis","from=/TEI[1]/text[1]/body[1]/div[13]/p[2]::183;to=/TEI[1]/text[1]/body[1]/div[13]/p[2]::198","PLACE","http://pleiades.stoa.org/places/413351","Tres Tabernae|Tres Tabernae, Trevi, Terni","0300/0640","42.58037","12.6807","unknown","VERIFIED","","","",""
"a3138d03-4896-4917-9a12-6b633e867d76","dorvm6vtatvrtt.tei.xml","fani fugitiui","from=/TEI[1]/text[1]/body[1]/div[13]/p[2]::217;to=/TEI[1]/text[1]/body[1]/div[13]/p[2]::230","PLACE","http://pleiades.stoa.org/places/413130","Fanum Fugitivi|Fanum Fugitivi, Somma, Spoleto","0300/0640","42.66518","12.72743","station","VERIFIED","","","",""
"c5f20a4b-8b91-489d-a1eb-fe083462ebce","dorvm6vtatvrtt.tei.xml","spolitio","from=/TEI[1]/text[1]/body[1]/div[13]/p[2]::247;to=/TEI[1]/text[1]/body[1]/div[13]/p[2]::255","PLACE","http://dare.ht.lu.se/places/42232","Casa Romana di Vespasia Polla, Spoleto","","42.7334906","12.73765","","VERIFIED","","","",""
"e2c42c3b-3098-416b-a531-f3f76089e310","dorvm6vtatvrtt.tei.xml","sacraria","from=/TEI[1]/text[1]/body[1]/div[13]/p[2]::274;to=/TEI[1]/text[1]/body[1]/div[13]/p[2]::282","PLACE","http://pleiades.stoa.org/places/413292","Sacraria|Sacraria, Le Vene, Campello sul Clitunno","0300/0640","42.833321","12.767364","station","VERIFIED","","","",""
"6e65eebb-4b28-4b96-9104-77459fe405c2","dorvm6vtatvrtt.tei.xml","treuis","from=/TEI[1]/text[1]/body[1]/div[13]/p[2]::302;to=/TEI[1]/text[1]/body[1]/div[13]/p[2]::308","PLACE","http://pleiades.stoa.org/places/413349","Trebiae|Trebiae, Trevi","-0330/0640","42.87776","12.7463","settlement","VERIFIED","","","",""
"1138da1a-bbd6-4497-aac8-a557e55c683f","dorvm6vtatvrtt.tei.xml","fulginis","from=/TEI[1]/text[1]/body[1]/div[13]/p[2]::328;to=/TEI[1]/text[1]/body[1]/div[13]/p[2]::336","PLACE","http://pleiades.stoa.org/places/413151","Fulginiae|Fulginiae, Foligno","-0330/0640","42.95394","12.71746","settlement","VERIFIED","","","",""
"026b70ac-990f-4e38-b683-864d8865e6f6","dorvm6vtatvrtt.tei.xml","foro flamini","from=/TEI[1]/text[1]/body[1]/div[13]/p[2]::359;to=/TEI[1]/text[1]/body[1]/div[13]/p[2]::371","PLACE","http://pleiades.stoa.org/places/413147","Forum Flaminii|Forum Flaminii, San Giovanni Profiamma, Foligno","-0330/0640","42.98439","12.73035","settlement","VERIFIED","","","",""
"549353be-9ced-4fb3-8a07-deaf408950c1","dorvm6vtatvrtt.tei.xml","noceria","from=/TEI[1]/text[1]/body[1]/div[13]/p[2]::390;to=/TEI[1]/text[1]/body[1]/div[13]/p[2]::397","PLACE","http://pleiades.stoa.org/places/413227","Nuceria|Nuceria, Nocera Umbra","-0330/0640","43.10984","12.79043","settlement","VERIFIED","","","",""
"a9f496c1-8e9f-4806-95f9-01e896c46fb6","dorvm6vtatvrtt.tei.xml","ptanias","from=/TEI[1]/text[1]/body[1]/div[13]/p[2]::416;to=/TEI[1]/text[1]/body[1]/div[13]/p[2]::423","PLACE","http://pleiades.stoa.org/places/413330","Tadinae|Tadinae, Sant'Antonio di Rasina, Gualdo Tadino","-0550/0640","43.211631","12.767267","settlement,station","VERIFIED","","","",""
"370f5db5-f5c6-4596-aca1-1ec599d5488d","dorvm6vtatvrtt.tei.xml","herbelloni","from=/TEI[1]/text[1]/body[1]/div[13]/p[2]::442;to=/TEI[1]/text[1]/body[1]/div[13]/p[2]::452","PLACE","http://pleiades.stoa.org/places/413167","Helvillum|Helvillum, Fossato di Vico","-0330/0640","43.29567","12.76205","settlement","VERIFIED","","","",""
"6f043327-7133-4ce3-a3b4-21df4edb3f61","dorvm6vtatvrtt.tei.xml","ad hesis","from=/TEI[1]/text[1]/body[1]/div[13]/p[2]::471;to=/TEI[1]/text[1]/body[1]/div[13]/p[2]::479","PLACE","http://pleiades.stoa.org/places/412989","Ad Aesim|Ad Aesim, Scheggia","0300/0640","43.40347","12.66926","station","VERIFIED","","","",""
"80db6ede-c8c5-4733-b039-1e1992b68d51","dorvm6vtatvrtt.tei.xml","ad cale","from=/TEI[1]/text[1]/body[1]/div[13]/p[2]::496;to=/TEI[1]/text[1]/body[1]/div[13]/p[2]::503","PLACE","http://pleiades.stoa.org/places/432739","Cales|Cales|Cales, Cagli|Cales, Calvi Risorta","-0550/0640","43.546796","12.648528","theatre,settlement","VERIFIED","","","",""
"7a58ce99-b6bc-408e-ac09-adc70529c81c","dorvm6vtatvrtt.tei.xml","intercisa","from=/TEI[1]/text[1]/body[1]/div[13]/p[2]::524;to=/TEI[1]/text[1]/body[1]/div[13]/p[2]::533","PLACE","http://pleiades.stoa.org/places/413180","Intercisa/Petra Pertusa|Intercisa/Petra Pertusa, Passo del Furlo, Fermignano","-0030/0640","43.65336","12.73112","station","VERIFIED","","","",""
"affcbb26-46eb-490f-9e60-2096e542f5e5","dorvm6vtatvrtt.tei.xml","foro semproni","from=/TEI[1]/text[1]/body[1]/div[13]/p[2]::560;to=/TEI[1]/text[1]/body[1]/div[13]/p[2]::573","PLACE","http://pleiades.stoa.org/places/413149","Forum Sempronii|Forum Sempronii, San Martino del Piano, Fossombrone","-0330/0640","43.6974","12.82912","settlement","VERIFIED","","","",""
"d0984332-59ce-4910-a473-589f9ef9d91f","dorvm6vtatvrtt.tei.xml","ad octauo","from=/TEI[1]/text[1]/body[1]/div[13]/p[2]::594;to=/TEI[1]/text[1]/body[1]/div[13]/p[2]::603","PLACE","http://pleiades.stoa.org/places/412995","Ad Octavum|Ad Octavum, Lucrezia, Cartoceto","0300/0640","43.77436","12.93664","station","VERIFIED","","","",""
"2ce41f0d-0458-48d5-9f73-0c30bcd72460","dorvm6vtatvrtt.tei.xml","ano furtunae","from=/TEI[1]/text[1]/body[1]/div[13]/p[2]::625;to=/TEI[1]/text[1]/body[1]/div[13]/p[2]::637","PLACE","http://pleiades.stoa.org/places/413129","Fanum Fortunae|Fanum Fortunae, Fano|Fano","-0330/0640","43.8443206","13.0180936","arch,settlement","VERIFIED","","","",""
"302c8ba0-0eec-454e-aee8-470bef9855dc","dorvm6vtatvrtt.tei.xml","pisauro","from=/TEI[1]/text[1]/body[1]/div[13]/p[2]::657;to=/TEI[1]/text[1]/body[1]/div[13]/p[2]::664","PLACE","http://pleiades.stoa.org/places/413256","Pisaurum|Pisaurum, Pesaro|Pesaro","-0550/0640","43.91099","12.91459","settlement","VERIFIED","","","",""
"b36b2f97-319f-44bb-a569-bd561bf106e8","dorvm6vtatvrtt.tei.xml","ariminum","from=/TEI[1]/text[1]/body[1]/div[13]/p[2]::688;to=/TEI[1]/text[1]/body[1]/div[13]/p[2]::696","PLACE","http://pleiades.stoa.org/places/393379","Ariminum|Ariminum, Rimini|Rimini","-0550/0640","44.05963","12.57028","settlement","VERIFIED","","","",""
"ac4eb607-939c-4bd8-a3d0-5a936082fd3d","dorvm6vtatvrtt.tei.xml","ariminum","from=/TEI[1]/text[1]/body[1]/div[13]/p[3]::25;to=/TEI[1]/text[1]/body[1]/div[13]/p[3]::33","PLACE","http://pleiades.stoa.org/places/393379","Ariminum|Ariminum, Rimini|Rimini","-0550/0640","44.05963","12.57028","settlement","VERIFIED","","","",""
"bc1afed8-b796-4b34-866c-a4f92dc89d75","dorvm6vtatvrtt.tei.xml","cesena","from=/TEI[1]/text[1]/body[1]/div[13]/p[3]::128;to=/TEI[1]/text[1]/body[1]/div[13]/p[3]::134","PLACE","http://pleiades.stoa.org/places/393397","Caesena|Caesena, Cesena|Cesena","-0030/0640","44.1390945","12.2429281","settlement","VERIFIED","","","",""
"b7b18777-8700-44c4-b3ae-56a56a866eb5","dorvm6vtatvrtt.tei.xml","foro populi","from=/TEI[1]/text[1]/body[1]/div[13]/p[3]::158;to=/TEI[1]/text[1]/body[1]/div[13]/p[3]::169","PLACE","http://pleiades.stoa.org/places/393427","Forum Popilii|Forum Popilii, Forlimpopoli|Forlimpopoli","-0030/0640","44.18736","12.12502","settlement-modern,settlement","VERIFIED","","","",""
"c27a81b2-9eff-4ed6-901b-c8197479c0a6","dorvm6vtatvrtt.tei.xml","foro liui","from=/TEI[1]/text[1]/body[1]/div[13]/p[3]::187;to=/TEI[1]/text[1]/body[1]/div[13]/p[3]::196","PLACE","http://pleiades.stoa.org/places/393426","Forum Livii|Forum Livii, Forli","-0030/2100","44.221229","12.0426869","settlement","VERIFIED","","","",""
"e554d41c-e3b3-4544-b5be-d671f3ddb181","dorvm6vtatvrtt.tei.xml","fauentia","from=/TEI[1]/text[1]/body[1]/div[13]/p[3]::214;to=/TEI[1]/text[1]/body[1]/div[13]/p[3]::222","PLACE","http://pleiades.stoa.org/places/393420","Faventia|Faventia, Faenza|Faenza","-0030/0640","44.28585","11.88446","settlement","VERIFIED","","","",""
"8e6c8261-cecc-4215-9131-04a05ef4370a","dorvm6vtatvrtt.tei.xml","foro corneli","from=/TEI[1]/text[1]/body[1]/div[13]/p[3]::239;to=/TEI[1]/text[1]/body[1]/div[13]/p[3]::251","PLACE","http://pleiades.stoa.org/places/393424","Forum Cornelii|Forum Cornelii, Imola|Imola","-0030/2100","44.35348","11.71105","settlement","VERIFIED","","","",""
"746eceec-76ce-4596-ad69-d2ca5418a0e6","dorvm6vtatvrtt.tei.xml","claterno","from=/TEI[1]/text[1]/body[1]/div[13]/p[3]::268;to=/TEI[1]/text[1]/body[1]/div[13]/p[3]::276","PLACE","http://pleiades.stoa.org/places/393405","Claterna|Claterna, Ozzano dell'Emilia","-0030/0640","44.43361","11.507","settlement","VERIFIED","","","",""
"6f36c6bc-4056-4b02-b9c1-9f1d2fe37e6c","dorvm6vtatvrtt.tei.xml","bononia","from=/TEI[1]/text[1]/body[1]/div[13]/p[3]::296;to=/TEI[1]/text[1]/body[1]/div[13]/p[3]::303","PLACE","http://pleiades.stoa.org/places/393421","Felsina/Bononia|Bononia/Felsina, Bologna|Bologna","-0750/2100","44.4946274","11.3418224","settlement","VERIFIED","","","",""
"94c9a2a0-9c03-40a6-bd42-8139dfe0d1f4","dorvm6vtatvrtt.tei.xml","ad medias","from=/TEI[1]/text[1]/body[1]/div[13]/p[3]::320;to=/TEI[1]/text[1]/body[1]/div[13]/p[3]::329","PLACE","http://pleiades.stoa.org/places/393363","Ad Medias|Ad Medias, Ponte Samoggia, Anzola dell'Emilia","-0030/0640","44.56313","11.14358","station","VERIFIED","","","",""
"2aa58a72-34bc-4ba9-b2db-b252661299de","dorvm6vtatvrtt.tei.xml","victoriolas","from=/TEI[1]/text[1]/body[1]/div[13]/p[3]::347;to=/TEI[1]/text[1]/body[1]/div[13]/p[3]::358","PLACE","http://pleiades.stoa.org/places/383820","Victoriolae|Victoriolae, Sant'Ambrogio, San Cesario sul Panaro","0300/0640","44.623851","10.999738","station","VERIFIED","","","",""
"08bb0275-7263-44d6-8a92-aefa20d52bf6","dorvm6vtatvrtt.tei.xml","mutena","from=/TEI[1]/text[1]/body[1]/div[13]/p[3]::375;to=/TEI[1]/text[1]/body[1]/div[13]/p[3]::381","PLACE","http://pleiades.stoa.org/places/383715","Mutina|Mutina, Modena|Modena","-0030/2100","44.6471","10.9252","settlement","VERIFIED","","","",""
"35acc60c-75fc-41a6-b914-d64cb2d86b16","dorvm6vtatvrtt.tei.xml","ponte secies","from=/TEI[1]/text[1]/body[1]/div[13]/p[3]::400;to=/TEI[1]/text[1]/body[1]/div[13]/p[3]::412","PLACE","http://pleiades.stoa.org/places/383748","Pons *Seciae|Pons *Seciae, Rubiera","-0030/0640","44.65373","10.781256","station","VERIFIED","","","",""
"2d06a7eb-7050-439d-95b6-3b3033c3bf50","dorvm6vtatvrtt.tei.xml","regio","from=/TEI[1]/text[1]/body[1]/div[13]/p[3]::429;to=/TEI[1]/text[1]/body[1]/div[13]/p[3]::434","PLACE","http://pleiades.stoa.org/places/383755","Regium Lepidum|Regium Lepidum, Reggio nell'Emilia","-0030/2100","44.69767","10.63077","amphitheatre,settlement","VERIFIED","","","",""
"77214e30-17d4-44bc-83a9-046893948d11","dorvm6vtatvrtt.tei.xml","canneto","from=/TEI[1]/text[1]/body[1]/div[13]/p[3]::454;to=/TEI[1]/text[1]/body[1]/div[13]/p[3]::461","PLACE","http://pleiades.stoa.org/places/383791","Tannetum|Tannetum, Taneto, Gattatico","-0030/0640","44.76318","10.45324","settlement","VERIFIED","","","",""
"c2dbadb6-f6a3-412f-9336-dad930c97b0b","dorvm6vtatvrtt.tei.xml","parme","from=/TEI[1]/text[1]/body[1]/div[13]/p[3]::478;to=/TEI[1]/text[1]/body[1]/div[13]/p[3]::483","PLACE","http://pleiades.stoa.org/places/383737","Parma|Parma, Parma|Parma","-0030/0640","44.801507","10.327967","settlement","VERIFIED","","","",""
"9e41b303-9a17-431c-a03c-72324cec5400","dorvm6vtatvrtt.tei.xml","fidentiae","from=/TEI[1]/text[1]/body[1]/div[13]/p[3]::529;to=/TEI[1]/text[1]/body[1]/div[13]/p[3]::538","PLACE","http://pleiades.stoa.org/places/383648","Fidentia|Fidentia, Fidenza","-0030/0640","44.86647","10.05779","settlement","VERIFIED","","","",""
"9bc211d2-059f-4ae1-bb4d-6e2d9a79765b","dorvm6vtatvrtt.tei.xml","ad fonteclos","from=/TEI[1]/text[1]/body[1]/div[13]/p[3]::558;to=/TEI[1]/text[1]/body[1]/div[13]/p[3]::570","PLACE","http://pleiades.stoa.org/places/383547","Ad Fonteclos|Ad Fonteclos, Fontana Fredda, Cadeo","-0030/0640","44.95509","9.8647","station","VERIFIED","","","",""
"8d7800c8-d6ac-488b-ba32-c8c4e6ffa5a1","dorvm6vtatvrtt.tei.xml","placentia","from=/TEI[1]/text[1]/body[1]/div[13]/p[3]::590;to=/TEI[1]/text[1]/body[1]/div[13]/p[3]::599","PLACE","http://pleiades.stoa.org/places/383741","Placentia|Placentia, Piacenza|Piacenza","-0030/0640","45.052752","9.696586","settlement","VERIFIED","","","",""
"7b28a885-d324-4fb9-831d-42bcbb9ccec0","dorvm6vtatvrtt.tei.xml","ad rota","from=/TEI[1]/text[1]/body[1]/div[13]/p[3]::625;to=/TEI[1]/text[1]/body[1]/div[13]/p[3]::632","PLACE","http://pleiades.stoa.org/places/383554","Ad Rota(s)|Ad Rotas/Ad Rota, Ospedaletto Lodigiano","-0030/0640","45.16549","9.5842","station","VERIFIED","","","",""
"c0a22e48-d1f3-431c-b8ee-9e28410a999a","dorvm6vtatvrtt.tei.xml","tribus tabernis","from=/TEI[1]/text[1]/body[1]/div[13]/p[3]::650;to=/TEI[1]/text[1]/body[1]/div[13]/p[3]::665","PLACE","http://pleiades.stoa.org/places/383803","Tres Tabernae|Tres Tabernae, Pieve Fissiraga","-0030/0640","45.26425","9.45876","station","VERIFIED","","","",""
"a2983648-7ec3-4491-9134-761fffbcf8c3","dorvm6vtatvrtt.tei.xml","laude","from=/TEI[1]/text[1]/body[1]/div[13]/p[3]::682;to=/TEI[1]/text[1]/body[1]/div[13]/p[3]::687","PLACE","http://pleiades.stoa.org/places/383691","Laus Pompeia|Laus Pompeia, Lodi Vecchio|Lodi Vecchio","-0330/0640","45.29821","9.4215","settlement","VERIFIED","","","",""
"1f98f552-d093-4327-a80a-b1d372824bbc","dorvm6vtatvrtt.tei.xml","ad nonum","from=/TEI[1]/text[1]/body[1]/div[13]/p[3]::707;to=/TEI[1]/text[1]/body[1]/div[13]/p[3]::715","PLACE","http://pleiades.stoa.org/places/383548","Ad IX|Ad IX, Melegnano","-0030/0640","45.3568623","9.322968","station","VERIFIED","","","",""
"675079a9-8cdf-433f-a239-9ae59164ea51","dorvm6vtatvrtt.tei.xml","mediolanum","from=/TEI[1]/text[1]/body[1]/div[13]/p[3]::734;to=/TEI[1]/text[1]/body[1]/div[13]/p[3]::744","PLACE","http://pleiades.stoa.org/places/383706","Mediolan(i)um|Mediolanium/Mediolanum, Milano|Milan","-0550/2100","45.4637","9.1881","urban,settlement","VERIFIED","","","",""
